<?xml version="1.0" encoding="utf-8"?>
<COLLADA xmlns="http://www.collada.org/2005/11/COLLADASchema" version="1.4.1" xmlns:xsi="http://www.w3.org/2001/XMLSchema-instance">
  <asset>
    <contributor>
      <author>Blender User</author>
      <authoring_tool>Blender 4.5.0 commit date:2025-07-14, commit time:17:45, hash:8cb6b388974a</authoring_tool>
    </contributor>
    <created>2026-07-09T13:25:10</created>
    <modified>2026-07-09T13:25:10</modified>
    <unit name="meter" meter="1"/>
    <up_axis>Z_UP</up_axis>
  </asset>
  <library_images/>
  <library_geometries>
    <geometry id="gripper-mesh" name="gripper">
      <mesh>
        <source id="gripper-mesh-positions">
          <float_array id="gripper-mesh-positions-array" count="20628">0.03647118 -0.02202236 0.02160948 0.006471157 -0.02202236 0.02160948 0.03647118 -0.02201139 0.02181851 0.006471157 -0.02201139 0.02181851 0.03647118 -0.02197861 0.02202528 0.006471157 -0.02197861 0.02202528 0.03647118 -0.02192443 0.02222752 0.006471157 -0.02192443 0.02222752 0.03647118 -0.02184945 0.02242296 0.006471157 -0.02184945 0.02242296 0.03647118 -0.02175438 0.02260947 0.006471157 -0.02175438 0.02260947 0.03647118 -0.02164036 0.02278506 0.006471157 -0.02164036 0.02278506 0.03647118 -0.02150863 0.02294772 0.006471157 -0.02150863 0.02294772 0.03647118 -0.02136063 0.02309578 0.006471157 -0.02136063 0.02309578 0.03647118 -0.02119791 0.02322751 0.006471157 -0.02119791 0.02322751 0.03647118 -0.02102237 0.02334153 0.006471157 -0.02102237 0.02334153 0.03647118 -0.02083581 0.02343654 0.006471157 -0.02083581 0.02343654 0.03647118 -0.02064037 0.02351158 0.006471157 -0.02064037 0.02351158 0.03647118 -0.02043819 0.02356576 0.006471157 -0.02043819 0.02356576 0.03647118 -0.02023142 0.02359849 0.006471157 -0.02023142 0.02359849 0.03647118 -0.02002233 0.02360945 0.006471157 -0.02002233 0.02360945 0.005729317 0.02634429 0.0235756 0.005763351 0.02639311 0.02356582 0.03647118 0.02639341 0.02356576 0.006387114 0.02740466 0.02301073 0.00642085 0.02748608 0.02292269 0.03647118 0.02746391 0.02294772 0.006471157 0.02797758 0.02160948 0.03647118 0.02797758 0.02160948 0.006471157 0.02796667 0.02181851 0.03647118 0.02796667 0.02181851 0.006471157 0.02793389 0.02202528 0.03647118 0.02793389 0.02202528 0.006471157 0.02787971 0.02222752 0.03647118 0.02787971 0.02222752 0.006471157 0.02780467 0.02242296 0.03647118 0.02780467 0.02242296 0.006471157 0.02770966 0.02260947 0.03647118 0.02770966 0.02260947 0.03647118 0.02759563 0.02278506 0.006449282 0.02757161 0.02281743 0.006449639 0.02757281 0.02281582 0.006466507 0.02765011 0.02270615 0.006279766 0.027193 0.02319782 0.03647118 0.02731585 0.02309578 0.006255388 0.02714973 0.02322995 0.03647118 0.02715319 0.02322751 0.006162762 0.02699434 0.02333176 0.006332635 0.02729153 0.0231173 0.006344854 0.02731567 0.02309596 0.00638467 0.02739912 0.02301633 0.006143748 0.02696371 0.02334946 0.03647118 0.02697759 0.02334153 0.006140232 0.02695804 0.02335268 0.03647118 0.02679109 0.02343654 0.006027162 0.02678185 0.02344065 0.03647118 0.02659565 0.02351158 0.005779802 0.02641677 0.02356064 0.005883991 0.02656817 0.02352029 0.005970597 0.02669644 0.02347582 0.03647118 0.02618664 0.02359849 0.03647118 0.02597761 0.02360945 0.005471169 0.02597761 0.02360945 0.005517959 0.02604377 0.02360838 0.005618631 0.02618646 0.02359855 0.005685627 0.02628183 0.02358621 0.00638473 0.02897763 0.02301621 0.006280183 0.02897763 0.02319723 0.005575716 0.02897763 0.02360397 0.005471169 0.02897763 0.02360945 0.00578016 0.02897763 0.02356052 0.005971193 0.02897763 0.02347552 0.006140291 0.02897763 0.02335262 0.006471157 0.02897763 0.02260947 0.006449341 0.02897763 0.02281737 0.007263243 -0.02302235 0.02958762 0.00724864 -0.02302235 0.0295844 0.007253527 -0.02323025 0.02956312 0.007064402 -0.02302235 0.02952301 0.007037281 -0.02302235 0.02951043 0.007046759 -0.02323025 0.02949076 0.006883382 -0.02302235 0.02941846 0.006847679 -0.02302235 0.02939128 0.006861329 -0.02323025 0.02937424 0.006727993 -0.02302235 0.02927863 0.00668931 -0.02302235 0.02923297 0.006706416 -0.02323025 0.02921932 0.006605148 -0.02302235 0.02910947 0.006570219 -0.02302235 0.02904337 0.006589889 -0.02323025 0.02903389 0.006520092 -0.02302235 0.0289185 0.00649625 -0.02302235 0.02883201 0.006517529 -0.02323025 0.02882713 0.007471144 -0.02402234 0.02860945 0.007369279 -0.02401685 0.02863276 0.007366657 -0.02401685 0.02860945 0.007263243 -0.02400052 0.02860945 0.007169902 -0.0239734 0.02867823 0.007162153 -0.0239734 0.02860945 0.007064402 -0.02393591 0.02860945 0.006983697 -0.02388834 0.02872073 0.00697118 -0.02388834 0.02860945 0.006883382 -0.02383136 0.02860945 0.00681883 -0.0237655 0.02875834 0.006802022 -0.0237655 0.02860945 0.006727993 -0.02369147 0.02860945 0.006682455 -0.02361011 0.02878952 0.00666213 -0.02361011 0.02860945 0.006605148 -0.02352237 0.02860945 0.006580531 -0.02342909 0.02881276 0.006557643 -0.02342909 0.02860945 0.006520092 -0.02333134 0.02860945 0.006493031 -0.02323025 0.02860945 0.00647664 -0.02302235 0.028714 0.006471157 -0.02302235 0.02860945 0.00647664 -0.0231269 0.02860945 0.006648063 -0.02342909 0.02900582 0.006742238 -0.02361011 0.02896046 0.006868302 -0.0237655 0.02889978 0.007020652 -0.02388834 0.02882641 0.00719273 -0.0239734 0.02874356 0.007376968 -0.02401685 0.02865481 0.006756901 -0.02342909 0.02917903 0.006838679 -0.02361011 0.02911388 0.006947994 -0.0237655 0.02902668 0.007080256 -0.02388834 0.02892124 0.007229566 -0.0239734 0.02880215 0.007389426 -0.02401685 0.02867466 0.006901562 -0.02342909 0.02932369 0.006966769 -0.02361011 0.02924197 0.007053971 -0.0237655 0.0291326 0.007159411 -0.02388834 0.0290004 0.007278501 -0.0239734 0.02885109 0.007405996 -0.02401685 0.02869117 0.007074773 -0.02342909 0.02943253 0.007120132 -0.02361011 0.02933835 0.007180869 -0.0237655 0.02921235 0.007254242 -0.02388834 0.02905994 0.007337093 -0.0239734 0.02888786 0.007425785 -0.02401685 0.02870362 0.007267892 -0.02342909 0.02950012 0.007291138 -0.02361011 0.0293982 0.007322251 -0.0237655 0.02926182 0.007359921 -0.02388834 0.02909696 0.00740242 -0.0239734 0.02891075 0.007447898 -0.02401685 0.02871137 0.007471144 -0.02302235 0.0296095 0.007471144 -0.02323025 0.02958762 0.007471144 -0.02342909 0.02952301 0.007471144 -0.02361011 0.02941846 0.007471144 -0.0237655 0.02927863 0.007471144 -0.02388834 0.02910947 0.007471144 -0.0239734 0.0289185 0.007471144 -0.02401685 0.028714 0.03547114 -0.02402234 0.02860945 0.03547114 -0.02401685 0.028714 0.03547114 -0.0239973 0.02883201 0.03547114 -0.0239734 0.0289185 0.03547114 -0.02392333 0.02904337 0.03547114 -0.02388834 0.02910947 0.03547114 -0.02380418 0.02923297 0.03547114 -0.0237655 0.02927863 0.03547114 -0.02364581 0.02939128 0.03547114 -0.02361011 0.02941846 0.03547114 -0.02345621 0.02951043 0.03547114 -0.02342909 0.02952301 0.03547114 -0.02324485 0.0295844 0.03547114 -0.02323025 0.02958762 0.03547114 -0.02302235 0.0296095 0.0356791 -0.02324002 0.02956312 0.0356791 -0.02344673 0.02949076 0.0356791 -0.02363222 0.02937424 0.0356791 -0.02378708 0.02921932 0.0356791 -0.0239036 0.02903389 0.0356791 -0.02397596 0.02882713 0.0356791 -0.02400052 0.02860945 0.03587788 -0.02391296 0.02881276 0.03587788 -0.02393591 0.02860945 0.03605896 -0.0238111 0.02878952 0.03605896 -0.02383136 0.02860945 0.03621429 -0.02367472 0.02875834 0.03621429 -0.02369147 0.02860945 0.03633719 -0.0235098 0.02872073 0.03633719 -0.02352237 0.02860945 0.03642225 -0.02332359 0.02867823 0.03642225 -0.02333134 0.02860945 0.0364657 -0.02312427 0.02863276 0.0364657 -0.0231269 0.02860945 0.03647118 -0.02302235 0.02860945 0.03587788 -0.02384543 0.02900582 0.03605896 -0.02375125 0.02896046 0.03621429 -0.02362519 0.02889978 0.03633719 -0.02347284 0.02882641 0.03642225 -0.02330076 0.02874356 0.0364657 -0.02311652 0.02865481 0.03587788 -0.02373659 0.02917903 0.03605896 -0.02365487 0.02911388 0.03621429 -0.0235455 0.02902668 0.03633719 -0.02341324 0.02892124 0.03642225 -0.02326393 0.02880215 0.0364657 -0.02310407 0.02867466 0.03587788 -0.02359193 0.02932369 0.03605896 -0.02352678 0.02924197 0.03621429 -0.02343952 0.0291326 0.03633719 -0.02333408 0.0290004 0.03642225 -0.02321499 0.02885109 0.0364657 -0.0230875 0.02869117 0.03587788 -0.02341872 0.02943253 0.03605896 -0.02337336 0.02933835 0.03621429 -0.02331268 0.02921235 0.03633719 -0.02323931 0.02905994 0.03642225 -0.0231564 0.02888786 0.0364657 -0.02306771 0.02870362 0.03587788 -0.0232256 0.02950012 0.03605896 -0.02320235 0.0293982 0.03621429 -0.02317124 0.02926182 0.03633719 -0.02313363 0.02909696 0.03642225 -0.02309113 0.02891075 0.0364657 -0.02304559 0.02871137 0.0356791 -0.02302235 0.02958762 0.03587788 -0.02302235 0.02952301 0.03605896 -0.02302235 0.02941846 0.03621429 -0.02302235 0.02927863 0.03633719 -0.02302235 0.02910947 0.03642225 -0.02302235 0.0289185 0.0364657 -0.02302235 0.028714 0.03647118 0.02897763 0.02860945 0.0364657 0.02897763 0.028714 0.03644609 0.02897763 0.02883201 0.03642225 0.02897763 0.0289185 0.03637212 0.02897763 0.02904337 0.03633719 0.02897763 0.02910947 0.03625297 0.02897763 0.02923297 0.03621429 0.02897763 0.02927863 0.03609466 0.02897763 0.02939128 0.03605896 0.02897763 0.02941846 0.03590506 0.02897763 0.02951043 0.03587788 0.02897763 0.02952301 0.0356937 0.02897763 0.0295844 0.0356791 0.02897763 0.02958762 0.03547114 0.02897763 0.0296095 -0.007528781 0.01917761 -0.01086002 -0.007528781 0.01917761 -0.01191645 4.71193e-4 0.01917761 -0.01086002 4.71193e-4 0.01917761 -0.01191645 -0.007528781 0.01917761 -0.00630474 -0.007528781 0.01917761 -0.007361173 4.71193e-4 0.01917761 -0.00630474 4.71193e-4 0.01917761 -0.007361173 0.03587788 -0.02393591 0.02092301 0.03612059 -0.02378273 0.02076989 0.03605896 -0.02383136 0.02081847 0.03597116 -0.02388834 0.02087551 0.03547114 -0.02402234 0.0210095 0.03557568 -0.02401685 0.02100402 0.0356791 -0.02400052 0.02098762 0.03578019 -0.0239734 0.0209605 0.03647118 -0.02302235 0.0210095 0.0364657 -0.0231269 0.02100402 0.03644931 -0.02323025 0.02098762 0.03642225 -0.02333134 0.0209605 0.0363847 -0.02342909 0.02092301 0.03633719 -0.02352237 0.02087551 0.03628015 -0.02361011 0.02081847 0.03621429 -0.02369147 0.0207526 0.03617829 -0.02372944 0.0207166 -0.02472877 0.02499997 0.02959996 -0.02512878 0.02539998 0.02999997 -0.02472877 0.02289998 0.02959996 -0.02512878 0.02273428 0.02999997 4.71193e-4 0.01917761 0.01647174 4.71193e-4 0.01604998 0.01761013 -0.007528781 0.01917761 0.01647174 -0.007528781 0.01604998 0.01761013 -0.007528781 0.01917761 0.01997065 4.71193e-4 0.01917761 0.01997065 -0.007528781 0.01917761 0.02102708 4.71193e-4 0.01917761 0.02073651 4.84351e-4 0.01917761 0.02102708 -0.007528781 0.01917761 0.007361114 -0.007528781 0.01917761 0.00630474 4.71193e-4 0.01917761 0.007361114 4.71193e-4 0.01917761 0.00630474 4.71193e-4 0.0175004 0.02163755 4.71193e-4 0.01604998 0.02216541 -0.007528781 0.01604998 0.02216541 4.74285e-4 0.01788973 0.02149581 4.71193e-4 0.01750123 0.0216372 4.85178e-4 0.01903206 0.02108001 4.84489e-4 0.01865959 0.02121561 4.80112e-4 0.01827734 0.02135473 4.71193e-4 0.01604998 0.02672076 4.71193e-4 0.01604998 0.02794289 -0.007528781 0.01604998 0.02672076 -0.007528781 0.01604998 0.02794289 -0.007528781 0.01917761 0.02558237 -0.007528781 0.01917761 0.02460944 4.71193e-4 0.01917761 0.02558237 0.003471195 0.01917761 0.02460944 4.71193e-4 0.01917761 0.02860945 0.003471195 0.01917761 0.02860945 0.003471195 0.01918101 0.02452719 -0.007528781 0.01918101 0.02452719 0.005471169 0.02908211 0.02361494 0.005471169 0.02909886 0.02361685 0.005575716 0.02909952 0.02361142 0.005471169 0.02928662 0.02365839 0.005471169 0.02933424 0.02367526 0.005575716 0.02933621 0.02367013 0.005471169 0.02978664 0.02402168 0.005471169 0.02980387 0.02404618 0.005575716 0.0298084 0.02404308 0.006471157 0.0292201 0.02262425 0.006471157 0.02945905 0.0226683 0.006449341 0.02919489 0.0228306 0.006471157 0.02969086 0.02274101 0.006449341 0.02940899 0.02287006 0.006471157 0.02991217 0.02284127 0.006449341 0.02961671 0.02293521 0.006311953 0.02997761 0.02354758 0.006280183 0.02991867 0.02355653 0.006279468 0.02997761 0.02361369 0.006401062 0.02997761 0.02331948 0.006441175 0.02997761 0.02316486 0.00638473 0.02988743 0.02330154 0.006381809 0.02997761 0.02337741 0.006280183 0.02978402 0.02345013 0.006212532 0.02997761 0.02373421 0.006140291 0.0299226 0.02378082 0.00613892 0.02997761 0.02385014 0.005971193 0.02983021 0.02386182 0.006066739 0.02997761 0.02395218 0.005971193 0.02991455 0.02397072 0.006042778 0.02997761 0.02398407 0.00596863 0.02997761 0.02407789 0.005779445 0.02997761 0.0242936 0.005832374 0.02997761 0.02423584 0.00578016 0.02996104 0.0242446 0.005959391 0.02997761 0.02408909 0.005574762 0.02997761 0.02450561 0.005584418 0.02997761 0.02449589 0.005575716 0.02997678 0.02449697 0.005706787 0.02997761 0.02437055 0.00547564 0.02997761 0.02460497 0.005471169 0.0299713 0.02449756 0.005471169 0.02997761 0.02460944 0.00578016 0.02990955 0.02412807 0.005575716 0.02987092 0.02414804 0.005575716 0.02992027 0.02425974 0.005575716 0.02995574 0.02437663 0.005471169 0.02995043 0.02437788 0.005471169 0.02995574 0.02440154 0.005761802 0.02997761 0.02431249 0.005471169 0.02991515 0.02426165 0.005471169 0.02989113 0.02420276 0.005471169 0.02986609 0.02415055 0.00578016 0.02984428 0.02401864 0.00578016 0.02976626 0.02391791 0.005575716 0.02973359 0.02394652 0.005471169 0.02972948 0.02395015 0.005575716 0.02964764 0.02385979 0.005471169 0.02964395 0.02386385 0.005471169 0.02964675 0.02386635 0.006140291 0.02981513 0.02367234 0.005971193 0.02973324 0.02376395 0.00578016 0.02967661 0.02382737 0.006140291 0.02969533 0.02357769 0.005971193 0.02962517 0.0236786 0.00578016 0.02957659 0.02374839 0.005575716 0.0295518 0.02378404 0.005471169 0.02954864 0.02378857 0.005575716 0.02944743 0.0237205 0.005471169 0.02944487 0.02372539 0.005471169 0.02947759 0.02374345 0.006471157 0.02997761 0.02287745 0.006464421 0.02997761 0.02301269 0.006449341 0.02981501 0.02302509 0.00638473 0.02972209 0.02320086 0.006280183 0.02963751 0.0233609 0.006140291 0.02956491 0.02349829 0.005971193 0.02950751 0.02360689 0.00578016 0.02946776 0.02368211 0.00638473 0.02954584 0.02312099 0.006280183 0.02948123 0.02329009 0.006140291 0.02942585 0.02343529 0.005971193 0.02938205 0.02355009 0.00578016 0.02935171 0.02362948 0.00638473 0.02936112 0.02306306 0.006280183 0.02931755 0.02323877 0.006140291 0.02928018 0.02338957 0.005971193 0.02925056 0.02350884 0.00578016 0.02923011 0.02359139 0.005575716 0.02921962 0.02363353 0.005471169 0.02921831 0.0236389 0.00638473 0.02917081 0.02302795 0.006280183 0.02914881 0.02320766 0.006140291 0.02912998 0.02336192 0.005971193 0.02911508 0.02348387 0.00578016 0.02910476 0.02356827 -0.01552879 0.02289998 0.02959996 -0.01512879 0.02273428 0.02999997 -0.01552879 0.02499997 0.02959996 -0.01512879 0.02539998 0.02999997 0.006727993 -0.02369147 0.0207526 0.006764054 -0.02372944 0.0207166 0.006821691 -0.02378273 0.02076989 0.00666213 -0.02361011 0.02081847 0.006605148 -0.02352237 0.02087551 0.006557643 -0.02342909 0.02092301 0.006520092 -0.02333134 0.0209605 0.006493031 -0.02323025 0.02098762 0.00647664 -0.0231269 0.02100402 0.006471157 -0.02302235 0.0210095 0.006883382 -0.02383136 0.02081847 0.00697118 -0.02388834 0.02087551 0.007064402 -0.02393591 0.02092301 0.007162153 -0.0239734 0.0209605 0.007263243 -0.02400052 0.02098762 0.007366657 -0.02401685 0.02100402 0.007471144 -0.02402234 0.0210095 -0.01512879 0.02539998 -0.02999997 -0.01552879 0.02499997 -0.02959996 -0.02512878 0.02539998 -0.02999997 -0.02472877 0.02499997 -0.02959996 -0.007528781 0.01917761 -0.01997065 -0.007528781 0.01917761 -0.02102708 4.71193e-4 0.01917761 -0.01997065 4.71193e-4 0.01917761 -0.02102708 4.71193e-4 0.01604998 0.02338761 -0.007528781 0.01604998 0.02338761 0.03568881 0.02918553 0.02956312 0.03589558 0.02918553 0.02949076 0.03608101 0.02918553 0.02937424 0.03623592 0.02918553 0.02921932 0.03635245 0.02918553 0.02903389 0.03642481 0.02918553 0.02882713 0.03547114 0.02997761 0.02860945 0.03547114 0.02997213 0.028714 0.03549444 0.02997213 0.02871137 0.03557306 0.02997213 0.02863276 0.03557568 0.02997213 0.02860945 0.0356791 0.02995574 0.02860945 0.03577244 0.02992868 0.02867823 0.03578019 0.02992868 0.02860945 0.03553992 0.02992868 0.02891075 0.03587788 0.02989113 0.02860945 0.03595864 0.02984362 0.02872073 0.03597116 0.02984362 0.02860945 0.03547114 0.02995574 0.02881741 0.03547114 0.02992868 0.0289185 0.03558242 0.02984362 0.02909696 0.03605896 0.02978664 0.02860945 0.03612351 0.02972072 0.02875834 0.03614032 0.02972072 0.02860945 0.03547114 0.02989113 0.02901619 0.03547114 0.02984362 0.02910947 0.03562003 0.02972072 0.02926182 0.03547114 0.02978664 0.02919727 0.03621429 0.02964675 0.02860945 0.03625988 0.02956539 0.02878952 0.03628015 0.02956539 0.02860945 0.03547114 0.02972072 0.02927863 0.03547114 0.02964675 0.0293526 0.0356512 0.02956539 0.0293982 0.03633719 0.02947759 0.02860945 0.03636181 0.02938431 0.02881276 0.0363847 0.02938431 0.02860945 0.03547114 0.02956539 0.02941846 0.03547114 0.02947759 0.02947551 0.03567445 0.02938431 0.02950012 0.03642225 0.02928662 0.02860945 0.03644931 0.02918553 0.02860945 0.03547114 0.02938431 0.02952301 0.03547114 0.02928662 0.0295605 0.0364657 0.02908211 0.02860945 0.03629422 0.02938431 0.02900582 0.03620004 0.02956539 0.02896046 0.03607404 0.02972072 0.02889978 0.03592163 0.02984362 0.02882641 0.03574955 0.02992868 0.02874356 0.03556531 0.02997213 0.02865481 0.03618538 0.02938431 0.02917903 0.03610366 0.02956539 0.02911388 0.03599429 0.02972072 0.02902668 0.03586208 0.02984362 0.02892124 0.03571277 0.02992868 0.02880215 0.03555291 0.02997213 0.02867466 0.03604078 0.02938431 0.02932369 0.03597557 0.02956539 0.02924197 0.03588837 0.02972072 0.0291326 0.03578293 0.02984362 0.0290004 0.03566384 0.02992868 0.02885109 0.03553634 0.02997213 0.02869117 0.03586751 0.02938431 0.02943253 0.03582221 0.02956539 0.02933835 0.03576147 0.02972072 0.02921235 0.0356881 0.02984362 0.02905994 0.03560525 0.02992868 0.02888786 0.0355165 0.02997213 0.02870362 0.03547114 0.02908211 0.02960401 0.03547114 0.02918553 0.02958762 4.71193e-4 0.01604998 -0.01883226 4.71193e-4 0.01604998 -0.01761013 -0.007528781 0.01604998 -0.01883226 -0.007528781 0.01604998 -0.01761013 -0.01637023 0.01809871 0.02979993 -0.01608741 0.01809871 0.02959996 -0.01637023 0.01838153 0.02999997 -0.01252877 0.02165728 0.02959996 -0.01252877 0.02222299 0.02999997 -0.01252877 0.02222299 -0.02999997 -0.01252877 0.02599996 -0.02999997 -0.01252877 0.02579206 -0.02997815 -0.01252877 0.02525681 0.0296691 -0.01252877 0.02541214 0.02980899 -0.01252877 0.0251339 0.02949994 -0.01252877 0.02559322 0.02991348 -0.01252877 0.02579206 0.02997809 -0.01252877 0.02599996 0.02999997 -0.01252877 0.02559322 -0.02991354 -0.01252877 0.02541214 -0.02980899 -0.01252877 0.02525681 -0.0296691 -0.01252877 0.0251339 -0.0295 -0.01252877 0.02504891 -0.02930897 -0.01252877 0.02165728 -0.02959996 -0.01252877 0.02500545 0.02910447 -0.01252877 0.02504891 0.02930897 -0.01252877 0.02500545 -0.02910453 -0.01252877 0.02499997 -0.02899998 -0.01252877 0.02499997 0.02899998 -0.01021522 0.02498352 -0.02899998 -0.0105288 0.02499997 -0.02899998 -0.0105288 0.02500545 -0.02910453 -0.00990504 0.02493441 -0.02899998 -0.01020544 0.02498245 -0.02899998 -0.01020485 0.02498793 -0.02910453 -0.009601712 0.02485311 -0.02899998 -0.009885847 0.02493023 -0.02899998 -0.009884715 0.0249356 -0.02910453 -0.009308576 0.02474057 -0.02899998 -0.009573757 0.02484387 -0.02899998 -0.009572029 0.02484905 -0.02910453 -0.009028792 0.024598 -0.02899998 -0.009272813 0.02472442 -0.02899998 -0.009270548 0.02472937 -0.02910453 -0.008765399 0.02442699 -0.02899998 -0.008986473 0.02457314 -0.02899998 -0.008983671 0.02457785 -0.02910453 -0.007528781 0.02199047 -0.02900546 -0.007528781 0.02199995 -0.02899998 -0.007533967 0.02217662 -0.02899998 -0.009442985 0.02578675 -0.02999812 -0.009351611 0.02569168 -0.0299921 -0.00932163 0.02559477 -0.02997815 -0.009096086 0.02540689 -0.02995264 -0.009007751 0.02530121 -0.02993094 -0.009024441 0.02526319 -0.02991354 -0.007361054 0.02149832 -0.0296095 -0.007433354 0.02150976 -0.0295 -0.007398605 0.02184623 -0.0295 -0.007433533 0.02115982 -0.0296095 -0.007528781 0.02086579 -0.0296095 -0.007504224 0.02117902 -0.0295 -0.007528781 0.02110451 -0.0294944 -0.007528781 0.02118086 -0.0294556 -0.00732541 0.02184265 -0.0296095 -0.007400274 0.02218455 -0.0295 -0.007327139 0.02218884 -0.0296095 -0.007438361 0.02252066 -0.0295 -0.00736612 0.02253282 -0.0296095 -0.007512509 0.02285069 -0.0295 -0.007441997 0.0228706 -0.0296095 -0.007621765 0.02317082 -0.0295 -0.007553815 0.02319818 -0.0296095 -0.007764875 0.02347737 -0.0295 -0.007700264 0.02351188 -0.0296095 -0.007940232 0.02376663 -0.0295 -0.007879734 0.02380794 -0.0296095 -0.008145689 0.02403533 -0.0295 -0.008090019 0.02408289 -0.0296095 -0.008378982 0.0242803 -0.0295 -0.008328735 0.02433365 -0.0296095 -0.008563101 0.02459675 -0.0296691 -0.008425831 0.02448594 -0.02966833 -0.008637249 0.02449876 -0.0295 -0.008353054 0.02436518 -0.0296179 -0.00834155 0.02434569 -0.0296095 -0.008589029 0.0247392 -0.02976542 -0.008528053 0.02464723 -0.02973163 -0.008526861 0.02464538 -0.02973091 -0.008849799 0.02510201 -0.02988117 -0.0087502 0.02496886 -0.02984219 -0.008774578 0.02492672 -0.02980899 -0.008674085 0.0248627 -0.02980816 -0.008854448 0.02479344 -0.0296691 -0.009671568 0.02590703 -0.02999997 -0.009528756 0.02587294 -0.02999997 -0.009716093 0.02570396 -0.02997815 -0.009522259 0.0258665 -0.02999997 -0.007528543 0.02217698 -0.02910453 -0.007528781 0.02185112 -0.02908581 -0.007526934 0.02185255 -0.02910453 -0.007528781 0.02182435 -0.02910119 -0.007528781 0.02147001 -0.02930122 -0.007528781 0.02152043 -0.02927333 -0.007517337 0.02152305 -0.02930897 -0.007483482 0.0218504 -0.02930897 -0.007545232 0.02231353 -0.02899998 -0.007565081 0.02249932 -0.02910453 -0.007570505 0.02249836 -0.02899998 -0.007594347 0.02262371 -0.02899998 -0.007636129 0.02281582 -0.02910453 -0.007641434 0.02281433 -0.02899998 -0.007675588 0.02292698 -0.02899998 -0.007740914 0.02312284 -0.02910453 -0.00774604 0.02312082 -0.02899998 -0.007788121 0.02322018 -0.02899998 -0.007878184 0.02341675 -0.02910453 -0.007883012 0.02341419 -0.02899998 -0.007930696 0.02349996 -0.02899998 -0.008046329 0.02369421 -0.02910453 -0.008050858 0.02369111 -0.02899998 -0.008101701 0.02376329 -0.02899998 -0.008243441 0.02395188 -0.02910453 -0.008247613 0.02394831 -0.02899998 -0.00829935 0.02400732 -0.02899998 -0.008467137 0.02418684 -0.02910453 -0.008718132 0.02439194 -0.02899998 -0.008714854 0.0243963 -0.02910453 -0.008521378 0.0242294 -0.02899998 -0.008470892 0.02418285 -0.02899998 -0.007485151 0.02217954 -0.02930897 -0.007522225 0.02250653 -0.02930897 -0.007594347 0.02282762 -0.02930897 -0.007700622 0.02313905 -0.02930897 -0.007839858 0.02343726 -0.02930897 -0.008010447 0.02371871 -0.02930897 -0.008210361 0.02398014 -0.02930897 -0.008437275 0.02421844 -0.02930897 -0.008688569 0.02443099 -0.02930897 -0.008961319 0.0246151 -0.02930897 -0.008917629 0.02468806 -0.0295 -0.009252309 0.02476882 -0.02930897 -0.009216725 0.02484607 -0.0295 -0.009165287 0.02495765 -0.0296691 -0.009100258 0.02509874 -0.02980899 -0.008909821 0.02517938 -0.0299018 -0.0095582 0.0248903 -0.02930897 -0.00953114 0.02497088 -0.0295 -0.009492039 0.02508735 -0.0296691 -0.009442567 0.02523463 -0.02980899 -0.00938493 0.0254063 -0.02991354 -0.009319067 0.02565699 -0.02998894 -0.009875357 0.02497804 -0.02930897 -0.009857177 0.02506113 -0.0295 -0.009830832 0.02518111 -0.0296691 -0.009797513 0.02533286 -0.02980899 -0.00975871 0.02550971 -0.02991354 -0.01020014 0.02503114 -0.02930897 -0.01019102 0.02511566 -0.0295 -0.01017773 0.02523785 -0.0296691 -0.01016098 0.02539229 -0.02980899 -0.01014149 0.02557229 -0.02991354 -0.01012009 0.02576994 -0.02997815 -0.01009768 0.02597665 -0.02999997 -0.0105288 0.02504891 -0.02930897 -0.0105288 0.0251339 -0.0295 -0.0105288 0.02525681 -0.0296691 -0.0105288 0.02541214 -0.02980899 -0.0105288 0.02559322 -0.02991354 -0.0105288 0.02579206 -0.02997815 -0.0105288 0.02599996 -0.02999997 -0.02204883 0.01993715 -0.02979999 -0.02233171 0.01993715 -0.02999997 -0.02204883 0.02022004 -0.02959996 -0.02512878 0.02273428 -0.02999997 -0.02472877 0.02289998 -0.02959996 4.71193e-4 0.01604998 0.01883226 -0.007528781 0.01604998 0.01883226 -0.02772879 0.02999997 0.02999997 -0.02772879 0.02999997 -0.02999997 -0.02772879 0.02222299 -0.02999997 -0.02772879 0.02165728 -0.02959996 -0.02772879 0.02165728 0.02959996 -0.02772879 0.02222299 0.02999997 4.71193e-4 0.01604998 0.01305484 4.71193e-4 0.01604998 0.01427698 -0.007528781 0.01604998 0.01305484 -0.007528781 0.01604998 0.01427698 -0.02204883 0.01965433 -0.02959996 -0.02204883 0.01965433 0.02959996 -0.02360451 0.01809871 -0.02959996 -0.02360451 0.01809871 0.02959996 -0.01608741 0.01809871 -0.02959996 4.71193e-4 0.01917761 0.01191645 -0.007528781 0.01917761 0.01191645 -0.009601712 0.02485311 0.02899998 -0.009573757 0.02484387 0.02899998 -0.009566843 0.02486461 0.02920788 -0.009308576 0.02474057 0.02899998 -0.009272813 0.02472442 0.02899998 -0.009263694 0.02474421 0.02920788 -0.009028792 0.024598 0.02899998 -0.008986473 0.02457314 0.02899998 -0.008975267 0.02459192 0.02920788 -0.008765399 0.02442699 0.02899998 -0.008718132 0.02439194 0.02899998 -0.00870496 0.02440935 0.02920788 -0.008521378 0.0242294 0.02899998 -0.008470892 0.02418285 0.02899998 -0.008455872 0.02419877 0.02920788 -0.00829935 0.02400732 0.02899998 -0.008247613 0.02394831 0.02899998 -0.008230984 0.02396249 0.02920788 -0.008101701 0.02376329 0.02899998 -0.008050858 0.02369111 0.02899998 -0.008032858 0.02370345 0.02920788 -0.007930696 0.02349996 0.02899998 -0.007883012 0.02341419 0.02899998 -0.007864058 0.02342432 0.02920645 -0.007788121 0.02322018 0.02899998 -0.00774604 0.02312082 0.02899998 -0.007726073 0.0231288 0.02920621 -0.007675588 0.02292698 0.02899998 -0.007641434 0.02281433 0.02899998 -0.007620751 0.02282017 0.02920615 -0.007594347 0.02262371 0.02899998 -0.007570505 0.02249836 0.02899998 -0.007549285 0.02250194 0.02920615 -0.0105288 0.02525681 0.0296691 -0.0105288 0.02519094 0.02958774 -0.01018488 0.02517235 0.02958774 -0.0105288 0.02541214 0.02980899 -0.0105288 0.02533084 0.02974313 -0.0101698 0.02531141 0.02974313 -0.0105288 0.02559322 0.02991348 -0.0105288 0.02549993 0.02986598 -0.01015156 0.02547955 0.02986598 -0.009414613 0.0253179 0.02986598 -0.009353816 0.02549892 0.02995103 -0.009737789 0.0256052 0.02995103 -0.0105288 0.02579206 0.02997809 -0.0105288 0.02569091 0.02995103 -0.01013094 0.02566945 0.02995103 -0.007343351 0.02218788 0.02958774 -0.007327139 0.02218884 0.0296095 -0.00736612 0.02253282 0.0296095 -0.007457613 0.02286618 0.02958774 -0.007441997 0.0228706 0.0296095 -0.007553815 0.02319818 0.0296095 -0.007568895 0.02319216 0.02958774 -0.007700264 0.02351188 0.0296095 -0.007714629 0.02350419 0.02958774 -0.007879734 0.02380794 0.0296095 -0.007893145 0.02379876 0.02958774 -0.008090019 0.02408289 0.0296095 -0.008102357 0.02407234 0.02958774 -0.008328735 0.02433365 0.0296095 -0.008795619 0.02503037 0.02986073 -0.008808553 0.02504765 0.0298658 -0.009063482 0.02517849 0.02986598 -0.009181857 0.02550578 0.02996963 -0.009306371 0.02564334 0.02998757 -0.009522259 0.0258665 0.02999997 -0.009528756 0.02587294 0.02999997 -0.009671568 0.02590703 0.02999997 -0.00969398 0.02580493 0.02999448 -0.009442985 0.02578675 0.02999812 -0.00937891 0.02572041 0.02999436 -0.009318172 0.02565604 0.02998882 -0.01010894 0.0258727 0.02999448 -0.008908987 0.02517831 0.0299015 -0.00900793 0.02530145 0.02993094 -0.009088754 0.02539819 0.02995097 -0.008714079 0.02491897 0.02982652 -0.008750081 0.02496868 0.02984213 -0.008816421 0.02485692 0.02974313 -0.009134292 0.02502489 0.02974313 -0.008888304 0.02473694 0.02958774 -0.009096086 0.02540689 0.02995258 -0.00834155 0.02434569 0.0296095 -0.008353114 0.0243653 0.0296179 -0.008602857 0.02454423 0.02958774 -0.008513271 0.02462446 0.02972298 -0.008526682 0.02464514 0.02973079 -0.008547306 0.02467662 0.02974259 -0.00732541 0.02184265 0.0296095 -0.007341623 0.02184349 0.02958774 -0.00744605 0.02184861 0.02940672 -0.007528781 0.02128905 0.02939903 -0.007528781 0.02118086 0.02945554 -0.007449209 0.02116405 0.02958774 -0.007528781 0.02091556 0.02958637 -0.007433533 0.02115982 0.0296095 -0.007528781 0.02086579 0.0296095 -0.007528781 0.0216481 0.02920168 -0.007528781 0.02152043 0.02927333 -0.007480323 0.02151721 0.02940672 -0.007377088 0.02150088 0.02958774 -0.007361054 0.02149832 0.0296095 -0.007545232 0.02231353 0.02899998 -0.007533967 0.02217662 0.02899998 -0.007512569 0.02217787 0.02920615 -0.007528781 0.02199995 0.02899998 -0.007528781 0.02199047 0.02900546 -0.01009768 0.02597665 0.02999997 -0.0105288 0.02599996 0.02999997 -0.0105288 0.02589541 0.02999448 -0.007510542 0.02185177 0.02920788 -0.007528781 0.02185112 0.02908575 -0.007979452 0.02373987 0.02940672 -0.008181869 0.02400445 0.02940672 -0.008339881 0.02432179 0.02958774 -0.007447659 0.02218174 0.02940672 -0.007382154 0.02253013 0.02958774 -0.01019614 0.0250684 0.02940672 -0.01020306 0.0250042 0.02920788 -0.009881198 0.02495157 0.02920788 -0.0105288 0.0251339 0.02949994 -0.0105288 0.0250864 0.02940672 -0.0105288 0.02504891 0.02930897 -0.00748521 0.02251273 0.02940672 -0.007558226 0.02283781 0.02940672 -0.007665812 0.02315306 0.02940672 -0.007806777 0.02345496 0.02940672 -0.008411586 0.02424573 0.02940672 -0.008665978 0.02446085 0.02940672 -0.009778738 0.02541863 0.02986598 -0.009468436 0.02515757 0.02974313 -0.009192883 0.02489781 0.02958774 -0.008942067 0.02464729 0.02940672 -0.009814977 0.02525341 0.02974313 -0.00951296 0.02502495 0.02958774 -0.009236633 0.02480292 0.02940672 -0.009844958 0.0251168 0.02958774 -0.009546279 0.02492582 0.02940672 -0.00986731 0.02501469 0.02940672 -0.009885847 0.02493023 0.02899998 -0.0105288 0.02502179 0.02920788 -0.0105288 0.02500545 0.02910447 -0.0105288 0.02499997 0.02899998 -0.01021522 0.02498352 0.02899998 -0.01020544 0.02498245 0.02899998 -0.00990504 0.02493441 0.02899998 -0.02204883 0.02022004 0.02959996 -0.02233171 0.01993715 0.02999997 -0.02204883 0.01993715 0.02979993 0.02191263 0.02201193 0.02360945 0.02319747 0.01907944 0.02360945 0.01233637 -0.0137273 0.02360945 0.01491522 -0.01183009 0.02360945 0.01974487 -0.01312422 0.02360945 0.03060597 0.01968252 0.02360945 0.03543561 0.01838845 0.02360945 0.02585929 -0.01735073 0.02360945 0.02102965 -0.01605665 0.02360945 0.02802705 0.01778537 0.02360945 0.007506728 -0.01243317 0.02360945 0.006471157 0.01630461 0.02360945 0.01708304 0.02330601 0.02360945 0.006454348 0.01663303 0.02360945 0.006453573 0.01664066 0.02360945 0.006193816 0.0176264 0.02360945 0.00618577 0.01764488 0.02360945 0.006404697 0.01695722 0.02360945 0.006401002 0.01697516 0.02360945 0.006374061 0.01709288 0.02360945 0.006314098 0.01730453 0.02360945 0.006314098 0.01730459 0.02360945 0.006041526 0.01793771 0.02360945 0.006021618 0.01797342 0.02360945 0.005859017 0.0182361 0.02360945 0.005819916 0.01829284 0.02360945 0.005648195 0.01851999 0.02360945 0.005568325 0.01861548 0.02360945 0.005411684 0.01878786 0.02360945 0.00540626 0.01879358 0.02360945 0.005254387 0.01894462 0.02360945 0.005152761 0.01903873 0.02360945 0.00513041 0.01905876 0.02360945 0.004875421 0.01927226 0.02360945 0.004872322 0.01927471 0.02360945 0.004834592 0.01930421 0.02360945 0.004730224 0.01938343 0.02360945 0.004645287 0.01944553 0.02360945 0.004578351 0.01949322 0.02360945 0.004436314 0.01959073 0.02360945 0.004270613 0.01969939 0.02360945 0.004226088 0.0197277 0.02360945 0.004118323 0.01979517 0.02360945 0.004026234 0.01985162 0.02360945 0.003955841 0.01989406 0.02360945 0.003837347 0.01996463 0.02360945 0.003800988 0.01998603 0.02360945 0.00363332 0.02008384 0.02360945 0.003471195 0.02897763 0.02360945 0.003471195 0.0201776 0.02360945 0.003480672 0.02017211 0.02360945 -0.01552879 0.02289998 -0.02959996 4.71193e-4 0.01604998 -0.005166351 -0.007528781 0.01604998 -0.005166351 0.003471195 0.0201776 0.0296095 -0.007528781 0.0201776 0.0296095 -0.007528781 0.02007305 0.02960401 0.003471195 0.01918309 0.028714 4.71193e-4 0.01919943 0.02881741 0.003471195 0.01919943 0.02881741 0.003471195 0.01922655 0.0289185 4.71193e-4 0.01926404 0.02901619 -0.007528781 0.01936858 0.02919727 -0.007528781 0.01932728 0.02913576 4.71193e-4 0.01932728 0.02913576 -0.007528781 0.01986861 0.0295605 0.003471195 0.0199697 0.02958762 0.003471195 0.02007305 0.02960401 -0.007528781 0.01967757 0.02947551 0.003471195 0.01977086 0.02952301 0.003471195 0.01986861 0.0295605 -0.007528781 0.01950848 0.0293526 0.003471195 0.01958984 0.02941846 0.003471195 0.01967757 0.02947551 0.003471195 0.01926404 0.02901619 0.003471195 0.0193116 0.02910947 0.003471195 0.01936858 0.02919727 0.003471195 0.01943445 0.02927863 0.003471195 0.01950848 0.0293526 0.01662987 -0.01084017 0.02060949 0.01613998 -0.011123 0.0210095 0.02418738 0.01736479 0.02060949 0.02390456 0.01785475 0.0210095 -0.02388733 0.01809871 0.02979993 -0.02417016 0.01809871 0.02959996 -0.02417016 0.01809871 -0.02959996 -0.02388733 0.01809871 -0.02979999 4.71193e-4 0.01604998 6.11059e-4 4.71193e-4 0.01917761 0.001749396 -0.007528781 0.01604998 6.11059e-4 -0.007528781 0.01917761 0.001749396 -0.007528781 0.01917761 -0.024526 -0.007528781 0.01917761 -0.02558237 4.71193e-4 0.01917761 -0.024526 4.71193e-4 0.01917761 -0.02558237 4.71193e-4 0.01604998 0.003944218 4.71193e-4 0.01604998 0.005166351 -0.007528781 0.01604998 0.003944218 -0.007528781 0.01604998 0.005166351 -0.009528756 0.02999997 -0.02999997 -0.02388733 0.01838153 -0.02999997 -0.01512879 0.02273428 -0.02999997 -0.01792585 0.01993715 -0.02999997 -0.01637023 0.01838153 -0.02999997 0.01903778 -0.01189947 0.0210095 0.01875489 -0.01140958 0.02060949 4.71193e-4 0.01694154 0.02225834 4.71193e-4 0.01720499 0.02193295 4.71193e-4 0.0167135 0.02260947 4.71193e-4 0.01652342 0.02298253 4.71193e-4 0.01637339 0.02337342 4.71193e-4 0.01633685 0.02349203 -0.01637023 0.01809871 -0.02979999 -0.01665306 0.01809871 -0.02959996 -0.01665306 0.01809871 0.02959996 4.71193e-4 0.01917761 0.002805829 -0.007528781 0.01917761 0.002805829 -0.02388733 0.01838153 0.02999997 -0.009528756 0.02999997 0.02999997 -0.01792585 0.01993715 0.02999997 0.02680236 0.01707828 0.0210095 0.02631247 0.01679539 0.02060949 4.71193e-4 0.01604998 -0.009721696 4.71193e-4 0.01604998 -0.008499503 -0.007528781 0.01604998 -0.009721696 -0.007528781 0.01604998 -0.008499503 4.71193e-4 0.01917761 -0.001749396 4.71193e-4 0.01917761 -0.002805829 4.71193e-4 0.02997761 -0.0296095 4.71193e-4 0.01604998 -6.11078e-4 4.71193e-4 0.01917761 0.01541531 4.71193e-4 0.01917761 0.01086002 4.71193e-4 0.01604998 0.008499503 4.71193e-4 0.01604998 0.009721636 4.71193e-4 0.02897763 0.02060949 4.71193e-4 0.0201776 0.02060949 4.71193e-4 0.01975947 0.02063137 4.71193e-4 0.01934593 0.02069687 4.71193e-4 0.01604998 -0.003944218 4.71193e-4 0.02997761 0.02073651 4.71193e-4 0.02981418 0.02069795 4.71193e-4 0.0293982 0.02063167 4.71193e-4 0.01604998 -0.01305484 4.71193e-4 0.01604998 -0.01427698 4.71193e-4 0.01917761 -0.01541537 4.71193e-4 0.01917761 -0.0164718 4.71193e-4 0.01604998 -0.02216547 4.71193e-4 0.01604998 -0.02338761 4.71193e-4 0.01604998 -0.02672076 4.71193e-4 0.01604998 -0.02794289 4.71193e-4 0.01932728 -0.02913576 4.71193e-4 0.01978206 -0.02952796 4.71193e-4 0.01997566 -0.02958887 4.71193e-4 0.0201776 -0.0296095 4.71193e-4 0.01945108 -0.02929663 4.71193e-4 0.0196048 -0.02942919 -0.007528781 0.02999997 0.02799993 -0.009319722 0.02999997 0.029989 -0.009112954 0.02999997 0.02995628 -0.008910775 0.02999997 0.0299021 -0.008715331 0.02999997 0.02982705 -0.008528769 0.02999997 0.02973198 -0.007572472 0.02999997 0.02841579 -0.007539749 0.02999997 0.02820903 -0.008353233 0.02999997 0.02961802 -0.008190512 0.02999997 0.02948623 -0.007626652 0.02999997 0.02861797 -0.007701694 0.02999997 0.02881342 -0.007528781 0.02999997 -0.02799999 -0.007539749 0.02999997 -0.02820903 -0.007572472 0.02999997 -0.02841579 -0.008190512 0.02999997 -0.02948629 -0.008353233 0.02999997 -0.02961802 -0.008528769 0.02999997 -0.02973204 -0.008042514 0.02999997 0.02933824 -0.007910728 0.02999997 0.02917551 -0.007796704 0.02999997 0.02899998 -0.007626652 0.02999997 -0.02861803 -0.007701694 0.02999997 -0.02881348 -0.007796704 0.02999997 -0.02899998 -0.007910728 0.02999997 -0.02917557 -0.008042514 0.02999997 -0.02933824 -0.008715331 0.02999997 -0.02982705 -0.008910775 0.02999997 -0.0299021 -0.009319722 0.02999997 -0.029989 -0.009112954 0.02999997 -0.02995628 0.006471157 0.02797758 0.0210095 0.03647118 0.02797758 0.0210095 -0.007528781 0.02997761 0.02799993 -0.007528781 0.02997761 -0.02799999 0.006471157 -0.02202236 0.0210095 0.006471157 0.01617759 0.02860945 0.006471157 0.01617759 0.02460944 0.006471157 0.01619952 0.02419137 0.006471157 0.01626503 0.02377784 -0.007528781 0.01604998 -0.003944218 0.00647664 0.01617759 0.028714 0.006520092 0.01617759 0.0289185 0.006605148 0.01617759 0.02910947 0.006727993 0.01617759 0.02927863 0.006883382 0.01617759 0.02941846 0.007064402 0.01617759 0.02952301 0.007263243 0.01617759 0.02958762 0.007471144 0.01617759 0.0296095 0.006454706 0.01649117 0.02860945 0.006453573 0.01650196 0.02460944 0.006405591 0.01680135 0.02860945 0.006405591 0.01680135 0.02460944 0.006401002 0.01682251 0.02460944 0.00632435 0.01710468 0.02860945 0.00632435 0.01710468 0.02460944 0.006314098 0.0171355 0.02460944 0.006211817 0.01739782 0.02860945 0.006211817 0.01739782 0.02460944 0.006193876 0.01743727 0.02460944 0.006069242 0.0176776 0.02860945 0.006069242 0.0176776 0.02460944 0.006041765 0.01772427 0.02460944 0.005898237 0.01794093 0.02860945 0.005898237 0.01794093 0.02460944 0.005859434 0.01799315 0.02460944 0.005700588 0.01818501 0.02860945 0.005700588 0.01818501 0.02460944 0.005649149 0.01824069 0.02460944 0.00547856 0.01840704 0.02860945 0.00547856 0.01840704 0.02460944 0.005413353 0.01846408 0.02460944 0.005234539 0.01860463 0.02860945 0.005234539 0.01860463 0.02460944 0.005154728 0.01866066 0.02460944 0.004971146 0.0187757 0.02860945 0.004971146 0.0187757 0.02460944 0.004876375 0.01882815 0.02460944 0.004691362 0.01891821 0.02860945 0.004691362 0.01891821 0.02460944 0.00458157 0.01896452 0.02460944 0.004398226 0.01903074 0.02860945 0.004398226 0.01903074 0.02460944 0.004273772 0.01906824 0.02460944 0.004094898 0.01911205 0.02860945 0.004094898 0.01911205 0.02460944 0.003956496 0.01913809 0.02460944 0.003784775 0.01916116 0.02860945 0.003784775 0.01916116 0.02460944 0.003633558 0.0191732 0.02460944 0.003785312 0.01916664 0.028714 0.004096031 0.01911741 0.028714 0.004399895 0.01903599 0.028714 0.004693627 0.01892322 0.028714 0.004973888 0.01878041 0.028714 0.005237758 0.0186091 0.028714 0.005482196 0.01841109 0.028714 0.0057047 0.01818865 0.028714 0.005902647 0.01794415 0.028714 0.006074011 0.01768034 0.028714 0.006216824 0.01740002 0.028714 0.006329536 0.01710635 0.028714 0.006410956 0.01680248 0.028714 0.006460189 0.01649177 0.028714 0.003789842 0.01920986 0.0289185 0.004105091 0.01915991 0.0289185 0.004413366 0.0190773 0.0289185 0.00471127 0.01896297 0.0289185 0.004995644 0.01881808 0.0289185 0.005263268 0.01864427 0.0289185 0.005511283 0.0184434 0.0289185 0.005736947 0.01821774 0.0289185 0.005937814 0.01796972 0.0289185 0.006111621 0.0177021 0.0289185 0.00625652 0.01741772 0.0289185 0.006370902 0.01711976 0.0289185 0.006453454 0.01681149 0.0289185 0.006503403 0.0164963 0.0289185 0.003798782 0.01929444 0.02910947 0.004122734 0.01924312 0.02910947 0.004439592 0.01915818 0.02910947 0.004745841 0.01904064 0.02910947 0.005038142 0.01889169 0.02910947 0.005313277 0.01871305 0.02910947 0.005568206 0.01850658 0.02910947 0.005800187 0.01827466 0.02910947 0.006006598 0.01801973 0.02910947 0.006185293 0.0177446 0.02910947 0.006334185 0.01745229 0.02910947 0.006451725 0.01714605 0.02910947 0.006536662 0.01682919 0.02910947 0.006587982 0.01650518 0.02910947 0.003811597 0.01941663 0.02927863 0.004148304 0.01936328 0.02927863 0.00447756 0.01927506 0.02927863 0.004795849 0.01915287 0.02927863 0.005099594 0.01899814 0.02927863 0.005385518 0.01881247 0.02927863 0.005650401 0.0185979 0.02927863 0.005891501 0.01835685 0.02927863 0.006106019 0.01809191 0.02927863 0.006291687 0.01780605 0.02927863 0.00644648 0.0175023 0.02927863 0.00656861 0.01718401 0.02927863 0.006656825 0.01685476 0.02927863 0.006710171 0.01651805 0.02927863 0.00382781 0.01957112 0.02941846 0.00418061 0.01951527 0.02941846 0.004525601 0.01942282 0.02941846 0.00485903 0.01929479 0.02941846 0.005177259 0.01913267 0.02941846 0.005476832 0.01893812 0.02941846 0.005754411 0.01871335 0.02941846 0.006006956 0.01846081 0.02941846 0.006231725 0.01818323 0.02941846 0.006426215 0.01788371 0.02941846 0.006588399 0.01756548 0.02941846 0.00671637 0.01723206 0.02941846 0.006808817 0.01688706 0.02941846 0.006864666 0.01653426 0.02941846 0.003846764 0.01975119 0.02952301 0.00421822 0.01969236 0.02952301 0.00458157 0.01959502 0.02952301 0.004932701 0.0194602 0.02952301 0.005267798 0.01928943 0.02952301 0.005583226 0.01908463 0.02952301 0.005875527 0.01884794 0.02952301 0.006141483 0.01858198 0.02952301 0.006378173 0.01828968 0.02952301 0.006583034 0.01797425 0.02952301 0.006753802 0.0176391 0.02952301 0.006888568 0.01728796 0.02952301 0.006985902 0.01692467 0.02952301 0.007044732 0.01655322 0.02952301 0.003867566 0.01994889 0.02958762 0.004259586 0.01988685 0.02958762 0.004642963 0.01978409 0.02958762 0.005013525 0.01964187 0.02958762 0.005367219 0.01946163 0.02958762 0.005700111 0.01924544 0.02958762 0.006008565 0.0189957 0.02958762 0.006289243 0.01871502 0.02958762 0.006539046 0.01840651 0.02958762 0.006755232 0.01807367 0.02958762 0.006935417 0.01771998 0.02958762 0.007077634 0.01734942 0.02958762 0.007180392 0.01696604 0.02958762 0.0072425 0.01657396 0.02958762 0.003889262 0.02015566 0.0296095 0.004302799 0.02009022 0.0296095 0.004707217 0.01998186 0.0296095 0.005098104 0.01983177 0.0296095 0.005471169 0.01964169 0.0296095 0.0058223 0.01941365 0.0296095 0.006147682 0.01915019 0.0296095 0.006443738 0.01885414 0.0296095 0.006707251 0.01852875 0.0296095 0.006935238 0.01817762 0.0296095 0.007125318 0.01780456 0.0296095 0.007275402 0.01741367 0.0296095 0.007383763 0.01700925 0.0296095 0.007449269 0.01659572 0.0296095 -0.01820874 0.01993715 0.02979993 -0.01820874 0.02022004 0.02959996 -0.007528781 0.01604998 -0.02338761 -0.007528781 0.01604998 -0.02216547 4.87629e-4 0.02897763 0.02092307 4.8878e-4 0.0201776 0.0209338 5.36751e-4 0.02897763 0.0212332 5.36751e-4 0.0201776 0.0212332 5.41333e-4 0.0201776 0.02125436 6.18026e-4 0.02897763 0.02153652 6.18026e-4 0.0201776 0.02153652 6.28233e-4 0.0201776 0.0215674 7.30559e-4 0.02897763 0.02182966 7.30559e-4 0.0201776 0.02182966 7.48467e-4 0.0201776 0.02186912 8.73119e-4 0.02897763 0.02210944 8.73119e-4 0.0201776 0.02210944 9.00623e-4 0.0201776 0.02215611 0.001044094 0.02897763 0.02237284 0.001044094 0.0201776 0.02237284 0.001082897 0.0201776 0.02242499 0.001241743 0.02897763 0.02261686 0.001241743 0.0201776 0.02261686 0.001293182 0.0201776 0.02267259 0.00146377 0.02897763 0.02283889 0.00146377 0.0201776 0.02283889 0.001528978 0.0201776 0.02289599 0.001707792 0.02897763 0.02303653 0.001707792 0.0201776 0.02303653 0.001787602 0.0201776 0.02309256 0.001971185 0.02897763 0.02320754 0.001971185 0.0201776 0.02320754 0.002065956 0.0201776 0.02325999 0.002250969 0.02897763 0.02335011 0.002250969 0.0201776 0.02335011 0.002360761 0.0201776 0.02339643 0.002544105 0.02897763 0.02346265 0.002544105 0.0201776 0.02346265 0.002668559 0.0201776 0.02350014 0.002847433 0.02897763 0.02354389 0.002847433 0.0201776 0.02354389 0.002985835 0.0201776 0.02356994 0.003157556 0.02897763 0.02359306 0.003157556 0.0201776 0.02359306 0.003308773 0.0201776 0.02360504 -0.01820874 0.02022004 -0.02959996 -0.01820874 0.01993715 -0.02979999 0.003157556 0.02986103 0.0241068 0.003157556 0.02980327 0.02401667 0.002847433 0.02984321 0.02398806 0.003471195 0.02908277 0.023615 0.003471195 0.02918672 0.02363157 0.003157556 0.0290845 0.02359867 0.003471195 0.02989113 0.02420276 0.003471195 0.02984672 0.0241149 6.28252e-4 0.02997761 0.0217365 6.18026e-4 0.02993267 0.02168869 5.43833e-4 0.02997761 0.02141869 0.001516759 0.02997761 0.02320516 0.001551091 0.02997761 0.02324098 0.001707792 0.02990692 0.0233404 0.003157556 0.0299735 0.02440625 0.003157615 0.02997761 0.02442747 0.003304064 0.02997761 0.02451282 0.003157556 0.02990901 0.02420246 0.002929747 0.02997761 0.02429175 0.003157556 0.02994662 0.02430266 0.003119707 0.02997761 0.02440518 0.003141343 0.02997761 0.02441787 0.002250969 0.02991771 0.02377152 0.002077639 0.02997761 0.02371257 0.002212107 0.02997761 0.02381533 0.002250969 0.02982437 0.02367728 0.001971185 0.02992022 0.02357178 0.001832008 0.02997761 0.02350836 0.001835584 0.02997761 0.02351158 0.001973092 0.02997761 0.02362853 0.001709401 0.02997761 0.02339679 0.001971185 0.02980589 0.02347838 0.001707792 0.02976834 0.02324974 0.001464545 0.02997761 0.02314919 0.00146377 0.0298677 0.02307891 0.001245737 0.02997761 0.02289104 0.001244783 0.02997761 0.02288985 0.001241743 0.02979266 0.0227912 0.001241743 0.02997761 0.02288597 0.00146377 0.02970182 0.0229938 9.04217e-4 0.02997761 0.0223757 9.27709e-4 0.02997761 0.0224176 0.001044094 0.02989244 0.02256846 0.00104475 0.02997761 0.02260982 0.001122415 0.02997761 0.02272468 8.73119e-4 0.02975463 0.0222333 8.73528e-4 0.02997761 0.02231895 0.001044094 0.0296728 0.02248358 7.30559e-4 0.0298416 0.02196735 6.44434e-4 0.02997761 0.02178603 7.3082e-4 0.02997761 0.0220164 7.69071e-4 0.02997761 0.02210503 5.36751e-4 0.0296837 0.02130788 5.36792e-4 0.02997761 0.02138489 6.18026e-4 0.02962028 0.02160447 4.91995e-4 0.02997761 0.02110189 4.87629e-4 0.02974855 0.02100455 4.87648e-4 0.02997761 0.02106148 4.71573e-4 0.02997761 0.02078574 0.003471195 0.02989393 0.02420908 0.003471195 0.02993094 0.02430766 0.003471195 0.02995574 0.02440154 0.003471195 0.02995741 0.02440953 0.003471195 0.02997303 0.02451372 0.003461658 0.02997761 0.02460402 0.003471195 0.02997761 0.02460944 0.003471195 0.02978992 0.02402627 0.003471195 0.02978664 0.02402168 0.003157556 0.02966105 0.02385711 0.003471195 0.02964997 0.02386927 0.003471195 0.02964675 0.02386635 0.003157556 0.02948856 0.02373081 0.003471195 0.02948033 0.023745 0.003471195 0.02947759 0.02374345 0.003157556 0.02929353 0.02364337 0.003471195 0.02928841 0.02365899 0.003471195 0.02928662 0.02365839 0.002847433 0.0299037 0.02408248 0.002847433 0.02995401 0.02418279 0.002847611 0.02997761 0.02424162 0.002544105 0.02983373 0.02384638 0.002847433 0.02977305 0.02390044 0.003157556 0.02973639 0.02393317 0.003471195 0.02972412 0.02394407 0.002308249 0.02997761 0.02388548 0.002518594 0.02997761 0.02403104 0.002544105 0.02990919 0.02394062 0.002548336 0.02997761 0.02405083 0.002730131 0.02997761 0.02416837 0.002824008 0.02997761 0.02422702 0.002252042 0.02997761 0.02384471 0.002544105 0.02974873 0.02376061 0.002847433 0.02969408 0.02382075 0.002250969 0.02972167 0.02359342 0.002544105 0.02965521 0.0236842 0.002847433 0.02960717 0.02374976 0.003157556 0.02957814 0.0237894 0.003471195 0.02956843 0.02380269 0.001971185 0.02968239 0.02339756 0.002250969 0.02961069 0.02352082 0.002544105 0.02955412 0.0236181 0.002847433 0.02951329 0.02368837 0.001707792 0.029621 0.0231741 0.001971185 0.02955102 0.02333021 0.002250969 0.02949273 0.02346026 0.002544105 0.02944672 0.02356296 0.002847433 0.02941346 0.02363711 0.003157556 0.02939337 0.02368193 0.003471195 0.02938663 0.02369695 0.001241743 0.02959692 0.02271556 0.00146377 0.0295279 0.02292662 0.001707792 0.0294665 0.02311444 0.001971185 0.02941334 0.02327698 0.002250969 0.02936905 0.02341246 0.002544105 0.02933406 0.02351945 0.002847433 0.02930879 0.0235967 7.30559e-4 0.02955895 0.02189117 8.73119e-4 0.02950048 0.02216476 0.001044094 0.02944535 0.02242231 0.001241743 0.02939432 0.02266091 0.00146377 0.02934789 0.02287805 0.001707792 0.02930659 0.02307128 0.001971185 0.02927082 0.02323853 0.002250969 0.02924096 0.02337795 0.002544105 0.02921748 0.02348798 0.002847433 0.02920043 0.02356749 0.003157556 0.02919018 0.02361553 0.002847433 0.02908962 0.02354985 0.002544105 0.02909821 0.02346903 0.002250969 0.02911001 0.02335709 0.001971185 0.02912503 0.02321535 0.001707792 0.02914303 0.02304524 0.00146377 0.02916377 0.02284872 0.001241743 0.02918714 0.02262789 0.001044094 0.02921277 0.02238523 8.73119e-4 0.02924048 0.02212333 7.30559e-4 0.02926993 0.0218451 6.18026e-4 0.02930074 0.02155357 5.36751e-4 0.02933263 0.02125191 4.87629e-4 0.02936524 0.02094352 -0.007528781 0.01932728 -0.02913576 -0.007528781 0.01604998 -0.02794289 -0.007528781 0.01604998 0.008499503 -0.007528781 0.01604998 0.009721636 -0.007528781 0.0201776 -0.0296095 -0.00834155 0.02997761 -0.0296095 0.03421086 0.01768136 0.0210095 0.03372097 0.01739847 0.02060949 0.03131312 0.01845782 0.0210095 0.03159594 0.01796787 0.02060949 -0.007528781 0.01917761 0.01541531 -0.01820874 0.01965433 -0.02959996 -0.01820874 0.01965433 0.02959996 0.03547114 0.02997761 0.0210095 0.006471157 0.02997761 0.0210095 -0.008190512 0.02997761 -0.02948629 -0.008042514 0.02997761 -0.02933824 -0.007910728 0.02997761 -0.02917557 -0.007796704 0.02997761 -0.02899998 -0.007701694 0.02997761 -0.02881348 -0.007626652 0.02997761 -0.02861803 -0.007572472 0.02997761 -0.02841579 -0.007539749 0.02997761 0.02820903 -0.007572472 0.02997761 0.02841579 -0.00762391 0.02997761 0.02860945 -0.007539749 0.02997761 -0.02820903 0.03607118 0.02957761 0.02060949 0.03607118 0.02837759 0.02060949 0.006871163 0.02957761 0.02060949 0.006871163 0.02837759 0.02060949 -0.007528781 0.01917761 0.01086002 -0.00834155 0.02897763 0.0296095 0.0222544 -0.01534956 0.0210095 0.02274429 -0.01506674 0.02060949 0.0251522 -0.01612603 0.0210095 0.02486938 -0.01563608 0.02060949 -0.007528781 0.01604998 -0.02672076 0.01164472 -0.01252931 0.02281737 0.008704721 -0.01174151 0.02281737 0.008724749 -0.01172995 0.02271401 0.008731484 -0.01172608 0.02260947 0.01162922 -0.01250255 0.02260947 0.01163309 -0.01250922 0.02271401 0.01169037 -0.0126084 0.02301621 0.008625566 -0.01178723 0.02301621 0.008671522 -0.01176071 0.02291852 0.01166385 -0.01256251 0.02291852 0.01198279 -0.01311492 0.02347552 0.008119106 -0.01207965 0.02347552 0.008226633 -0.01201754 0.02341848 0.008567392 -0.01182085 0.02310949 0.01172399 -0.01266664 0.02310949 0.008497536 -0.01186114 0.02319723 0.01176428 -0.01273643 0.02319723 0.008416891 -0.01190769 0.02327859 0.01181083 -0.01281714 0.02327859 0.008326232 -0.01196002 0.02335262 0.01186317 -0.0129078 0.02335262 0.01192075 -0.0130074 0.02341848 0.008004844 -0.01214557 0.02352303 0.01204872 -0.01322913 0.02352303 0.007885158 -0.01221466 0.02356052 0.01211786 -0.01334881 0.02356052 0.007761359 -0.01228618 0.02358764 0.01218932 -0.01347267 0.02358764 0.01226246 -0.01359927 0.02360397 0.007634758 -0.01235926 0.02360397 0.002985775 0.01914256 0.02451318 0.003121972 0.01916116 0.02451997 4.86344e-4 0.01662051 0.02359521 4.8878e-4 0.01664239 0.0236032 5.30742e-4 0.0168972 0.02369594 6.03508e-4 0.01716715 0.02379423 6.28237e-4 0.01723957 0.02382057 6.41745e-4 0.01727658 0.02383404 7.5661e-4 0.01754081 0.02393019 8.96826e-4 0.01778942 0.02402073 9.00626e-4 0.01779544 0.02402287 0.002065956 0.01884382 0.02440446 0.002154171 0.01888686 0.02442014 0.003308713 0.01917672 0.02452564 0.00340569 0.01918029 0.02452695 0.001061618 0.01802295 0.02410566 0.001132547 0.01810991 0.02413731 0.001293182 0.01828432 0.02420085 0.002360761 0.01897478 0.02445214 0.002423882 0.0189982 0.02446067 0.002668559 0.01907485 0.02448856 0.001334428 0.01832485 0.02421557 0.001554667 0.01851695 0.02428549 0.001787602 0.01868367 0.02434617 0.002700686 0.01908332 0.0244916 0.002838611 0.01911544 0.02450335 0.00179255 0.01868689 0.02434736 0.001892089 0.01874834 0.02436971 0.01765507 0.0223152 0.02319723 0.02092182 0.02143985 0.02319723 0.02085196 0.02139955 0.02310949 0.02068793 0.02130478 0.02260947 0.01779013 0.02208125 0.02260947 0.02069461 0.02130866 0.02271401 0.01778626 0.02208799 0.02271401 0.0207147 0.02132028 0.02281737 0.0177747 0.02210801 0.02281737 0.02074784 0.02133941 0.02291852 0.0177555 0.02214121 0.02291852 0.02079379 0.02136594 0.02301621 0.01772898 0.02218717 0.02301621 0.01769536 0.02224534 0.02310949 0.01755619 0.0224865 0.02335262 0.02109313 0.02153879 0.02335262 0.02100247 0.02148646 0.02327859 0.01760852 0.02239584 0.02327859 0.02119278 0.02159631 0.02341848 0.01749867 0.0225861 0.02341848 0.02130025 0.02165836 0.02347552 0.01743656 0.02269363 0.02347552 0.02141451 0.02172428 0.02352303 0.01737064 0.02280783 0.02352303 0.0215342 0.02179342 0.02356052 0.01730155 0.02292752 0.02356052 0.021658 0.02186489 0.02358764 0.01723003 0.02305138 0.02358764 0.01715695 0.02317798 0.02360397 0.0217846 0.02193802 0.02360397 -0.007528781 0.01917761 -0.002805829 -0.007528781 0.01917761 -0.001749396 -0.007528781 0.01917761 -0.0164718 -0.007528781 0.01917761 -0.01541537 -0.007528781 0.01604998 -0.01427698 -0.007528781 0.01604998 -0.01305484 -0.007528781 0.01604998 -6.11078e-4 -0.007528781 0.01997566 -0.02958887 -0.007528781 0.01978206 -0.02952796 -0.007528781 0.0196048 -0.02942919 -0.007528781 0.01945108 -0.02929663 0.03647118 0.02897763 0.0210095 0.03647118 -0.02202236 0.0210095 -0.007661938 0.02997177 0.02871751 -0.007701694 0.02995657 0.02881342 -0.007796704 0.02989822 0.02899998 -0.007748126 0.02993118 0.02891057 -0.007703483 0.02995574 0.02881741 -0.007910728 0.02980196 0.02917551 -0.007857501 0.02984988 0.02909851 -0.007806301 0.02989107 0.02901631 -0.007926821 0.02978658 0.02919733 -0.007984399 0.02972775 0.0292707 -0.008178651 0.02947759 0.02947551 -0.008118331 0.0295661 0.02941793 -0.008055508 0.02964681 0.02935254 -0.008042514 0.02966237 0.02933824 -0.008334159 0.02908211 0.02960401 -0.008312106 0.02918702 0.02958732 -0.008277952 0.02928662 0.0295605 -0.008237242 0.02937525 0.029527 -0.008190512 0.02945852 0.02948623 0.008731484 -0.01172608 0.0210095 0.009221374 -0.01144325 0.02060949 0.01162922 -0.01250255 0.0210095 0.01134639 -0.01201266 0.02060949 0.006871163 -0.02242237 0.02060949 0.03607118 -0.02242237 0.02060949 0.006871163 -0.02362233 0.02060949 0.03607118 -0.02362233 0.02060949 0.02068793 0.02130478 0.0210095 0.01779013 0.02208125 0.0210095 0.01807296 0.02159136 0.02060949 0.02019798 0.02102196 0.02060949 0.02680236 0.01707828 0.02260947 0.02390456 0.01785475 0.02260947 0.01903778 -0.01189947 0.02260947 0.01613998 -0.011123 0.02260947 0.03421086 0.01768136 0.02260947 0.03131312 0.01845782 0.02260947 0.0251522 -0.01612603 0.02260947 0.0222544 -0.01534956 0.02260947 0.03612059 0.029738 0.02076989 0.03617829 0.02968472 0.0207166 0.03605896 0.02978664 0.02081847 0.03578019 0.02992868 0.0209605 0.03587788 0.02989113 0.02092301 0.03597116 0.02984362 0.02087551 0.03557568 0.02997213 0.02100402 0.0356791 0.02995574 0.02098762 0.03621429 0.02964675 0.0207526 0.03628015 0.02956539 0.02081847 0.03633719 0.02947759 0.02087551 0.0363847 0.02938431 0.02092301 0.03642225 0.02928662 0.0209605 0.03644931 0.02918553 0.02098762 0.0364657 0.02908211 0.02100402 0.02388912 0.01788151 0.02281737 0.02682912 0.01709371 0.02281737 0.02680903 0.01708215 0.02271401 0.02390068 0.01786142 0.02271401 0.02376949 0.01808863 0.02319723 0.02703624 0.01721328 0.02319723 0.02696645 0.01717299 0.02310949 0.02686226 0.01711285 0.02291852 0.02386993 0.01791465 0.02291852 0.02690821 0.01713937 0.02301621 0.0238434 0.0179606 0.02301621 0.02380985 0.01801878 0.02310949 0.02355098 0.01846706 0.02347552 0.02741473 0.01743179 0.02347552 0.02730721 0.01736974 0.02341848 0.02711689 0.01725989 0.02327859 0.02372294 0.01816928 0.02327859 0.02720755 0.01731222 0.02335262 0.02367061 0.01825994 0.02335262 0.02361309 0.0183596 0.02341848 0.02752894 0.01749777 0.02352303 0.02348506 0.01858133 0.02352303 0.02764862 0.01756685 0.02356052 0.02341598 0.01870101 0.02356052 0.02777242 0.01763838 0.02358764 0.02334445 0.01882481 0.02358764 0.02327138 0.01895147 0.02360397 0.02789908 0.01771146 0.02360397 0.01952636 -0.01274573 0.02356052 0.01932924 -0.01240432 0.02341848 0.01927173 -0.01230472 0.02335262 0.01917278 -0.01213335 0.02319723 0.01909887 -0.01200532 0.02301621 0.01905322 -0.01192623 0.02281737 0.01904165 -0.01190614 0.02271401 0.01907235 -0.01195943 0.02291852 0.01913249 -0.01206356 0.02310949 0.01921939 -0.01221406 0.02327859 0.01939129 -0.01251184 0.02347552 0.01945728 -0.01262605 0.02352303 0.01967096 -0.01299619 0.02360397 0.01959788 -0.01286959 0.02358764 0.0161333 -0.01112687 0.02271401 0.01611322 -0.01113843 0.02281737 0.01603412 -0.01118415 0.02301621 0.01590609 -0.01125806 0.02319723 0.01573473 -0.01135694 0.02335262 0.0155276 -0.01147657 0.02347552 0.01516985 -0.0116831 0.02358764 0.01504325 -0.01175618 0.02360397 0.01529371 -0.01161158 0.02356052 0.0154134 -0.01154249 0.02352303 0.01563513 -0.01141446 0.02341848 0.01582539 -0.01130461 0.02327859 0.01597589 -0.01121771 0.02310949 0.01608002 -0.01115763 0.02291852 0.03421759 0.01768523 0.02271401 0.03130924 0.0184645 0.02271401 0.03129762 0.01848459 0.02281737 0.03423762 0.01769679 0.02281737 0.03427082 0.01771593 0.02291852 0.03127849 0.01851773 0.02291852 0.03125196 0.01856368 0.02301621 0.03431677 0.01774245 0.02301621 0.03437495 0.01777607 0.02310949 0.03121834 0.01862186 0.02310949 0.03117805 0.01869171 0.02319723 0.03444474 0.01781636 0.02319723 0.03452545 0.01786297 0.02327859 0.03113144 0.01877236 0.02327859 0.03107911 0.01886302 0.02335262 0.03461611 0.0179153 0.02335262 0.03471571 0.01797282 0.02341848 0.03102159 0.01896268 0.02341848 0.03095954 0.01907014 0.02347552 0.03482323 0.01803487 0.02347552 0.03493744 0.01810085 0.02352303 0.03089356 0.01918441 0.02352303 0.03082448 0.01930409 0.02356052 0.03505712 0.01816993 0.02356052 0.03518098 0.01824146 0.02358764 0.03075301 0.01942789 0.02358764 0.03067988 0.01955455 0.02360397 0.03530758 0.01831454 0.02360397 0.02564078 -0.0169723 0.02356052 0.02544367 -0.01663088 0.02341848 0.02538615 -0.01653122 0.02335262 0.02524691 -0.01629006 0.02310949 0.02521336 -0.01623189 0.02301621 0.02518683 -0.01618593 0.02291852 0.02516764 -0.01615279 0.02281737 0.02515608 -0.01613271 0.02271401 0.02528727 -0.01635992 0.02319723 0.02533382 -0.01644057 0.02327859 0.02550578 -0.01673841 0.02347552 0.0255717 -0.01685261 0.02352303 0.02578538 -0.01722276 0.02360397 0.02571231 -0.0170961 0.02358764 0.02222764 -0.015365 0.02281737 0.02209031 -0.01544427 0.02310949 0.02202051 -0.01548463 0.02319723 0.02193981 -0.01553118 0.02327859 0.02184921 -0.01558351 0.02335262 0.02174955 -0.01564103 0.02341848 0.02164202 -0.01570308 0.02347552 0.02152782 -0.01576906 0.02352303 0.02140814 -0.01583814 0.02356052 0.02115768 -0.01598274 0.02360397 0.02128434 -0.01590967 0.02358764 0.02214854 -0.01541066 0.02301621 0.0221945 -0.01538413 0.02291852 0.02224773 -0.01535344 0.02271401 0.003633558 0.0199688 0.02362704 0.003956496 0.01975476 0.02365982 0.00458157 0.0193659 0.02370798 0.006041765 0.01793634 0.0236116 0.006314098 0.01728439 0.02366942 0.002360761 0.01899105 0.02435725 4.8878e-4 0.01904177 0.02111375 4.8878e-4 0.01868259 0.02125161 4.8878e-4 0.01833981 0.02142626 4.8878e-4 0.01801711 0.02163583 4.8878e-4 0.01771813 0.02187794 4.8878e-4 0.01744604 0.02214998 4.8878e-4 0.01668184 0.02347362 5.41333e-4 0.01698672 0.02357268 6.28233e-4 0.01728439 0.02366942 7.48467e-4 0.01757138 0.02376264 9.00623e-4 0.01784431 0.02385133 0.001082897 0.01810002 0.02393442 0.001293182 0.01833552 0.02401095 0.001787602 0.0186938 0.02429407 0.001528978 0.01850152 0.02425318 0.002065956 0.01885765 0.02432888 0.002985894 0.01914381 0.02450072 0.003308773 0.01917868 0.02450448 0.003633558 0.01917868 0.02450448 0.006453573 0.01658231 0.02384525 0.006401002 0.01689583 0.02391189 0.006193876 0.01757138 0.02376264 0.005859434 0.01818197 0.02372097 0.005649149 0.0185002 0.02364104 0.005413353 0.01869368 0.02375274 0.005154728 0.0189504 0.02371782 0.003308773 0.02007263 0.02361059 0.003633558 0.02007263 0.02361059 0.006401002 0.01684087 0.02425879 0.006453573 0.0165221 0.02422529 0.006314098 0.01715219 0.02429151 0.006193876 0.01745229 0.02432304 0.006041765 0.01773768 0.02435302 0.005859434 0.01800507 0.02438116 0.005649149 0.01825129 0.02440702 0.005413353 0.0184735 0.02443039 0.005154728 0.018669 0.02445089 0.004876375 0.01883554 0.02446842 0.00458157 0.0189712 0.02448266 0.004273772 0.01907432 0.02449351 0.003956496 0.01914376 0.02450078 0.002985835 0.02006894 0.02357566 0.002668559 0.0190925 0.02437883 0.002985835 0.0191608 0.02439332 0.003308773 0.01919513 0.02440065 0.003633558 0.01919513 0.02440065 0.003956496 0.0191608 0.02439332 0.004273772 0.0190925 0.02437883 0.00458157 0.01899105 0.02435725 0.004876375 0.01885765 0.02432888 0.005154728 0.0186938 0.02429407 0.005413353 0.01850152 0.02425318 0.005649149 0.018283 0.02420675 0.005859434 0.01804083 0.02415531 0.006041765 0.01777786 0.0240994 0.006193876 0.01749718 0.02403974 0.006314098 0.01720196 0.02397698 0.002668559 0.02006167 0.02350622 0.002360761 0.02005082 0.02340304 0.002065956 0.02003657 0.02326738 0.001787602 0.02001905 0.02310085 0.001528978 0.01854795 0.02407997 0.001787602 0.01873493 0.02414071 0.002065956 0.01889419 0.02419245 0.002360761 0.01902389 0.02423459 0.002668559 0.01912254 0.02426666 0.002985835 0.01918894 0.02428823 0.003308773 0.01922237 0.02429908 0.003633558 0.01922237 0.02429908 0.003956496 0.01918894 0.02428823 0.004273772 0.01912254 0.02426666 0.00458157 0.01902389 0.02423459 0.004876375 0.01889419 0.02419245 0.005154728 0.01873493 0.02414071 0.005413353 0.01854795 0.02407997 0.005649149 0.01833552 0.02401095 0.005859434 0.01810002 0.02393442 0.006041765 0.01784431 0.02385133 0.001528978 0.01999849 0.02290534 0.001293182 0.01997512 0.0226832 0.001082897 0.01994925 0.02243697 9.00623e-4 0.01992118 0.02216958 7.48467e-4 0.01989114 0.02188414 6.28233e-4 0.01985961 0.02158403 5.41333e-4 0.01982688 0.02127277 4.8878e-4 0.01941341 0.02101415 5.41333e-4 0.01948004 0.02132773 5.41333e-4 0.01914083 0.02141857 6.28233e-4 0.01954513 0.02163386 6.28233e-4 0.01923751 0.02171629 7.48467e-4 0.01960784 0.02192902 7.48467e-4 0.01933079 0.02200329 9.00623e-4 0.0196675 0.02220976 9.00623e-4 0.01941949 0.02227622 0.001082897 0.01972341 0.02247273 0.001082897 0.01950258 0.02253192 0.001293182 0.01977491 0.02271491 0.001293182 0.01957905 0.02276736 0.001528978 0.01982134 0.02293342 0.001528978 0.01964807 0.02297985 0.001787602 0.01986223 0.0231257 0.001787602 0.01970887 0.02316677 0.002065956 0.01989704 0.0232895 0.002065956 0.0197606 0.02332603 0.002360761 0.01992541 0.02342289 0.002360761 0.01980274 0.02345579 0.002668559 0.01994693 0.02352434 0.002668559 0.01983481 0.02355444 0.002985835 0.01996147 0.02359265 0.002985835 0.01985639 0.02362084 0.003308773 0.0199688 0.02362704 0.003308773 0.01986724 0.02365422 0.003633558 0.01986724 0.02365422 0.003956496 0.01985639 0.02362084 5.41333e-4 0.01881295 0.02154445 6.28233e-4 0.01894026 0.02183037 7.48467e-4 0.01906299 0.02210605 9.00623e-4 0.01917976 0.02236825 0.001082897 0.01928907 0.02261388 0.001293182 0.0193898 0.02284002 0.001528978 0.01948064 0.0230441 0.001787602 0.01956063 0.02322369 0.002065956 0.0196287 0.0233767 0.002360761 0.01968419 0.02350127 0.002668559 0.01972639 0.02359604 0.002985835 0.01975476 0.02365982 0.003308773 0.01976907 0.02369189 0.003633558 0.01976907 0.02369189 5.41333e-4 0.01850008 0.02170389 6.28233e-4 0.01865655 0.02197492 7.48467e-4 0.01880741 0.02223628 9.00623e-4 0.01895093 0.02248483 0.001082897 0.01908534 0.02271765 0.001293182 0.01920914 0.02293205 0.001528978 0.01932084 0.02312552 0.001787602 0.01941913 0.02329576 0.002065956 0.01950287 0.02344077 0.002360761 0.01957106 0.02355891 0.002668559 0.01962292 0.02364873 0.002985835 0.01965785 0.02370923 0.003308773 0.01967543 0.02373963 0.003633558 0.01967543 0.02373963 0.003956496 0.01965785 0.02370923 0.004273772 0.01962292 0.02364873 5.41333e-4 0.01820552 0.02189517 6.28233e-4 0.01838952 0.02214837 7.48467e-4 0.0185669 0.02239251 9.00623e-4 0.01873558 0.02262467 0.001082897 0.01889359 0.02284216 0.001293182 0.01903909 0.0230425 0.001528978 0.0191704 0.02322322 0.001787602 0.01928597 0.02338224 0.002065956 0.01938438 0.02351772 0.002360761 0.01946455 0.02362805 0.002668559 0.01952552 0.02371197 0.002985835 0.01956659 0.02376848 0.003308773 0.01958721 0.02379691 0.003633558 0.01958721 0.02379691 0.003956496 0.01956659 0.02376848 0.004273772 0.01952552 0.02371197 0.00458157 0.01946455 0.02362805 5.41333e-4 0.01793259 0.02211618 6.28233e-4 0.01814204 0.02234876 7.48467e-4 0.01834398 0.02257299 9.00623e-4 0.01853603 0.02278631 0.001082897 0.01871591 0.02298611 0.001293182 0.01888155 0.02317005 0.001528978 0.01903104 0.02333611 0.001787602 0.01916259 0.0234822 0.002065956 0.01927465 0.02360665 0.002360761 0.0193659 0.02370798 0.002668559 0.01943528 0.02378505 0.002985835 0.01948201 0.02383697 0.003308773 0.01950556 0.02386307 0.003633558 0.01950556 0.02386307 0.003956496 0.01948201 0.02383697 0.004273772 0.01943528 0.02378505 5.41333e-4 0.01768428 0.02236449 6.28233e-4 0.01791691 0.02257388 7.48467e-4 0.01814115 0.02277582 9.00623e-4 0.01835441 0.02296787 0.001082897 0.01855421 0.02314776 0.001293182 0.01873821 0.02331346 0.001528978 0.0189042 0.02346289 0.001787602 0.0190503 0.02359443 0.002065956 0.01917475 0.02370649 0.002360761 0.01927614 0.02379775 0.002668559 0.01935321 0.02386718 0.002985835 0.01940506 0.02391391 0.003308773 0.01943117 0.0239374 0.003633558 0.01943117 0.0239374 0.003956496 0.01940506 0.02391391 0.004273772 0.01935321 0.02386718 0.00458157 0.01927614 0.02379775 0.004876375 0.01917475 0.02370649 4.8878e-4 0.01979339 0.02095395 0.004876375 0.01908588 0.02381628 0.00458157 0.01919621 0.02389645 0.004273772 0.01928013 0.02395743 0.003956496 0.01933664 0.02399843 0.003633558 0.01936501 0.02401912 0.003308773 0.01936501 0.02401912 0.002985835 0.01933664 0.02399843 0.002668559 0.01928013 0.02395743 0.002360761 0.01919621 0.02389645 0.002065956 0.01908588 0.02381628 0.001787602 0.0189504 0.02371782 0.001528978 0.01879131 0.0236023 0.001293182 0.01861059 0.02347099 0.001082897 0.01841032 0.02332544 9.00623e-4 0.01819282 0.02316743 7.48467e-4 0.0179606 0.02299875 6.28233e-4 0.01771652 0.02282136 5.41333e-4 0.01746326 0.02263742 4.8878e-4 0.01720392 0.02244901 0.005154728 0.01886391 0.02385103 0.004876375 0.01900893 0.02393472 0.00458157 0.01912707 0.02400296 0.004273772 0.01921689 0.02405482 0.003956496 0.01927733 0.02408969 0.003633558 0.01930779 0.02410727 0.003308773 0.01930779 0.02410727 0.002985835 0.01927733 0.02408969 0.002668559 0.01921689 0.02405482 0.002360761 0.01912707 0.02400296 0.002065956 0.01900893 0.02393472 0.001787602 0.01886391 0.02385103 0.001528978 0.01869368 0.02375274 0.001293182 0.0185002 0.02364104 0.001082897 0.01828581 0.02351725 9.00623e-4 0.01805293 0.02338278 7.48467e-4 0.01780438 0.02323931 6.28233e-4 0.01754307 0.02308845 5.41333e-4 0.01727199 0.02293193 4.8878e-4 0.01699441 0.02277165 0.005649149 0.01840817 0.02382165 0.005413353 0.0186122 0.02391254 0.005154728 0.01879179 0.02399247 0.004876375 0.01894479 0.0240606 0.00458157 0.01906943 0.02411609 0.004273772 0.01916414 0.02415823 0.003956496 0.01922798 0.02418667 0.003633558 0.01926004 0.02420097 0.003308773 0.01926004 0.02420097 0.002985835 0.01922798 0.02418667 0.002668559 0.01916414 0.02415823 0.002360761 0.01906943 0.02411609 0.002065956 0.01894479 0.0240606 0.001787602 0.01879179 0.02399247 0.001528978 0.0186122 0.02391254 0.001293182 0.01840817 0.02382165 0.001082897 0.01818197 0.02372097 9.00623e-4 0.01793634 0.0236116 7.48467e-4 0.0176742 0.02349489 6.28233e-4 0.01739853 0.02337217 5.41333e-4 0.01711255 0.02324485 4.8878e-4 0.01681971 0.02311444 -0.005628764 0.006300032 0.005499958 -0.007628798 0.006300032 0.005499958 -0.007628798 0.007308363 0.004936277 -0.005628764 0.007308363 0.004936277 -0.007628798 0.008124828 0.004354834 -0.005628764 0.008124828 0.004354834 -0.007628798 0.008775711 0.003774821 -0.005628764 0.008775711 0.003774821 -0.007628798 0.009287893 0.00320667 -0.005628764 0.009287893 0.00320667 -0.007628798 0.009685456 0.002655029 -0.005628764 0.009685456 0.002655029 -0.007628798 0.009988069 0.002120494 -0.005628764 0.009988069 0.002120494 -0.007628798 0.01021111 0.001601576 -0.005628764 0.01021111 0.001601576 -0.007628798 0.0103659 0.001095294 -0.005628764 0.0103659 0.001095294 -0.007628798 0.01046019 5.97994e-4 -0.005628764 0.01046019 5.97994e-4 -0.007628798 0.01049876 1.0572e-4 -0.005628764 0.01049876 1.0572e-4 -0.007628798 0.0104835 -3.85661e-4 -0.005628764 0.0104835 -3.85661e-4 -0.007628798 0.01041358 -8.80298e-4 -0.005628764 0.01041358 -8.80298e-4 -0.007628798 0.01028561 -0.001382231 -0.005628764 0.01028561 -0.001382231 -0.007628798 0.01009315 -0.001895308 -0.005628764 0.01009315 -0.001895308 -0.007628798 0.009826362 -0.002422809 -0.005628764 0.009826362 -0.002422809 -0.007628798 0.009471893 -0.002967 -0.005628764 0.009471893 -0.002967 -0.007628798 0.009011745 -0.003528356 -0.005628764 0.009011745 -0.003528356 -0.007628798 0.008423805 -0.004104137 -0.005628764 0.008423805 -0.004104137 -0.007628798 0.007682025 -0.004686772 -0.005628764 0.007682025 -0.004686772 -0.007628798 0.006759226 -0.005261063 -0.005628764 0.006759226 -0.005261063 -0.007628798 0.006300032 -0.005499958 -0.005628764 0.006300032 -0.005499958 -0.007628798 0.004253387 0.01490277 3.71192e-4 0.004253387 0.01490277 -0.007628798 0.004476785 0.01488643 3.71192e-4 0.004476785 0.01488643 -0.007628798 0.004688143 0.0149604 3.71192e-4 0.004688143 0.0149604 -0.007628798 0.004852592 0.01511245 3.71192e-4 0.004852592 0.01511245 -0.007628798 0.00492829 0.01526302 3.71192e-4 0.00492829 0.01526302 -0.007628798 0.00336349 0.01568228 3.71192e-4 0.00336349 0.01568228 -0.007628798 0.003362059 0.01545834 3.71192e-4 0.003362059 0.01545834 -0.007628798 0.003449976 0.01525229 3.71192e-4 0.003449976 0.01525229 -0.007628798 0.003612637 0.01509839 3.71192e-4 0.003612637 0.01509839 -0.007628798 0.003767907 0.01503288 3.71192e-4 0.003767907 0.01503288 3.71192e-4 0.005029082 0.01555347 -0.007628798 0.005029082 0.01555347 3.71192e-4 0.005142867 0.01577609 -0.007628798 0.005142867 0.01577609 3.71192e-4 0.005370676 0.01613068 -0.007628798 0.005370676 0.01613068 3.71192e-4 0.005680859 0.01652663 -0.007628798 0.005680859 0.01652663 3.71192e-4 0.006133675 0.01700824 -0.007628798 0.006133675 0.01700824 3.71192e-4 0.006693124 0.01750576 -0.007628798 0.006693124 0.01750576 -0.007628798 0.002956509 0.018507 3.71192e-4 0.002956509 0.018507 3.71192e-4 0.003192245 0.01779639 -0.007628798 0.003192245 0.01779639 3.71192e-4 0.003343582 0.0171529 -0.007628798 0.003343582 0.0171529 3.71192e-4 0.003414273 0.01665484 -0.007628798 0.003414273 0.01665484 3.71192e-4 0.00343424 0.01623392 -0.007628798 0.00343424 0.01623392 3.71192e-4 0.003421485 0.01598423 -0.007628798 0.003421485 0.01598423 -0.007628798 0.007965564 0.01329416 3.71192e-4 0.007965564 0.01329416 -0.007628798 0.008177101 0.01322048 3.71192e-4 0.008177101 0.01322048 -0.007628798 0.008400499 0.01323723 3.71192e-4 0.008400499 0.01323723 -0.007628798 0.008598685 0.01334154 3.71192e-4 0.008598685 0.01334154 -0.007628798 0.008710741 0.01346737 3.71192e-4 0.008710741 0.01346737 -0.007628798 0.007307767 0.01427739 3.71192e-4 0.007307767 0.01427739 -0.007628798 0.007248401 0.01406145 3.71192e-4 0.007248401 0.01406145 -0.007628798 0.007279992 0.01383966 3.71192e-4 0.007279992 0.01383966 -0.007628798 0.007397294 0.01364886 3.71192e-4 0.007397294 0.01364886 -0.007628798 0.007530331 0.01354545 3.71192e-4 0.007530331 0.01354545 3.71192e-4 0.008883297 0.01372188 -0.007628798 0.008883297 0.01372188 3.71192e-4 0.009050786 0.01390743 -0.007628798 0.009050786 0.01390743 3.71192e-4 0.009362578 0.01419097 -0.007628798 0.009362578 0.01419097 3.71192e-4 0.00976473 0.01449322 -0.007628798 0.00976473 0.01449322 3.71192e-4 0.01032674 0.01484119 -0.007628798 0.01032674 0.01484119 3.71192e-4 0.01099592 0.01517695 -0.007628798 0.01099592 0.01517695 -0.007628798 0.007645726 0.01711118 3.71192e-4 0.007645726 0.01711118 3.71192e-4 0.007689535 0.01636379 -0.007628798 0.007689535 0.01636379 3.71192e-4 0.00766921 0.01570308 -0.007628798 0.00766921 0.01570308 3.71192e-4 0.007608532 0.01520371 -0.007628798 0.007608532 0.01520371 3.71192e-4 0.007518887 0.0147919 -0.007628798 0.007518887 0.0147919 3.71192e-4 0.007441937 0.01455402 -0.007628798 0.007441937 0.01455402 -0.007628798 0.01354551 0.007530272 3.71192e-4 0.01354551 0.007530272 -0.007628798 0.0136919 0.007360756 3.71192e-4 0.0136919 0.007360756 -0.007628798 0.01389366 0.007263541 3.71192e-4 0.01389366 0.007263541 -0.007628798 0.01411747 0.007254838 3.71192e-4 0.01411747 0.007254838 -0.007628798 0.01427745 0.007307708 3.71192e-4 0.01427745 0.007307708 -0.007628798 0.01346743 0.008710682 3.71192e-4 0.01346743 0.008710682 -0.007628798 0.01330804 0.008553326 3.71192e-4 0.01330804 0.008553326 -0.007628798 0.01322454 0.008345484 3.71192e-4 0.01322454 0.008345484 -0.007628798 0.01323074 0.008121609 3.71192e-4 0.01323074 0.008121609 -0.007628798 0.01329421 0.007965505 3.71192e-4 0.01329421 0.007965505 3.71192e-4 0.01455408 0.007441878 -0.007628798 0.01455408 0.007441878 3.71192e-4 0.01479196 0.007518827 -0.007628798 0.01479196 0.007518827 3.71192e-4 0.01520377 0.007608473 -0.007628798 0.01520377 0.007608473 3.71192e-4 0.01570314 0.00766915 -0.007628798 0.01570314 0.00766915 3.71192e-4 0.01636385 0.007689476 -0.007628798 0.01636385 0.007689476 3.71192e-4 0.01711124 0.007645666 -0.007628798 0.01711124 0.007645666 -0.007628798 0.01517701 0.01099586 3.71192e-4 0.01517701 0.01099586 3.71192e-4 0.01484125 0.01032668 -0.007628798 0.01484125 0.01032668 3.71192e-4 0.01449328 0.009764671 -0.007628798 0.01449328 0.009764671 3.71192e-4 0.01419103 0.009362518 -0.007628798 0.01419103 0.009362518 3.71192e-4 0.01390749 0.009050726 -0.007628798 0.01390749 0.009050726 3.71192e-4 0.01372194 0.008883237 -0.007628798 0.01372194 0.008883237 -0.007628798 0.01113498 0.0107795 3.71192e-4 0.01113498 0.0107795 -0.007628798 0.01132023 0.01065361 3.71192e-4 0.01132023 0.01065361 -0.007628798 0.01154029 0.01061201 3.71192e-4 0.01154029 0.01061201 -0.007628798 0.01175874 0.01066148 3.71192e-4 0.01175874 0.01066148 -0.007628798 0.01189959 0.01075398 3.71192e-4 0.01189959 0.01075398 -0.007628798 0.01075404 0.01189953 3.71192e-4 0.01075404 0.01189953 -0.007628798 0.01064079 0.01170629 3.71192e-4 0.01064079 0.01170629 -0.007628798 0.01061391 0.0114839 3.71192e-4 0.01061391 0.0114839 -0.007628798 0.01067787 0.01126927 3.71192e-4 0.01067787 0.01126927 -0.007628798 0.01077955 0.01113492 3.71192e-4 0.01077955 0.01113492 3.71192e-4 0.0121321 0.01095515 -0.007628798 0.0121321 0.01095515 3.71192e-4 0.01234191 0.01109105 -0.007628798 0.01234191 0.01109105 3.71192e-4 0.01271647 0.01128423 -0.007628798 0.01271647 0.01128423 3.71192e-4 0.01318311 0.01147204 -0.007628798 0.01318311 0.01147204 3.71192e-4 0.01381605 0.01166278 -0.007628798 0.01381605 0.01166278 3.71192e-4 0.01454931 0.01181381 -0.007628798 0.01454931 0.01181381 -0.007628798 0.01181387 0.01454925 3.71192e-4 0.01181387 0.01454925 3.71192e-4 0.01166284 0.01381599 -0.007628798 0.01166284 0.01381599 3.71192e-4 0.01147216 0.01318305 -0.007628798 0.01147216 0.01318305 3.71192e-4 0.01128429 0.01271641 -0.007628798 0.01128429 0.01271641 3.71192e-4 0.01109111 0.01234185 -0.007628798 0.01109111 0.01234185 3.71192e-4 0.01095521 0.01213204 -0.007628798 0.01095521 0.01213204 -0.007628798 2.51345e-4 0.01549583 3.71192e-4 2.51345e-4 0.01549583 -0.007628798 4.71349e-4 0.01553785 3.71192e-4 4.71349e-4 0.01553785 -0.007628798 6.56412e-4 0.01566404 3.71192e-4 6.56412e-4 0.01566404 -0.007628798 7.75893e-4 0.01585346 3.71192e-4 7.75893e-4 0.01585346 -0.007628798 8.10054e-4 0.01601845 3.71192e-4 8.10054e-4 0.01601845 -0.007628798 -8.09963e-4 0.01601845 3.71192e-4 -8.09963e-4 0.01601845 -0.007628798 -7.53383e-4 0.01580172 3.71192e-4 -7.53383e-4 0.01580172 -0.007628798 -6.15156e-4 0.01562553 3.71192e-4 -6.15156e-4 0.01562553 -0.007628798 -4.18163e-4 0.0155189 3.71192e-4 -4.18163e-4 0.0155189 -0.007628798 -2.51251e-4 0.01549583 3.71192e-4 -2.51251e-4 0.01549583 3.71192e-4 8.32216e-4 0.01632511 -0.007628798 8.32216e-4 0.01632511 3.71192e-4 8.84506e-4 0.01656961 -0.007628798 8.84506e-4 0.01656961 3.71192e-4 0.001012742 0.01697105 -0.007628798 0.001012742 0.01697105 3.71192e-4 0.001209855 0.01743382 -0.007628798 0.001209855 0.01743382 3.71192e-4 0.0015226 0.01801621 -0.007628798 0.0015226 0.01801621 3.71192e-4 0.00193423 0.01864153 -0.007628798 0.00193423 0.01864153 -0.007628798 -0.00193417 0.01864153 3.71192e-4 -0.00193417 0.01864153 3.71192e-4 -0.001522481 0.01801621 -0.007628798 -0.001522481 0.01801621 3.71192e-4 -0.001209795 0.01743382 -0.007628798 -0.001209795 0.01743382 3.71192e-4 -0.001012623 0.01697105 -0.007628798 -0.001012623 0.01697105 3.71192e-4 -8.84412e-4 0.01656961 -0.007628798 -8.84412e-4 0.01656961 3.71192e-4 -8.32124e-4 0.01632511 -0.007628798 -8.32124e-4 0.01632511 -0.007628798 -0.003767788 0.01503288 3.71192e-4 -0.003767788 0.01503288 -0.007628798 -0.003566205 0.0151304 3.71192e-4 -0.003566205 0.0151304 -0.007628798 -0.003420054 0.01530015 3.71192e-4 -0.003420054 0.01530015 -0.007628798 -0.003353714 0.01551407 3.71192e-4 -0.003353714 0.01551407 -0.007628798 -0.00336343 0.01568228 3.71192e-4 -0.00336343 0.01568228 -0.007628798 -0.004928231 0.01526302 3.71192e-4 -0.004928231 0.01526302 -0.007628798 -0.004817485 0.01506829 3.71192e-4 -0.004817485 0.01506829 -0.007628798 -0.004638373 0.01493388 3.71192e-4 -0.004638373 0.01493388 -0.007628798 -0.004420459 0.0148819 3.71192e-4 -0.004420459 0.0148819 -0.007628798 -0.004253268 0.01490277 3.71192e-4 -0.004253268 0.01490277 3.71192e-4 -0.003421366 0.01598423 -0.007628798 -0.003421366 0.01598423 3.71192e-4 -0.003434121 0.01623392 -0.007628798 -0.003434121 0.01623392 3.71192e-4 -0.003414154 0.01665484 -0.007628798 -0.003414154 0.01665484 3.71192e-4 -0.003343522 0.0171529 -0.007628798 -0.003343522 0.0171529 3.71192e-4 -0.003192186 0.01779639 -0.007628798 -0.003192186 0.01779639 3.71192e-4 -0.00295639 0.018507 -0.007628798 -0.00295639 0.018507 -0.007628798 -0.006693065 0.01750576 3.71192e-4 -0.006693065 0.01750576 3.71192e-4 -0.006133556 0.01700824 -0.007628798 -0.006133556 0.01700824 3.71192e-4 -0.005680739 0.01652663 -0.007628798 -0.005680739 0.01652663 3.71192e-4 -0.005370557 0.01613068 -0.007628798 -0.005370557 0.01613068 3.71192e-4 -0.005142807 0.01577609 -0.007628798 -0.005142807 0.01577609 3.71192e-4 -0.005029022 0.01555347 -0.007628798 -0.005029022 0.01555347 -0.007628798 -0.0107795 0.01113492 3.71192e-4 -0.0107795 0.01113492 -0.007628798 -0.01065361 0.01132017 3.71192e-4 -0.01065361 0.01132017 -0.007628798 -0.01061195 0.01154023 3.71192e-4 -0.01061195 0.01154023 -0.007628798 -0.01066142 0.01175868 3.71192e-4 -0.01066142 0.01175868 -0.007628798 -0.01075392 0.01189953 3.71192e-4 -0.01075392 0.01189953 -0.007628798 -0.01189947 0.01075398 3.71192e-4 -0.01189947 0.01075398 -0.007628798 -0.01170623 0.01064074 3.71192e-4 -0.01170623 0.01064074 -0.007628798 -0.01148384 0.01061385 3.71192e-4 -0.01148384 0.01061385 -0.007628798 -0.01126921 0.01067781 3.71192e-4 -0.01126921 0.01067781 -0.007628798 -0.01113486 0.0107795 3.71192e-4 -0.01113486 0.0107795 3.71192e-4 -0.01095515 0.01213204 -0.007628798 -0.01095515 0.01213204 3.71192e-4 -0.01109099 0.01234185 -0.007628798 -0.01109099 0.01234185 3.71192e-4 -0.01128417 0.01271641 -0.007628798 -0.01128417 0.01271641 3.71192e-4 -0.01147204 0.01318305 -0.007628798 -0.01147204 0.01318305 3.71192e-4 -0.01166272 0.01381599 -0.007628798 -0.01166272 0.01381599 3.71192e-4 -0.01181381 0.01454925 -0.007628798 -0.01181381 0.01454925 -0.007628798 -0.01454925 0.01181381 3.71192e-4 -0.01454925 0.01181381 3.71192e-4 -0.01381599 0.01166278 -0.007628798 -0.01381599 0.01166278 3.71192e-4 -0.01318305 0.01147204 -0.007628798 -0.01318305 0.01147204 3.71192e-4 -0.01271641 0.01128423 -0.007628798 -0.01271641 0.01128423 3.71192e-4 -0.01234185 0.01109105 -0.007628798 -0.01234185 0.01109105 3.71192e-4 -0.01213198 0.01095515 -0.007628798 -0.01213198 0.01095515 -0.007628798 -0.007530212 0.01354545 3.71192e-4 -0.007530212 0.01354545 -0.007628798 -0.007360696 0.01369184 3.71192e-4 -0.007360696 0.01369184 -0.007628798 -0.007263541 0.0138936 3.71192e-4 -0.007263541 0.0138936 -0.007628798 -0.007254779 0.01411741 3.71192e-4 -0.007254779 0.01411741 -0.007628798 -0.007307708 0.01427739 3.71192e-4 -0.007307708 0.01427739 -0.007628798 -0.008710682 0.01346737 3.71192e-4 -0.008710682 0.01346737 -0.007628798 -0.008553326 0.01330798 3.71192e-4 -0.008553326 0.01330798 -0.007628798 -0.008345484 0.01322448 3.71192e-4 -0.008345484 0.01322448 -0.007628798 -0.008121609 0.01323068 3.71192e-4 -0.008121609 0.01323068 -0.007628798 -0.007965505 0.01329416 3.71192e-4 -0.007965505 0.01329416 3.71192e-4 -0.007441818 0.01455402 -0.007628798 -0.007441818 0.01455402 3.71192e-4 -0.007518768 0.0147919 -0.007628798 -0.007518768 0.0147919 3.71192e-4 -0.007608413 0.01520371 -0.007628798 -0.007608413 0.01520371 3.71192e-4 -0.007669091 0.01570308 -0.007628798 -0.007669091 0.01570308 3.71192e-4 -0.007689476 0.01636379 -0.007628798 -0.007689476 0.01636379 3.71192e-4 -0.007645606 0.01711118 -0.007628798 -0.007645606 0.01711118 -0.007628798 -0.0109958 0.01517695 3.71192e-4 -0.0109958 0.01517695 3.71192e-4 -0.01032668 0.01484119 -0.007628798 -0.01032668 0.01484119 3.71192e-4 -0.009764611 0.01449322 -0.007628798 -0.009764611 0.01449322 3.71192e-4 -0.009362518 0.01419097 -0.007628798 -0.009362518 0.01419097 3.71192e-4 -0.009050726 0.01390743 -0.007628798 -0.009050726 0.01390743 3.71192e-4 -0.008883178 0.01372188 -0.007628798 -0.008883178 0.01372188 -0.007628798 -0.0132941 0.007965505 3.71192e-4 -0.0132941 0.007965505 -0.007628798 -0.01322048 0.008177042 3.71192e-4 -0.01322048 0.008177042 -0.007628798 -0.01323723 0.00840044 3.71192e-4 -0.01323723 0.00840044 -0.007628798 -0.01334154 0.008598625 3.71192e-4 -0.01334154 0.008598625 -0.007628798 -0.01346737 0.008710682 3.71192e-4 -0.01346737 0.008710682 -0.007628798 -0.01427733 0.007307708 3.71192e-4 -0.01427733 0.007307708 -0.007628798 -0.01406139 0.007248342 3.71192e-4 -0.01406139 0.007248342 -0.007628798 -0.01383966 0.007279932 3.71192e-4 -0.01383966 0.007279932 -0.007628798 -0.01364886 0.007397234 3.71192e-4 -0.01364886 0.007397234 -0.007628798 -0.01354539 0.007530272 3.71192e-4 -0.01354539 0.007530272 3.71192e-4 -0.01372182 0.008883237 -0.007628798 -0.01372182 0.008883237 3.71192e-4 -0.01390743 0.009050726 -0.007628798 -0.01390743 0.009050726 3.71192e-4 -0.01419097 0.009362518 -0.007628798 -0.01419097 0.009362518 3.71192e-4 -0.01449316 0.009764671 -0.007628798 -0.01449316 0.009764671 3.71192e-4 -0.01484119 0.01032668 -0.007628798 -0.01484119 0.01032668 3.71192e-4 -0.01517689 0.01099586 -0.007628798 -0.01517689 0.01099586 -0.007628798 -0.01711112 0.007645666 3.71192e-4 -0.01711112 0.007645666 3.71192e-4 -0.01636379 0.007689476 -0.007628798 -0.01636379 0.007689476 3.71192e-4 -0.01570302 0.00766915 -0.007628798 -0.01570302 0.00766915 3.71192e-4 -0.01520365 0.007608473 -0.007628798 -0.01520365 0.007608473 3.71192e-4 -0.01479184 0.007518827 -0.007628798 -0.01479184 0.007518827 3.71192e-4 -0.01455402 0.007441878 -0.007628798 -0.01455402 0.007441878 -0.007628798 -0.01490277 0.004253327 3.71192e-4 -0.01490277 0.004253327 -0.007628798 -0.01488637 0.004476726 3.71192e-4 -0.01488637 0.004476726 -0.007628798 -0.01496034 0.004688143 3.71192e-4 -0.01496034 0.004688143 -0.007628798 -0.01511245 0.004852533 3.71192e-4 -0.01511245 0.004852533 -0.007628798 -0.01526296 0.00492829 3.71192e-4 -0.01526296 0.00492829 -0.007628798 -0.01568228 0.00336343 3.71192e-4 -0.01568228 0.00336343 -0.007628798 -0.01545828 0.003361999 3.71192e-4 -0.01545828 0.003361999 -0.007628798 -0.01525229 0.003449916 3.71192e-4 -0.01525229 0.003449916 -0.007628798 -0.01509833 0.003612577 3.71192e-4 -0.01509833 0.003612577 -0.007628798 -0.01503282 0.003767848 3.71192e-4 -0.01503282 0.003767848 3.71192e-4 -0.01555341 0.005029022 -0.007628798 -0.01555341 0.005029022 3.71192e-4 -0.01577603 0.005142807 -0.007628798 -0.01577603 0.005142807 3.71192e-4 -0.01613062 0.005370616 -0.007628798 -0.01613062 0.005370616 3.71192e-4 -0.01652663 0.005680799 -0.007628798 -0.01652663 0.005680799 3.71192e-4 -0.01700824 0.006133615 -0.007628798 -0.01700824 0.006133615 3.71192e-4 -0.0175057 0.006693065 -0.007628798 -0.0175057 0.006693065 -0.007628798 -0.01850694 0.002956449 3.71192e-4 -0.01850694 0.002956449 3.71192e-4 -0.01779639 0.003192186 -0.007628798 -0.01779639 0.003192186 3.71192e-4 -0.0171529 0.003343522 -0.007628798 -0.0171529 0.003343522 3.71192e-4 -0.01665484 0.003414213 -0.007628798 -0.01665484 0.003414213 3.71192e-4 -0.01623386 0.003434181 -0.007628798 -0.01623386 0.003434181 3.71192e-4 -0.01598417 0.003421425 -0.007628798 -0.01598417 0.003421425 -0.007628798 -0.01549583 2.51285e-4 3.71192e-4 -0.01549583 2.51285e-4 -0.007628798 -0.01553779 4.71294e-4 3.71192e-4 -0.01553779 4.71294e-4 -0.007628798 -0.01566398 6.56355e-4 3.71192e-4 -0.01566398 6.56355e-4 -0.007628798 -0.0158534 7.75836e-4 3.71192e-4 -0.0158534 7.75836e-4 -0.007628798 -0.01601845 8.09997e-4 3.71192e-4 -0.01601845 8.09997e-4 -0.007628798 -0.01601845 -8.1002e-4 3.71192e-4 -0.01601845 -8.1002e-4 -0.007628798 -0.01580172 -7.5344e-4 3.71192e-4 -0.01580172 -7.5344e-4 -0.007628798 -0.01562547 -6.15213e-4 3.71192e-4 -0.01562547 -6.15213e-4 -0.007628798 -0.0155189 -4.1822e-4 3.71192e-4 -0.0155189 -4.1822e-4 -0.007628798 -0.01549583 -2.51308e-4 3.71192e-4 -0.01549583 -2.51308e-4 3.71192e-4 -0.01632511 8.32159e-4 -0.007628798 -0.01632511 8.32159e-4 3.71192e-4 -0.01656955 8.84447e-4 -0.007628798 -0.01656955 8.84447e-4 3.71192e-4 -0.01697099 0.001012682 -0.007628798 -0.01697099 0.001012682 3.71192e-4 -0.01743382 0.001209795 -0.007628798 -0.01743382 0.001209795 3.71192e-4 -0.01801621 0.001522541 -0.007628798 -0.01801621 0.001522541 3.71192e-4 -0.01864153 0.00193423 -0.007628798 -0.01864153 0.00193423 -0.007628798 -0.01864153 -0.00193423 3.71192e-4 -0.01864153 -0.00193423 3.71192e-4 -0.01801621 -0.001522541 -0.007628798 -0.01801621 -0.001522541 3.71192e-4 -0.01743382 -0.001209855 -0.007628798 -0.01743382 -0.001209855 3.71192e-4 -0.01697099 -0.001012682 -0.007628798 -0.01697099 -0.001012682 3.71192e-4 -0.01656955 -8.8447e-4 -0.007628798 -0.01656955 -8.8447e-4 3.71192e-4 -0.01632511 -8.32182e-4 -0.007628798 -0.01632511 -8.32182e-4 -0.007628798 -0.01503282 -0.003767848 3.71192e-4 -0.01503282 -0.003767848 -0.007628798 -0.01513034 -0.003566265 3.71192e-4 -0.01513034 -0.003566265 -0.007628798 -0.01530009 -0.003420114 3.71192e-4 -0.01530009 -0.003420114 -0.007628798 -0.01551401 -0.003353774 3.71192e-4 -0.01551401 -0.003353774 -0.007628798 -0.01568228 -0.00336349 3.71192e-4 -0.01568228 -0.00336349 -0.007628798 -0.01526296 -0.00492829 3.71192e-4 -0.01526296 -0.00492829 -0.007628798 -0.01506829 -0.004817545 3.71192e-4 -0.01506829 -0.004817545 -0.007628798 -0.01493382 -0.004638433 3.71192e-4 -0.01493382 -0.004638433 -0.007628798 -0.01488184 -0.004420518 3.71192e-4 -0.01488184 -0.004420518 -0.007628798 -0.01490277 -0.004253327 3.71192e-4 -0.01490277 -0.004253327 3.71192e-4 -0.01598417 -0.003421425 -0.007628798 -0.01598417 -0.003421425 3.71192e-4 -0.01623386 -0.003434181 -0.007628798 -0.01623386 -0.003434181 3.71192e-4 -0.01665484 -0.003414213 -0.007628798 -0.01665484 -0.003414213 3.71192e-4 -0.0171529 -0.003343582 -0.007628798 -0.0171529 -0.003343582 3.71192e-4 -0.01779639 -0.003192245 -0.007628798 -0.01779639 -0.003192245 3.71192e-4 -0.01850694 -0.002956449 -0.007628798 -0.01850694 -0.002956449 -0.007628798 -0.0175057 -0.006693124 3.71192e-4 -0.0175057 -0.006693124 3.71192e-4 -0.01700824 -0.006133615 -0.007628798 -0.01700824 -0.006133615 3.71192e-4 -0.01652663 -0.005680799 -0.007628798 -0.01652663 -0.005680799 3.71192e-4 -0.01613062 -0.005370616 -0.007628798 -0.01613062 -0.005370616 3.71192e-4 -0.01577603 -0.005142807 -0.007628798 -0.01577603 -0.005142807 3.71192e-4 -0.01555341 -0.005029082 -0.007628798 -0.01555341 -0.005029082 3.71192e-4 -0.003767788 -0.01503288 3.71192e-4 -0.004253268 -0.01490283 -0.007628798 -0.003767788 -0.01503288 -0.007628798 -0.004253268 -0.01490283 -0.007628798 -0.004928231 -0.01526302 3.71192e-4 -0.004928231 -0.01526302 3.71192e-4 -0.005029022 -0.01555347 -0.007628798 -0.005029022 -0.01555347 3.71192e-4 -0.005142807 -0.01577609 -0.007628798 -0.005142807 -0.01577609 3.71192e-4 -0.005370557 -0.01613068 -0.007628798 -0.005370557 -0.01613068 3.71192e-4 -0.005680739 -0.01652669 -0.007628798 -0.005680739 -0.01652669 3.71192e-4 -0.006133556 -0.0170083 -0.007628798 -0.006133556 -0.0170083 3.71192e-4 -0.006693065 -0.01750576 -0.007628798 -0.006693065 -0.01750576 -0.007628798 -0.00295639 -0.018507 3.71192e-4 -0.00295639 -0.018507 3.71192e-4 -0.003192186 -0.01779645 -0.007628798 -0.003192186 -0.01779645 3.71192e-4 -0.003343522 -0.01715296 -0.007628798 -0.003343522 -0.01715296 3.71192e-4 -0.003414154 -0.0166549 -0.007628798 -0.003414154 -0.0166549 3.71192e-4 -0.003434121 -0.01623392 -0.007628798 -0.003434121 -0.01623392 3.71192e-4 -0.003421366 -0.01598423 -0.007628798 -0.003421366 -0.01598423 3.71192e-4 -0.00336343 -0.01568233 -0.007628798 -0.00336343 -0.01568233 -0.007628798 -0.007965505 -0.01329416 3.71192e-4 -0.007965505 -0.01329416 -0.007628798 -0.008177042 -0.01322054 3.71192e-4 -0.008177042 -0.01322054 -0.007628798 -0.00840038 -0.01323729 3.71192e-4 -0.00840038 -0.01323729 -0.007628798 -0.008598566 -0.0133416 3.71192e-4 -0.008598566 -0.0133416 -0.007628798 -0.008710682 -0.01346743 3.71192e-4 -0.008710682 -0.01346743 -0.007628798 -0.007307708 -0.01427739 3.71192e-4 -0.007307708 -0.01427739 -0.007628798 -0.007248342 -0.01406145 3.71192e-4 -0.007248342 -0.01406145 -0.007628798 -0.007279932 -0.01383972 3.71192e-4 -0.007279932 -0.01383972 -0.007628798 -0.007397234 -0.01364892 3.71192e-4 -0.007397234 -0.01364892 -0.007628798 -0.007530212 -0.01354545 3.71192e-4 -0.007530212 -0.01354545 3.71192e-4 -0.008883178 -0.01372188 -0.007628798 -0.008883178 -0.01372188 3.71192e-4 -0.009050726 -0.01390749 -0.007628798 -0.009050726 -0.01390749 3.71192e-4 -0.009362518 -0.01419103 -0.007628798 -0.009362518 -0.01419103 3.71192e-4 -0.009764611 -0.01449322 -0.007628798 -0.009764611 -0.01449322 3.71192e-4 -0.01032668 -0.01484125 -0.007628798 -0.01032668 -0.01484125 3.71192e-4 -0.0109958 -0.01517695 -0.007628798 -0.0109958 -0.01517695 -0.007628798 -0.007645606 -0.01711118 3.71192e-4 -0.007645606 -0.01711118 3.71192e-4 -0.007689476 -0.01636379 -0.007628798 -0.007689476 -0.01636379 3.71192e-4 -0.007669091 -0.01570308 -0.007628798 -0.007669091 -0.01570308 3.71192e-4 -0.007608413 -0.01520371 -0.007628798 -0.007608413 -0.01520371 3.71192e-4 -0.007518768 -0.0147919 -0.007628798 -0.007518768 -0.0147919 3.71192e-4 -0.007441818 -0.01455408 -0.007628798 -0.007441818 -0.01455408 -0.005628764 -0.01028549 0.001382231 -0.005628764 -0.00793451 3.99116e-4 -0.005628764 -0.01041352 8.80275e-4 -0.005628764 -0.00797069 2.68701e-4 -0.005628764 -0.01048338 3.85638e-4 -0.005628764 -0.007992625 1.35138e-4 -0.005628764 -0.0104987 -1.05743e-4 -0.005628764 -0.007999897 0 -0.005628764 -0.01046013 -5.98017e-4 -0.005628764 0.00793457 -3.99139e-4 -0.005628764 0.007970809 -2.68724e-4 -0.005628764 0.007992684 -1.35161e-4 -0.005628764 0.008000016 0 -0.005628764 0.007084429 0.001204371 -0.005628764 0.006547808 0.001233518 -0.005628764 0.006415605 0.001204371 -0.005628764 -0.00604844 0.001034557 -0.005628764 -0.006164431 0.001104354 -0.005628764 -0.006299912 0.005499958 -0.005628764 -0.006287276 0.001161158 -0.005628764 -0.006415486 0.001204371 -0.005628764 -0.009471774 0.002967 -0.005628764 -0.007657408 8.59614e-4 -0.005628764 -0.009826302 0.002422809 -0.005628764 -0.007745027 7.56457e-4 -0.005628764 -0.01009303 0.001895308 -0.005628764 -0.007821023 6.4443e-4 -0.005628764 -0.007884383 5.24852e-4 -0.005628764 -0.007992625 -1.35161e-4 -0.005628764 -0.00797069 -2.68724e-4 -0.005628764 -0.01036584 -0.001095294 -0.005628764 -0.00793451 -3.99139e-4 -0.005628764 -0.01021105 -0.001601576 -0.005628764 -0.007884383 -5.24871e-4 -0.005628764 -0.00998795 -0.002120554 -0.005628764 -0.007308304 -0.004936277 -0.005628764 -0.008124768 -0.004354834 -0.005628764 -0.00708431 -0.001204431 -0.005628764 0.007992684 1.35138e-4 -0.005628764 0.007970809 2.68701e-4 -0.005628764 0.00793457 3.99116e-4 -0.005628764 0.007884502 5.24852e-4 -0.005628764 0.007821083 6.4443e-4 -0.005628764 0.007745146 7.56457e-4 -0.005628764 0.007657527 8.59614e-4 -0.005628764 -0.009287774 -0.00320667 -0.005628764 -0.007451415 -0.001034617 -0.005628764 -0.008775591 -0.003774821 -0.005628764 -0.007335424 -0.001104354 -0.005628764 -0.007212579 -0.001161217 -0.005628764 0.006952226 0.001233518 -0.005628764 0.006817698 0.001248121 -0.005628764 0.006682336 0.001248121 -0.005628764 -0.005678832 6.4443e-4 -0.005628764 0.005940794 9.5269e-4 -0.005628764 -0.005615472 5.24852e-4 -0.005628764 0.005842506 8.59614e-4 -0.005628764 0.005754888 7.56457e-4 -0.005628764 0.005678951 6.4443e-4 -0.005628764 0.005615532 5.24852e-4 -0.005628764 0.005565464 3.99116e-4 -0.005628764 -0.007821023 -6.44453e-4 -0.005628764 -0.007745027 -7.5648e-4 -0.005628764 -0.009685337 -0.002655029 -0.005628764 -0.007657408 -8.59633e-4 -0.005628764 -0.00755918 -9.52714e-4 -0.005628764 -0.005754828 -7.5648e-4 -0.005628764 -0.005678832 -6.44453e-4 -0.005628764 0.005678951 -6.44453e-4 -0.005628764 -0.005615472 -5.24871e-4 -0.005628764 0.006287336 -0.001161217 -0.005628764 0.006415605 -0.001204431 -0.005628764 0.007559239 9.5269e-4 -0.005628764 0.007451474 0.001034557 -0.005628764 0.007335543 0.001104354 -0.005628764 0.007212698 0.001161158 -0.005628764 0.005507349 1.35138e-4 -0.005628764 -0.00550723 1.35138e-4 -0.005628764 -0.005529165 2.68701e-4 -0.005628764 -0.005754828 7.56457e-4 -0.005628764 -0.005842447 8.59614e-4 -0.005628764 -0.005940675 9.5269e-4 -0.005628764 -0.006547689 0.001233518 -0.005628764 -0.006682276 0.001248121 -0.005628764 -0.006759166 0.005261063 -0.005628764 -0.006817579 0.001248121 -0.005628764 -0.007681965 0.004686713 -0.005628764 0.005842506 -8.59633e-4 -0.005628764 -0.006299912 -0.005499958 -0.005628764 0.005754888 -7.5648e-4 -0.005628764 0.006287336 0.001161158 -0.005628764 0.006164491 0.001104354 -0.005628764 0.00604856 0.001034557 -0.005628764 0.005529224 2.68701e-4 -0.005628764 -0.005565345 3.99116e-4 -0.005628764 -0.009011685 0.003528296 -0.005628764 -0.007451415 0.001034557 -0.005628764 -0.00755918 9.5269e-4 -0.005628764 -0.005565345 -3.99139e-4 -0.005628764 -0.005529165 -2.68724e-4 -0.005628764 -0.00550723 -1.35161e-4 -0.005628764 0.005529224 -2.68724e-4 -0.005628764 0.005565464 -3.99139e-4 -0.005628764 0.005615532 -5.24871e-4 -0.005628764 0.005940794 -9.52714e-4 -0.005628764 0.00604856 -0.001034617 -0.005628764 0.006164491 -0.001104354 -0.005628764 -0.006952166 0.001233518 -0.005628764 -0.00708431 0.001204371 -0.005628764 -0.008423686 0.004104137 -0.005628764 -0.007212579 0.001161158 -0.005628764 -0.007335424 0.001104354 -0.005628764 -0.006952166 -0.001233518 -0.005628764 -0.006817579 -0.001248121 -0.005628764 -0.006682276 -0.001248121 -0.005628764 -0.006547689 -0.001233518 -0.005628764 -0.006415486 -0.001204431 -0.005628764 -0.006287276 -0.001161217 -0.005628764 -0.006164431 -0.001104354 -0.005628764 -0.00604844 -0.001034617 -0.005628764 -0.005940675 -9.52714e-4 -0.005628764 -0.005842447 -8.59633e-4 -0.005628764 -0.005499899 0 -0.005628764 0.005500018 0 -0.005628764 0.005507349 -1.35161e-4 -0.005628764 0.007657527 -8.59633e-4 -0.005628764 0.007745146 -7.5648e-4 -0.005628764 0.007821083 -6.44453e-4 -0.005628764 0.007884502 -5.24871e-4 -0.005628764 0.006547808 -0.001233518 -0.005628764 0.006682336 -0.001248121 -0.005628764 0.006817698 -0.001248121 -0.005628764 0.006952226 -0.001233518 -0.005628764 0.007084429 -0.001204431 -0.005628764 0.007212698 -0.001161217 -0.005628764 0.007335543 -0.001104354 -0.005628764 0.007451474 -0.001034617 -0.005628764 0.007559239 -9.52714e-4 -0.007628798 -2.51251e-4 -0.01549589 3.71192e-4 -2.51251e-4 -0.01549589 -0.007628798 -4.71257e-4 -0.01553785 3.71192e-4 -4.71257e-4 -0.01553785 -0.007628798 -6.56319e-4 -0.01566404 3.71192e-4 -6.56319e-4 -0.01566404 -0.007628798 -7.758e-4 -0.01585346 3.71192e-4 -7.758e-4 -0.01585346 -0.007628798 -8.09963e-4 -0.0160185 3.71192e-4 -8.09963e-4 -0.0160185 -0.007628798 -0.006299912 -0.005499958 -0.007628798 8.10054e-4 -0.0160185 3.71192e-4 8.10054e-4 -0.0160185 -0.007628798 7.53477e-4 -0.01580178 3.71192e-4 7.53477e-4 -0.01580178 -0.007628798 6.1525e-4 -0.01562553 3.71192e-4 6.1525e-4 -0.01562553 -0.007628798 4.18256e-4 -0.01551896 3.71192e-4 4.18256e-4 -0.01551896 -0.007628798 2.51345e-4 -0.01549589 3.71192e-4 2.51345e-4 -0.01549589 -0.007628798 -0.006299912 0.005499958 3.71192e-4 -8.32124e-4 -0.01632511 -0.007628798 -8.32124e-4 -0.01632511 3.71192e-4 -8.84412e-4 -0.01656961 -0.007628798 -8.84412e-4 -0.01656961 3.71192e-4 -0.001012623 -0.01697105 -0.007628798 -0.001012623 -0.01697105 3.71192e-4 -0.001209795 -0.01743388 -0.007628798 -0.001209795 -0.01743388 3.71192e-4 -0.001522481 -0.01801627 -0.007628798 -0.001522481 -0.01801627 3.71192e-4 -0.00193417 -0.01864159 -0.007628798 -0.00193417 -0.01864159 -0.007628798 -0.007308304 -0.004936277 -0.007628798 -0.008124768 -0.004354834 -0.007628798 -0.008775591 -0.003774821 -0.007628798 -0.009287774 -0.00320667 -0.007628798 -0.009685337 -0.002655029 -0.007628798 -0.00998795 -0.002120554 -0.007628798 -0.01021105 -0.001601576 -0.007628798 -0.01036584 -0.001095294 -0.007628798 -0.01046013 -5.98017e-4 -0.007628798 -0.0104987 -1.05743e-4 -0.007628798 -0.01048338 3.85638e-4 -0.007628798 -0.01041352 8.80275e-4 -0.007628798 -0.01028549 0.001382231 -0.007628798 -0.01009303 0.001895308 -0.007628798 -0.009826302 0.002422809 -0.007628798 -0.009471774 0.002967 -0.007628798 -0.009011685 0.003528296 -0.007628798 -0.008423686 0.004104137 -0.007628798 -0.007681965 0.004686713 -0.007628798 -0.006759166 0.005261063 -0.007628798 0.00193423 -0.01864159 3.71192e-4 0.00193423 -0.01864159 3.71192e-4 0.0015226 -0.01801627 -0.007628798 0.0015226 -0.01801627 3.71192e-4 0.001209855 -0.01743388 -0.007628798 0.001209855 -0.01743388 3.71192e-4 0.001012742 -0.01697105 -0.007628798 0.001012742 -0.01697105 3.71192e-4 8.84506e-4 -0.01656961 -0.007628798 8.84506e-4 -0.01656961 3.71192e-4 8.32216e-4 -0.01632511 -0.007628798 8.32216e-4 -0.01632511 3.71192e-4 0.018507 0.002956449 3.71192e-4 0.01864159 0.00193423 -0.007628798 0.018507 0.002956449 -0.007628798 0.01864159 0.00193423 3.71192e-4 0.01864159 -0.00193423 3.71192e-4 0.018507 -0.002956449 -0.007628798 0.01864159 -0.00193423 -0.007628798 0.018507 -0.002956449 3.71192e-4 0.01750582 -0.006693124 3.71192e-4 0.01711124 -0.007645666 -0.007628798 0.01750582 -0.006693124 -0.007628798 0.01711124 -0.007645666 3.71192e-4 0.01181387 -0.01454931 3.71192e-4 0.01099592 -0.01517695 -0.007628798 0.01181387 -0.01454931 -0.007628798 0.01099592 -0.01517695 3.71192e-4 0.01517701 -0.01099586 3.71192e-4 0.01454931 -0.01181387 -0.007628798 0.01517701 -0.01099586 -0.007628798 0.01454931 -0.01181387 3.71192e-4 0.007645726 -0.01711118 3.71192e-4 0.006693124 -0.01750576 -0.007628798 0.007645726 -0.01711118 -0.007628798 0.006693124 -0.01750576 3.71192e-4 0.01490283 0.004253327 3.71192e-4 0.01503294 0.003767848 -0.007628798 0.01490283 0.004253327 -0.007628798 0.01503294 0.003767848 3.71192e-4 -0.01454925 -0.01181387 3.71192e-4 -0.01517689 -0.01099586 -0.007628798 -0.01454925 -0.01181387 -0.007628798 -0.01517689 -0.01099586 -0.002628803 0.005529224 -2.68724e-4 -0.002628803 0.00357598 -6.98664e-4 -0.002628803 0.005565464 -3.99139e-4 -0.002628803 0.003670156 -0.001037716 -0.002628803 0.005615532 -5.24871e-4 -0.002628803 0.003800392 -0.001364648 -0.002628803 0.005678951 -6.44453e-4 -0.002628803 0.003965258 -0.001675546 -0.002628803 0.005754888 -7.5648e-4 -0.002628803 0.004162728 -0.001966774 -0.002628803 0.005842506 -8.59633e-4 -0.002628803 0.004390537 -0.002234995 -0.002628803 0.005940794 -9.52714e-4 -0.002628803 0.004646003 -0.00247699 -0.002628803 0.00604856 -0.001034617 -0.002628803 0.004926145 -0.002689957 -0.002628803 0.006164491 -0.001104354 -0.002628803 0.005227684 -0.002871394 -0.002628803 0.006287336 -0.001161217 -0.002628803 0.005547046 -0.003019154 -0.002628803 0.006415605 -0.001204431 -0.002628803 0.005880534 -0.003131508 -0.002628803 0.006547808 -0.001233518 -0.002628803 0.006224215 -0.003207147 -0.002628803 0.006682336 -0.001248121 -0.002628803 0.006574094 -0.003245234 -0.002628803 0.006817698 -0.001248121 -0.002628803 0.00692594 -0.003245234 -0.002628803 0.006952226 -0.001233518 -0.002628803 0.007275819 -0.003207147 -0.002628803 0.007084429 -0.001204431 -0.002628803 0.0076195 -0.003131508 -0.002628803 0.007212698 -0.001161217 -0.002628803 0.007952988 -0.003019154 -0.002628803 0.007335543 -0.001104354 -0.002628803 0.008272349 -0.002871394 -0.002628803 0.007451474 -0.001034617 -0.002628803 0.008573889 -0.002689957 -0.002628803 0.007559239 -9.52714e-4 -0.002628803 0.008854031 -0.00247699 -0.002628803 0.007657527 -8.59633e-4 -0.002628803 0.009109497 -0.002234995 -0.002628803 0.007745146 -7.5648e-4 -0.002628803 0.009337306 -0.001966774 -0.002628803 0.007821083 -6.44453e-4 -0.002628803 0.009534776 -0.001675546 -0.002628803 0.007884502 -5.24871e-4 -0.002628803 0.009699642 -0.001364648 -0.002628803 0.00793457 -3.99139e-4 -0.002628803 0.009829878 -0.001037716 -0.002628803 0.007970809 -2.68724e-4 -0.002628803 0.009924054 -6.98664e-4 -0.002628803 0.007992684 -1.35161e-4 -0.002628803 0.009980976 -3.51396e-4 -0.002628803 0.008000016 0 -0.002628803 0.01000005 0 -0.002628803 0.007992684 1.35138e-4 -0.002628803 0.009980976 3.51376e-4 -0.002628803 0.007970809 2.68701e-4 -0.002628803 0.009924054 6.98644e-4 -0.002628803 0.00793457 3.99116e-4 -0.002628803 0.009829878 0.001037716 -0.002628803 0.007884502 5.24852e-4 -0.002628803 0.009699642 0.001364588 -0.002628803 0.007821083 6.4443e-4 -0.002628803 0.009534776 0.001675486 -0.002628803 0.007745146 7.56457e-4 -0.002628803 0.009337306 0.001966774 -0.002628803 0.007657527 8.59614e-4 -0.002628803 0.009109497 0.002234995 -0.002628803 0.007559239 9.5269e-4 -0.002628803 0.008854031 0.00247699 -0.002628803 0.007451474 0.001034557 -0.002628803 0.008573889 0.002689957 -0.002628803 0.007335543 0.001104354 -0.002628803 0.008272349 0.002871394 -0.002628803 0.007212698 0.001161158 -0.002628803 0.007952988 0.003019154 -0.002628803 0.007084429 0.001204371 -0.002628803 0.0076195 0.003131508 -0.002628803 0.006952226 0.001233518 -0.002628803 0.007275819 0.003207147 -0.002628803 0.006817698 0.001248121 -0.002628803 0.00692594 0.003245174 -0.002628803 0.006682336 0.001248121 -0.002628803 0.006574094 0.003245174 -0.002628803 0.006547808 0.001233518 -0.002628803 0.006224215 0.003207147 -0.002628803 0.006415605 0.001204371 -0.002628803 0.005880534 0.003131508 -0.002628803 0.006287336 0.001161158 -0.002628803 0.005547046 0.003019154 -0.002628803 0.006164491 0.001104354 -0.002628803 0.005227684 0.002871394 -0.002628803 0.00604856 0.001034557 -0.002628803 0.004926145 0.002689957 -0.002628803 0.005940794 9.5269e-4 -0.002628803 0.004646003 0.00247699 -0.002628803 0.005842506 8.59614e-4 -0.002628803 0.004390537 0.002234995 -0.002628803 0.005754888 7.56457e-4 -0.002628803 0.004162728 0.001966774 -0.002628803 0.005678951 6.4443e-4 -0.002628803 0.003965258 0.001675486 -0.002628803 0.005615532 5.24852e-4 -0.002628803 0.003800392 0.001364588 -0.002628803 0.005565464 3.99116e-4 -0.002628803 0.003670156 0.001037716 -0.002628803 0.005529224 2.68701e-4 -0.002628803 0.00357598 6.98644e-4 -0.002628803 0.005507349 1.35138e-4 -0.002628803 0.003519058 3.51376e-4 -0.002628803 0.005500018 0 -0.002628803 0.003500044 0 -0.002628803 0.005507349 -1.35161e-4 -0.002628803 0.003519058 -3.51396e-4 3.71192e-4 0.01750582 0.006693065 -0.007628798 0.01750582 0.006693065 3.71192e-4 0.01551896 4.18197e-4 3.71192e-4 -0.006224155 -0.003207147 3.71192e-4 -0.01067775 -0.01126927 3.71192e-4 -0.01061385 -0.0114839 3.71192e-4 0.007952988 -0.003019154 3.71192e-4 -0.00999993 0 3.71192e-4 -0.0107795 -0.01113492 3.71192e-4 -0.005546987 -0.003019154 3.71192e-4 -0.01369178 -0.007360756 3.71192e-4 -0.005227625 -0.002871394 3.71192e-4 -0.01354539 -0.007530272 3.71192e-4 0.004638433 -0.01493388 3.71192e-4 0.004817605 -0.01506835 3.71192e-4 0.007360816 -0.01369184 3.71192e-4 0.00692594 0.003245174 3.71192e-4 0.007275819 0.003207147 3.71192e-4 0.0076195 0.003131508 3.71192e-4 -0.009980857 3.51376e-4 3.71192e-4 0.01562559 6.1519e-4 3.71192e-4 0.01530021 0.003420114 3.71192e-4 0.01580178 7.53421e-4 3.71192e-4 0.01551413 0.003353714 3.71192e-4 0.0160185 8.09997e-4 3.71192e-4 -0.005880475 -0.003131508 3.71192e-4 -0.01322442 -0.008345544 3.71192e-4 -0.01330798 -0.008553385 3.71192e-4 0.0076195 -0.003131508 3.71192e-4 -0.01132011 -0.01065367 3.71192e-4 -0.01113486 -0.01077955 3.71192e-4 0.009534776 -0.001675546 3.71192e-4 0.009337306 -0.001966774 3.71192e-4 0.003566265 -0.0151304 3.71192e-4 0.006574094 0.003245174 3.71192e-4 0.01513046 0.003566205 3.71192e-4 0.01488196 0.004420518 3.71192e-4 -0.009923934 -6.98664e-4 3.71192e-4 -0.009980857 -3.51396e-4 3.71192e-4 -0.01064074 -0.01170629 3.71192e-4 0.008272349 -0.002871394 3.71192e-4 -0.01075392 -0.01189953 3.71192e-4 0.008573889 -0.002689957 3.71192e-4 -0.004688084 -0.0149604 3.71192e-4 -0.004476666 -0.01488643 3.71192e-4 0.008854031 -0.00247699 3.71192e-4 0.003420174 -0.01530015 3.71192e-4 0.003767907 -0.01503288 3.71192e-4 0.007530331 -0.01354545 3.71192e-4 0.01329421 -0.007965564 3.71192e-4 0.009829878 0.001037716 3.71192e-4 0.01322054 -0.008177101 3.71192e-4 0.009924054 6.98644e-4 3.71192e-4 0.009980976 3.51376e-4 3.71192e-4 0.01323729 -0.00840044 3.71192e-4 0.01170635 -0.01064079 3.71192e-4 0.0133416 -0.008598625 3.71192e-4 0.01189959 -0.01075398 3.71192e-4 0.01354551 -0.007530272 3.71192e-4 0.01364892 -0.007397294 3.71192e-4 0.01496046 -0.004688143 3.71192e-4 0.01383972 -0.007279992 3.71192e-4 0.01406151 -0.007248401 3.71192e-4 0.01511251 -0.004852592 3.71192e-4 0.01427745 -0.007307767 3.71192e-4 0.009337306 0.001966774 3.71192e-4 0.009534776 0.001675486 3.71192e-4 0.01488649 -0.004476726 3.71192e-4 0.01503294 -0.003767848 3.71192e-4 0.01509845 -0.003612637 3.71192e-4 0.009109497 0.002234995 3.71192e-4 0.01525235 -0.003449916 3.71192e-4 0.008854031 0.00247699 3.71192e-4 0.01506835 0.004817545 3.71192e-4 0.01493394 0.004638373 3.71192e-4 -0.00857377 -0.002689957 3.71192e-4 -0.008853912 -0.00247699 3.71192e-4 -0.004852533 -0.01511251 3.71192e-4 0.009109497 -0.002234995 3.71192e-4 0.004253387 -0.01490283 3.71192e-4 0.004420578 -0.0148819 3.71192e-4 0.01065367 -0.01132017 3.71192e-4 0.01077955 -0.01113492 3.71192e-4 0.009699642 -0.001364648 3.71192e-4 0.01113498 -0.01077955 3.71192e-4 0.01126933 -0.01067781 3.71192e-4 0.009829878 -0.001037716 3.71192e-4 0.009924054 -6.98664e-4 3.71192e-4 0.009699642 0.001364588 3.71192e-4 0.01490283 -0.004253327 3.71192e-4 -0.005546987 0.003019154 3.71192e-4 0.003500044 0 3.71192e-4 0.003519058 3.51376e-4 3.71192e-4 0.004162728 0.001966774 3.71192e-4 0.004390537 0.002234995 3.71192e-4 0.004646003 0.00247699 3.71192e-4 -0.009699523 -0.001364648 3.71192e-4 -0.009829819 -0.001037716 3.71192e-4 -0.009109437 -0.002234995 3.71192e-4 -0.009337246 -0.001966774 3.71192e-4 -0.009534716 -0.001675546 3.71192e-4 -0.006573975 -0.003245234 3.71192e-4 -0.00692588 -0.003245234 3.71192e-4 -0.0072757 -0.003207147 3.71192e-4 -0.00761938 -0.003131508 3.71192e-4 -0.007952868 -0.003019154 3.71192e-4 -0.00827223 -0.002871394 3.71192e-4 -0.01711112 -0.007645666 3.71192e-4 -0.01636379 -0.007689535 3.71192e-4 -0.005227625 0.002871394 3.71192e-4 -0.004926085 0.002689957 3.71192e-4 -0.004645943 0.00247699 3.71192e-4 -0.01484119 -0.01032674 3.71192e-4 -0.01381599 -0.01166278 3.71192e-4 0.003353774 -0.01551407 3.71192e-4 0.007965564 -0.01329416 3.71192e-4 0.008121669 -0.01323068 3.71192e-4 0.008345544 -0.01322448 3.71192e-4 0.01061207 -0.01154029 3.71192e-4 0.008553385 -0.01330804 3.71192e-4 0.01066154 -0.01175868 3.71192e-4 0.008710741 -0.01346743 3.71192e-4 0.01549589 2.51285e-4 3.71192e-4 0.0154584 -0.003361999 3.71192e-4 0.01549589 -2.51308e-4 3.71192e-4 0.01553791 -4.71313e-4 3.71192e-4 0.004926145 0.002689957 3.71192e-4 0.005227684 0.002871394 3.71192e-4 0.005547046 0.003019154 3.71192e-4 -0.009109437 0.002234995 3.71192e-4 -0.009337246 0.001966774 3.71192e-4 -0.009534716 0.001675486 3.71192e-4 -0.009923934 6.98644e-4 3.71192e-4 -0.009829819 0.001037716 3.71192e-4 -0.009699523 0.001364588 3.71192e-4 0.01801627 0.001522541 3.71192e-4 0.01779645 0.003192186 3.71192e-4 0.01743388 0.001209795 3.71192e-4 0.0170083 0.006133615 3.71192e-4 -0.01570302 -0.00766915 3.71192e-4 -0.01520365 -0.007608473 3.71192e-4 -0.01479184 -0.007518827 3.71192e-4 -0.01455402 -0.007441878 3.71192e-4 -0.004390418 0.002234995 3.71192e-4 -0.004162609 0.001966774 3.71192e-4 -0.003965139 0.001675486 3.71192e-4 -0.003800332 -0.001364648 3.71192e-4 -0.003965139 -0.001675546 3.71192e-4 0.00692594 -0.003245234 3.71192e-4 0.006574094 -0.003245234 3.71192e-4 -0.01323062 -0.008121669 3.71192e-4 0.006224215 -0.003207147 3.71192e-4 0.005880534 -0.003131508 3.71192e-4 0.005547046 -0.003019154 3.71192e-4 0.005227684 -0.002871394 3.71192e-4 0.004926145 -0.002689957 3.71192e-4 0.004646003 -0.00247699 3.71192e-4 0.004390537 -0.002234995 3.71192e-4 0.004162728 -0.001966774 3.71192e-4 -0.0132941 -0.007965564 3.71192e-4 0.003519058 -3.51396e-4 3.71192e-4 0.00357598 -6.98664e-4 3.71192e-4 -0.01318305 -0.0114721 3.71192e-4 -0.01271641 -0.01128423 3.71192e-4 -0.01449316 -0.009764671 3.71192e-4 -0.01234185 -0.01109105 3.71192e-4 -0.01419097 -0.009362578 3.71192e-4 -0.01213198 -0.01095515 3.71192e-4 -0.01390743 -0.009050786 3.71192e-4 0.01148396 -0.01061391 3.71192e-4 0.01000005 0 3.71192e-4 0.009980976 -3.51396e-4 3.71192e-4 0.007952988 0.003019154 3.71192e-4 0.005880534 0.003131508 3.71192e-4 0.006224215 0.003207147 3.71192e-4 -0.008853912 0.00247699 3.71192e-4 -0.00857377 0.002689957 3.71192e-4 -0.00827223 0.002871394 3.71192e-4 0.0166549 0.003414213 3.71192e-4 0.01632517 8.32159e-4 3.71192e-4 0.01715296 0.003343522 3.71192e-4 0.01656967 8.84447e-4 3.71192e-4 0.01697111 0.001012682 3.71192e-4 0.01652669 0.005680799 3.71192e-4 0.01613068 0.005370616 3.71192e-4 0.01577615 0.005142807 3.71192e-4 -0.01427733 -0.007307767 3.71192e-4 -0.01411736 -0.007254838 3.71192e-4 -0.0138936 -0.0072636 3.71192e-4 -0.004162609 -0.001966774 3.71192e-4 -0.004390418 -0.002234995 3.71192e-4 -0.004645943 -0.00247699 3.71192e-4 0.007275819 -0.003207147 3.71192e-4 0.003965258 -0.001675546 3.71192e-4 0.003800392 -0.001364648 3.71192e-4 0.003670156 -0.001037716 3.71192e-4 -0.01372182 -0.008883237 3.71192e-4 -0.01189947 -0.01075398 3.71192e-4 -0.01346737 -0.008710741 3.71192e-4 -0.01175868 -0.01066148 3.71192e-4 -0.01154023 -0.01061201 3.71192e-4 -0.01181381 -0.01454931 3.71192e-4 -0.01166272 -0.01381605 3.71192e-4 -0.01147204 -0.01318311 3.71192e-4 0.01381605 -0.01166278 3.71192e-4 0.01484125 -0.01032674 3.71192e-4 0.01318311 -0.0114721 3.71192e-4 0.01636385 -0.007689535 3.71192e-4 0.0170083 -0.006133615 3.71192e-4 0.01570314 -0.00766915 3.71192e-4 -0.007952868 0.003019154 3.71192e-4 -0.00761938 0.003131508 3.71192e-4 -0.0072757 0.003207147 3.71192e-4 -0.00692588 0.003245174 3.71192e-4 0.00357598 6.98644e-4 3.71192e-4 0.003670156 0.001037716 3.71192e-4 -0.005880475 0.003131508 3.71192e-4 0.003800392 0.001364588 3.71192e-4 -0.006224155 0.003207147 3.71192e-4 0.003965258 0.001675486 3.71192e-4 0.01555353 0.005029022 3.71192e-4 0.01526308 0.00492829 3.71192e-4 -0.003800332 0.001364588 3.71192e-4 -0.003670036 0.001037716 3.71192e-4 -0.003575921 6.98644e-4 3.71192e-4 -0.003518998 -3.51396e-4 3.71192e-4 -0.003575921 -6.98664e-4 3.71192e-4 -0.003670036 -0.001037716 3.71192e-4 -0.01095515 -0.01213204 3.71192e-4 -0.01109099 -0.01234185 3.71192e-4 -0.01128417 -0.01271647 3.71192e-4 -0.003612577 -0.01509839 3.71192e-4 -0.003449857 -0.01525235 3.71192e-4 0.006133675 -0.0170083 3.71192e-4 0.007689535 -0.01636379 3.71192e-4 0.01419103 -0.009362578 3.71192e-4 0.0121321 -0.01095515 3.71192e-4 0.01449328 -0.009764671 3.71192e-4 0.01234191 -0.01109105 3.71192e-4 0.01271647 -0.01128423 3.71192e-4 0.01613068 -0.005370616 3.71192e-4 0.01455408 -0.007441878 3.71192e-4 0.01652669 -0.005680799 3.71192e-4 0.01479196 -0.007518827 3.71192e-4 0.01520377 -0.007608473 3.71192e-4 0.008573889 0.002689957 3.71192e-4 0.008272349 0.002871394 3.71192e-4 0.01623398 0.003434181 3.71192e-4 0.01598429 0.003421425 3.71192e-4 0.01568233 0.00336343 3.71192e-4 -0.003518998 3.51376e-4 3.71192e-4 -0.003499925 0 3.71192e-4 -0.004926085 -0.002689957 3.71192e-4 0.002956509 -0.018507 3.71192e-4 0.003192245 -0.01779645 3.71192e-4 0.00766921 -0.01570308 3.71192e-4 0.007608532 -0.01520371 3.71192e-4 0.005680859 -0.01652669 3.71192e-4 0.007518887 -0.0147919 3.71192e-4 0.005370676 -0.01613068 3.71192e-4 0.007441937 -0.01455408 3.71192e-4 0.005142867 -0.01577609 3.71192e-4 0.01032674 -0.01484125 3.71192e-4 0.01166284 -0.01381605 3.71192e-4 0.00976473 -0.01449322 3.71192e-4 0.01779645 -0.003192245 3.71192e-4 0.01801627 -0.001522541 3.71192e-4 0.003414273 -0.0166549 3.71192e-4 0.003343582 -0.01715296 3.71192e-4 0.005029082 -0.01555347 3.71192e-4 0.007307767 -0.01427739 3.71192e-4 0.00492829 -0.01526302 3.71192e-4 0.007254838 -0.01411741 3.71192e-4 0.0072636 -0.01389366 3.71192e-4 0.01128429 -0.01271647 3.71192e-4 0.008883297 -0.01372188 3.71192e-4 0.01147216 -0.01318311 3.71192e-4 0.009050786 -0.01390749 3.71192e-4 0.009362578 -0.01419103 3.71192e-4 0.01390749 -0.009050786 3.71192e-4 0.01372194 -0.008883237 3.71192e-4 0.01346743 -0.008710741 3.71192e-4 0.01577615 -0.005142807 3.71192e-4 0.01555353 -0.005029082 3.71192e-4 0.01526308 -0.00492829 3.71192e-4 0.01743388 -0.001209855 3.71192e-4 0.01697111 -0.001012682 3.71192e-4 0.01715296 -0.003343582 3.71192e-4 0.01656967 -8.8447e-4 3.71192e-4 0.0166549 -0.003414213 3.71192e-4 0.01632517 -8.32182e-4 3.71192e-4 0.01623398 -0.003434181 3.71192e-4 -0.006573975 0.003245174 3.71192e-4 0.01598429 -0.003421425 3.71192e-4 0.0160185 -8.1002e-4 3.71192e-4 0.01568233 -0.00336349 3.71192e-4 0.01585352 -7.75859e-4 3.71192e-4 0.0156641 -6.56374e-4 3.71192e-4 -0.00336194 -0.01545834 3.71192e-4 0.00343424 -0.01623392 3.71192e-4 0.003421485 -0.01598423 3.71192e-4 0.00336349 -0.01568233 3.71192e-4 0.01109111 -0.01234185 3.71192e-4 0.01095521 -0.01213204 3.71192e-4 0.01075404 -0.01189953 -0.002628803 -0.007745027 -7.5648e-4 -0.002628803 -0.009337246 -0.001966774 -0.002628803 -0.007657408 -8.59633e-4 -0.002628803 -0.009109437 -0.002234995 -0.002628803 -0.00755918 -9.52714e-4 -0.002628803 -0.008853912 -0.00247699 -0.002628803 -0.007451415 -0.001034617 -0.002628803 -0.00857377 -0.002689957 -0.002628803 -0.007335424 -0.001104354 -0.002628803 -0.00827223 -0.002871394 -0.002628803 -0.007212579 -0.001161217 -0.002628803 -0.007952868 -0.003019154 -0.002628803 -0.00708431 -0.001204431 -0.002628803 -0.00761938 -0.003131508 -0.002628803 -0.006952166 -0.001233518 -0.002628803 -0.0072757 -0.003207147 -0.002628803 -0.006817579 -0.001248121 -0.002628803 -0.00692588 -0.003245234 -0.002628803 -0.006682276 -0.001248121 -0.002628803 -0.006573975 -0.003245234 -0.002628803 -0.006547689 -0.001233518 -0.002628803 -0.006224155 -0.003207147 -0.002628803 -0.006415486 -0.001204431 -0.002628803 -0.005880475 -0.003131508 -0.002628803 -0.006287276 -0.001161217 -0.002628803 -0.005546987 -0.003019154 -0.002628803 -0.006164431 -0.001104354 -0.002628803 -0.005227625 -0.002871394 -0.002628803 -0.00604844 -0.001034617 -0.002628803 -0.004926085 -0.002689957 -0.002628803 -0.005940675 -9.52714e-4 -0.002628803 -0.004645943 -0.00247699 -0.002628803 -0.005842447 -8.59633e-4 -0.002628803 -0.004390418 -0.002234995 -0.002628803 -0.005754828 -7.5648e-4 -0.002628803 -0.004162609 -0.001966774 -0.002628803 -0.005678832 -6.44453e-4 -0.002628803 -0.003965139 -0.001675546 -0.002628803 -0.005615472 -5.24871e-4 -0.002628803 -0.003800332 -0.001364648 -0.002628803 -0.005565345 -3.99139e-4 -0.002628803 -0.003670036 -0.001037716 -0.002628803 -0.005529165 -2.68724e-4 -0.002628803 -0.003575921 -6.98664e-4 -0.002628803 -0.00550723 -1.35161e-4 -0.002628803 -0.003518998 -3.51396e-4 -0.002628803 -0.005499899 0 -0.002628803 -0.003499925 0 -0.002628803 -0.00550723 1.35138e-4 -0.002628803 -0.003518998 3.51376e-4 -0.002628803 -0.005529165 2.68701e-4 -0.002628803 -0.003575921 6.98644e-4 -0.002628803 -0.005565345 3.99116e-4 -0.002628803 -0.003670036 0.001037716 -0.002628803 -0.005615472 5.24852e-4 -0.002628803 -0.003800332 0.001364588 -0.002628803 -0.005678832 6.4443e-4 -0.002628803 -0.003965139 0.001675486 -0.002628803 -0.005754828 7.56457e-4 -0.002628803 -0.004162609 0.001966774 -0.002628803 -0.005842447 8.59614e-4 -0.002628803 -0.004390418 0.002234995 -0.002628803 -0.005940675 9.5269e-4 -0.002628803 -0.004645943 0.00247699 -0.002628803 -0.00604844 0.001034557 -0.002628803 -0.004926085 0.002689957 -0.002628803 -0.006164431 0.001104354 -0.002628803 -0.005227625 0.002871394 -0.002628803 -0.006287276 0.001161158 -0.002628803 -0.005546987 0.003019154 -0.002628803 -0.006415486 0.001204371 -0.002628803 -0.005880475 0.003131508 -0.002628803 -0.006547689 0.001233518 -0.002628803 -0.006224155 0.003207147 -0.002628803 -0.006682276 0.001248121 -0.002628803 -0.006573975 0.003245174 -0.002628803 -0.006817579 0.001248121 -0.002628803 -0.00692588 0.003245174 -0.002628803 -0.006952166 0.001233518 -0.002628803 -0.0072757 0.003207147 -0.002628803 -0.00708431 0.001204371 -0.002628803 -0.00761938 0.003131508 -0.002628803 -0.007212579 0.001161158 -0.002628803 -0.007952868 0.003019154 -0.002628803 -0.007335424 0.001104354 -0.002628803 -0.00827223 0.002871394 -0.002628803 -0.007451415 0.001034557 -0.002628803 -0.00857377 0.002689957 -0.002628803 -0.00755918 9.5269e-4 -0.002628803 -0.008853912 0.00247699 -0.002628803 -0.007657408 8.59614e-4 -0.002628803 -0.009109437 0.002234995 -0.002628803 -0.007745027 7.56457e-4 -0.002628803 -0.009337246 0.001966774 -0.002628803 -0.007821023 6.4443e-4 -0.002628803 -0.009534716 0.001675486 -0.002628803 -0.007884383 5.24852e-4 -0.002628803 -0.009699523 0.001364588 -0.002628803 -0.00793451 3.99116e-4 -0.002628803 -0.009829819 0.001037716 -0.002628803 -0.00797069 2.68701e-4 -0.002628803 -0.009923934 6.98644e-4 -0.002628803 -0.007992625 1.35138e-4 -0.002628803 -0.009980857 3.51376e-4 -0.002628803 -0.007999897 0 -0.002628803 -0.00999993 0 -0.002628803 -0.007992625 -1.35161e-4 -0.002628803 -0.009980857 -3.51396e-4 -0.002628803 -0.00797069 -2.68724e-4 -0.002628803 -0.009923934 -6.98664e-4 -0.002628803 -0.00793451 -3.99139e-4 -0.002628803 -0.009829819 -0.001037716 -0.002628803 -0.007884383 -5.24871e-4 -0.002628803 -0.009699523 -0.001364648 -0.002628803 -0.007821023 -6.44453e-4 -0.002628803 -0.009534716 -0.001675546 -0.007628798 0.002956509 -0.018507 -0.007628798 0.01636385 -0.007689535 -0.007628798 0.01570314 -0.00766915 -0.007628798 0.01520377 -0.007608473 -0.007628798 0.01479196 -0.007518827 -0.007628798 0.01455408 -0.007441878 -0.007628798 0.01427745 -0.007307767 -0.007628798 -0.0132941 -0.007965564 -0.007628798 -0.01354539 -0.007530272 -0.007628798 0.0170083 0.006133615 -0.007628798 0.01652669 0.005680799 -0.007628798 0.01613068 0.005370616 -0.007628798 0.01577615 0.005142807 -0.007628798 0.01555353 0.005029022 -0.007628798 0.01526308 0.00492829 -0.007628798 -0.01181381 -0.01454931 -0.007628798 -0.00336194 -0.01545834 -0.007628798 -0.003449857 -0.01525235 -0.007628798 -0.003612577 -0.01509839 -0.007628798 0.01551896 4.18197e-4 -0.007628798 0.01549589 2.51285e-4 -0.007628798 -0.004476666 -0.01488643 -0.007628798 -0.01075392 -0.01189953 -0.007628798 -0.01064074 -0.01170629 -0.007628798 0.01506835 0.004817545 -0.007628798 0.003566265 -0.0151304 -0.007628798 0.003420174 -0.01530015 -0.007628798 -0.004688084 -0.0149604 -0.007628798 0.0160185 8.09997e-4 -0.007628798 0.01580178 7.53421e-4 -0.007628798 0.01551413 0.003353714 -0.007628798 0.01530021 0.003420114 -0.007628798 0.01562559 6.1519e-4 -0.007628798 0.007530331 -0.01354545 -0.007628798 0.007360816 -0.01369184 -0.007628798 0.004817605 -0.01506835 -0.007628798 0.008121669 -0.01323068 -0.007628798 0.007965564 -0.01329416 -0.007628798 -0.004852533 -0.01511251 -0.007628798 0.01406151 -0.007248401 -0.007628798 0.01511251 -0.004852592 -0.007628798 0.01189959 -0.01075398 -0.007628798 0.01170635 -0.01064079 -0.007628798 0.0133416 -0.008598625 -0.007628798 0.01323729 -0.00840044 -0.007628798 0.01513046 0.003566205 -0.007628798 -0.01061385 -0.0114839 -0.007628798 -0.01067775 -0.01126927 -0.007628798 0.004638433 -0.01493388 -0.007628798 0.01553791 -4.71313e-4 -0.007628798 0.0154584 -0.003361999 -0.007628798 0.01549589 -2.51308e-4 -0.007628798 0.01525235 -0.003449916 -0.007628798 0.01509845 -0.003612637 -0.007628798 0.008710741 -0.01346743 -0.007628798 0.008553385 -0.01330804 -0.007628798 0.01066154 -0.01175868 -0.007628798 0.01061207 -0.01154029 -0.007628798 0.003353774 -0.01551407 -0.007628798 0.01490283 -0.004253327 -0.007628798 0.01488649 -0.004476726 -0.007628798 0.01148396 -0.01061391 -0.007628798 0.01496046 -0.004688143 -0.007628798 0.01126933 -0.01067781 -0.007628798 0.01488196 0.004420518 -0.007628798 0.01493394 0.004638373 -0.007628798 -0.01166272 -0.01381605 -0.007628798 -0.01369178 -0.007360756 -0.007628798 0.008345544 -0.01322448 -0.007628798 0.01383972 -0.007279992 -0.007628798 0.01364892 -0.007397294 -0.007628798 0.01779645 0.003192186 -0.007628798 0.01801627 0.001522541 -0.007628798 -0.01147204 -0.01318311 -0.007628798 -0.01128417 -0.01271647 -0.007628798 -0.01109099 -0.01234185 -0.007628798 -0.01095515 -0.01213204 -0.007628798 -0.0107795 -0.01113492 -0.007628798 0.007689535 -0.01636379 -0.007628798 0.006133675 -0.0170083 -0.007628798 0.00766921 -0.01570308 -0.007628798 0.004420578 -0.0148819 -0.007628798 0.004253387 -0.01490283 -0.007628798 0.003767907 -0.01503288 -0.007628798 0.01503294 -0.003767848 -0.007628798 0.01113498 -0.01077955 -0.007628798 0.01077955 -0.01113492 -0.007628798 0.01065367 -0.01132017 -0.007628798 0.01743388 0.001209795 -0.007628798 0.01697111 0.001012682 -0.007628798 0.01715296 0.003343522 -0.007628798 0.01656967 8.84447e-4 -0.007628798 0.0166549 0.003414213 -0.007628798 0.01632517 8.32159e-4 -0.007628798 0.005370676 -0.01613068 -0.007628798 0.007441937 -0.01455408 -0.007628798 0.005680859 -0.01652669 -0.007628798 0.007518887 -0.0147919 -0.007628798 0.007608532 -0.01520371 -0.007628798 0.01801627 -0.001522541 -0.007628798 0.01779645 -0.003192245 -0.007628798 0.01743388 -0.001209855 -0.007628798 0.01484125 -0.01032674 -0.007628798 0.01381605 -0.01166278 -0.007628798 0.01568233 0.00336343 -0.007628798 0.01598429 0.003421425 -0.007628798 0.01623398 0.003434181 -0.007628798 0.0166549 -0.003414213 -0.007628798 0.01632517 -8.32182e-4 -0.007628798 0.01715296 -0.003343582 -0.007628798 0.01656967 -8.8447e-4 -0.007628798 0.01697111 -0.001012682 -0.007628798 0.0170083 -0.006133615 -0.007628798 0.01354551 -0.007530272 -0.007628798 0.01329421 -0.007965564 -0.007628798 0.01322054 -0.008177101 -0.007628798 0.01318311 -0.0114721 -0.007628798 0.01271647 -0.01128423 -0.007628798 0.01449328 -0.009764671 -0.007628798 0.01234191 -0.01109105 -0.007628798 0.01419103 -0.009362578 -0.007628798 0.0121321 -0.01095515 -0.007628798 0.01166284 -0.01381605 -0.007628798 0.01032674 -0.01484125 -0.007628798 -0.01113486 -0.01077955 -0.007628798 -0.01132011 -0.01065367 -0.007628798 0.0072636 -0.01389366 -0.007628798 0.007254838 -0.01411741 -0.007628798 0.00492829 -0.01526302 -0.007628798 0.007307767 -0.01427739 -0.007628798 0.005029082 -0.01555347 -0.007628798 0.005142867 -0.01577609 -0.007628798 0.01652669 -0.005680799 -0.007628798 0.01613068 -0.005370616 -0.007628798 0.01346743 -0.008710741 -0.007628798 0.01372194 -0.008883237 -0.007628798 0.01390749 -0.009050786 -0.007628798 0.00976473 -0.01449322 -0.007628798 0.009362578 -0.01419103 -0.007628798 0.01147216 -0.01318311 -0.007628798 0.009050786 -0.01390749 -0.007628798 0.01128429 -0.01271647 -0.007628798 0.008883297 -0.01372188 -0.007628798 -0.01711112 -0.007645666 -0.007628798 -0.01636379 -0.007689535 -0.007628798 -0.01570302 -0.00766915 -0.007628798 0.003192245 -0.01779645 -0.007628798 0.0156641 -6.56374e-4 -0.007628798 0.01585352 -7.75859e-4 -0.007628798 0.01568233 -0.00336349 -0.007628798 0.0160185 -8.1002e-4 -0.007628798 0.01598429 -0.003421425 -0.007628798 0.01623398 -0.003434181 -0.007628798 0.01526308 -0.00492829 -0.007628798 0.01555353 -0.005029082 -0.007628798 0.01577615 -0.005142807 -0.007628798 0.01075404 -0.01189953 -0.007628798 0.01095521 -0.01213204 -0.007628798 0.01109111 -0.01234185 -0.007628798 -0.01381599 -0.01166278 -0.007628798 -0.01484119 -0.01032674 -0.007628798 -0.01318305 -0.0114721 -0.007628798 -0.01455402 -0.007441878 -0.007628798 -0.01479184 -0.007518827 -0.007628798 -0.01520365 -0.007608473 -0.007628798 0.003343582 -0.01715296 -0.007628798 0.003414273 -0.0166549 -0.007628798 -0.01419097 -0.009362578 -0.007628798 -0.01213198 -0.01095515 -0.007628798 -0.01449316 -0.009764671 -0.007628798 -0.01234185 -0.01109105 -0.007628798 -0.01271641 -0.01128423 -0.007628798 0.00336349 -0.01568233 -0.007628798 0.003421485 -0.01598423 -0.007628798 0.00343424 -0.01623392 -0.007628798 -0.0138936 -0.0072636 -0.007628798 -0.01411736 -0.007254838 -0.007628798 -0.01427733 -0.007307767 -0.007628798 -0.01390743 -0.009050786 -0.007628798 -0.01372182 -0.008883237 -0.007628798 -0.01189947 -0.01075398 -0.007628798 -0.01346737 -0.008710741 -0.007628798 -0.01175868 -0.01066148 -0.007628798 -0.01330798 -0.008553385 -0.007628798 -0.01154023 -0.01061201 -0.007628798 -0.01322442 -0.008345544 -0.007628798 -0.01323062 -0.008121669 -0.002628803 0.006882488 -0.001852452 -0.002678096 0.006876349 -0.001766443 -0.002628803 0.007014334 -0.001838266 -0.002678096 0.007002055 -0.001752972 -0.002628803 0.007144808 -0.001814723 -0.002678096 0.00712645 -0.001730501 -0.002628803 0.007273256 -0.00178194 -0.002678096 0.007248938 -0.001699268 -0.002628803 0.007399022 -0.001740097 -0.002678096 0.007368922 -0.001659333 -0.002628803 0.00752151 -0.001689374 -0.002678096 0.007485687 -0.001610934 -0.002628803 0.007640063 -0.001630008 -0.002678096 0.007598757 -0.001554369 -0.002628803 0.007754087 -0.001562356 -0.002678096 0.007707476 -0.001489818 -0.002628803 0.007862985 -0.001486718 -0.002678096 0.007811367 -0.001417756 -0.002628803 0.00796622 -0.00140357 -0.002678096 0.007909774 -0.001338422 -0.002628803 0.008063256 -0.001313209 -0.002678096 0.008002281 -0.001252293 -0.002628803 0.008153617 -0.001216173 -0.002678096 0.008088469 -0.001159727 -0.002628803 0.008236765 -0.001112937 -0.002678096 0.008167803 -0.00106132 -0.002628803 0.008312404 -0.00100404 -0.002678096 0.008239865 -9.57486e-4 -0.002628803 0.008380055 -8.90069e-4 -0.002678096 0.008304417 -8.48763e-4 -0.002628803 0.008439362 -7.71519e-4 -0.002678096 0.008360981 -7.35712e-4 -0.002628803 0.008490145 -6.49035e-4 -0.002678096 0.00840938 -6.18913e-4 -0.002628803 0.008531987 -5.23243e-4 -0.002678096 0.008449256 -4.98958e-4 -0.002628803 0.00856477 -3.94784e-4 -0.002678096 0.008480548 -3.76463e-4 -0.002628803 0.008588314 -2.64317e-4 -0.002678096 0.008503019 -2.5205e-4 -0.002628803 0.008602499 -1.32502e-4 -0.002678096 0.00851649 -1.26351e-4 -0.002628803 0.008607208 0 -0.002678096 0.00852102 0 -0.002628803 0.008602499 1.32478e-4 -0.002678096 0.00851649 1.26332e-4 -0.002628803 0.008588314 2.64294e-4 -0.002678096 0.008503019 2.5203e-4 -0.002628803 0.00856477 3.94765e-4 -0.002678096 0.008480548 3.76444e-4 -0.002628803 0.008531987 5.2322e-4 -0.002678096 0.008449256 4.98939e-4 -0.002628803 0.008490145 6.49012e-4 -0.002678096 0.00840938 6.1889e-4 -0.002628803 0.008439362 7.71496e-4 -0.002678096 0.008360981 7.35689e-4 -0.002628803 0.008380055 8.90046e-4 -0.002678096 0.008304417 8.4874e-4 -0.002628803 0.008312404 0.00100404 -0.002678096 0.008239865 9.57466e-4 -0.002628803 0.008236765 0.001112937 -0.002678096 0.008167803 0.00106126 -0.002628803 0.008153617 0.001216173 -0.002678096 0.008088469 0.001159727 -0.002628803 0.008063256 0.001313209 -0.002678096 0.008002281 0.001252233 -0.002628803 0.00796622 0.00140351 -0.002678096 0.007909774 0.001338422 -0.002628803 0.007862985 0.001486718 -0.002678096 0.007811367 0.001417696 -0.002628803 0.007754087 0.001562356 -0.002678096 0.007707476 0.001489818 -0.002628803 0.007640063 0.001630008 -0.002678096 0.007598757 0.00155431 -0.002628803 0.00752151 0.001689314 -0.002678096 0.007485687 0.001610934 -0.002628803 0.007399022 0.001740038 -0.002678096 0.007368922 0.001659274 -0.002628803 0.007273256 0.00178194 -0.002678096 0.007248938 0.001699209 -0.002628803 0.007144808 0.001814723 -0.002678096 0.00712645 0.001730501 -0.002628803 0.007014334 0.001838266 -0.002678096 0.007002055 0.001752912 -0.002628803 0.006882488 0.001852452 -0.002678096 0.006876349 0.001766443 -0.002628803 0.006749987 0.001857161 -0.002678096 0.006749987 0.001770973 -0.002628803 0.006617546 0.001852452 -0.002678096 0.006623685 0.001766443 -0.002628803 0.0064857 0.001838266 -0.002678096 0.006497979 0.001752912 -0.002628803 0.006355226 0.001814723 -0.002678096 0.006373584 0.001730501 -0.002628803 0.006226778 0.00178194 -0.002678096 0.006251096 0.001699209 -0.002628803 0.006101012 0.001740038 -0.002678096 0.006131112 0.001659274 -0.002628803 0.005978524 0.001689314 -0.002678096 0.006014287 0.001610934 -0.002628803 0.005859971 0.001630008 -0.002678096 0.005901277 0.00155431 -0.002628803 0.005745947 0.001562356 -0.002678096 0.005792558 0.001489818 -0.002628803 0.005637049 0.001486718 -0.002678096 0.005688667 0.001417696 -0.002628803 0.005533814 0.00140351 -0.002678096 0.00559026 0.001338422 -0.002628803 0.005436778 0.001313209 -0.002678096 0.005497753 0.001252233 -0.002628803 0.005346417 0.001216173 -0.002678096 0.005411565 0.001159727 -0.002628803 0.005263268 0.001112937 -0.002678096 0.005332231 0.00106126 -0.002628803 0.00518763 0.00100404 -0.002678096 0.005260169 9.57466e-4 -0.002628803 0.005119979 8.90046e-4 -0.002678096 0.005195617 8.4874e-4 -0.002628803 0.005060672 7.71496e-4 -0.002678096 0.005139052 7.35689e-4 -0.002628803 0.005009889 6.49012e-4 -0.002678096 0.005090653 6.1889e-4 -0.002628803 0.004968047 5.2322e-4 -0.002678096 0.005050778 4.98939e-4 -0.002628803 0.004935264 3.94765e-4 -0.002678096 0.005019485 3.76444e-4 -0.002628803 0.00491172 2.64294e-4 -0.002678096 0.004997014 2.5203e-4 -0.002628803 0.004897534 1.32478e-4 -0.002678096 0.004983544 1.26332e-4 -0.002628803 0.004892826 0 -0.002678096 0.004979014 0 -0.002628803 0.004897534 -1.32502e-4 -0.002678096 0.004983544 -1.26351e-4 -0.002628803 0.00491172 -2.64317e-4 -0.002678096 0.004997014 -2.5205e-4 -0.002628803 0.004935264 -3.94784e-4 -0.002678096 0.005019485 -3.76463e-4 -0.002628803 0.004968047 -5.23243e-4 -0.002678096 0.005050778 -4.98958e-4 -0.002628803 0.005009889 -6.49035e-4 -0.002678096 0.005090653 -6.18913e-4 -0.002628803 0.005060672 -7.71519e-4 -0.002678096 0.005139052 -7.35712e-4 -0.002628803 0.005119979 -8.90069e-4 -0.002678096 0.005195617 -8.48763e-4 -0.002628803 0.00518763 -0.00100404 -0.002678096 0.005260169 -9.57486e-4 -0.002628803 0.005263268 -0.001112937 -0.002678096 0.005332231 -0.00106132 -0.002628803 0.005346417 -0.001216173 -0.002678096 0.005411565 -0.001159727 -0.002628803 0.005436778 -0.001313209 -0.002678096 0.005497753 -0.001252293 -0.002628803 0.005533814 -0.00140357 -0.002678096 0.00559026 -0.001338422 -0.002628803 0.005637049 -0.001486718 -0.002678096 0.005688667 -0.001417756 -0.002628803 0.005745947 -0.001562356 -0.002678096 0.005792558 -0.001489818 -0.002628803 0.005859971 -0.001630008 -0.002678096 0.005901277 -0.001554369 -0.002628803 0.005978524 -0.001689374 -0.002678096 0.006014287 -0.001610934 -0.002628803 0.006101012 -0.001740097 -0.002678096 0.006131112 -0.001659333 -0.002628803 0.006226778 -0.00178194 -0.002678096 0.006251096 -0.001699268 -0.002628803 0.006355226 -0.001814723 -0.002678096 0.006373584 -0.001730501 -0.002628803 0.0064857 -0.001838266 -0.002678096 0.006497979 -0.001752972 -0.002628803 0.006617546 -0.001852452 -0.002678096 0.006623685 -0.001766443 -0.002628803 0.006749987 -0.001857161 -0.002678096 0.006749987 -0.001770973 -0.003115296 0.006534576 -0.001498401 -0.003115296 0.006749987 -0.001513779 -0.003115296 0.006323516 -0.001452445 -0.003115296 0.006121158 -0.001376986 -0.003115296 0.005931615 -0.001273453 -0.003115296 0.005758702 -0.001144051 -0.003115296 0.005605936 -9.91345e-4 -0.003115296 0.005476534 -8.18435e-4 -0.003115296 0.005373001 -6.2887e-4 -0.003115296 0.005297541 -4.26498e-4 -0.003115296 0.005251646 -2.15449e-4 -0.003115296 0.005236208 0 -0.003115296 0.005251646 2.15426e-4 -0.003115296 0.005297541 4.26478e-4 -0.003115296 0.005373001 6.28847e-4 -0.003115296 0.005476534 8.18416e-4 -0.003115296 0.005605936 9.91322e-4 -0.003115296 0.005758702 0.001143991 -0.003115296 0.005931615 0.001273453 -0.003115296 0.006121158 0.001376986 -0.003115296 0.006323516 0.001452445 -0.003115296 0.006534576 0.001498341 -0.003115296 0.006749987 0.001513779 -0.003115296 0.006965458 0.001498341 -0.003115296 0.007176518 0.001452445 -0.003115296 0.007378876 0.001376986 -0.003115296 0.007568418 0.001273453 -0.003115296 0.007741332 0.001143991 -0.003115296 0.007894098 9.91322e-4 -0.003115296 0.0080235 8.18416e-4 -0.003115296 0.008127033 6.28847e-4 -0.003115296 0.008202493 4.26478e-4 -0.003115296 0.008248388 2.15426e-4 -0.003115296 0.008263826 0 -0.003115296 0.008248388 -2.15449e-4 -0.003115296 0.008202493 -4.26498e-4 -0.003115296 0.008127033 -6.2887e-4 -0.003115296 0.0080235 -8.18435e-4 -0.003115296 0.007894098 -9.91345e-4 -0.003115296 0.007741332 -0.001144051 -0.003115296 0.007568418 -0.001273453 -0.003115296 0.007378876 -0.001376986 -0.003115296 0.007176518 -0.001452445 -0.003115296 0.006965458 -0.001498401 -0.01235812 0.006749987 -0.00150001 -0.01262879 0.006882905 -0.001222133 -0.01235812 0.006912171 -0.001491189 -0.01262879 0.007014274 -0.001200616 -0.01235812 0.007072448 -0.001464903 -0.01262879 0.007142543 -0.001164972 -0.01235812 0.00722897 -0.001421451 -0.01262879 0.007266223 -0.001115739 -0.01235812 0.007379829 -0.00136137 -0.01262879 0.007383823 -0.001053392 -0.01235812 0.007523357 -0.001285254 -0.01262879 0.007493972 -9.78701e-4 -0.01235812 0.007657766 -0.001194119 -0.01262879 0.007595479 -8.92524e-4 -0.01235812 0.007781565 -0.001088976 -0.01262879 0.007686972 -7.95886e-4 -0.01235812 0.007893264 -9.7109e-4 -0.01262879 0.007767558 -6.89917e-4 -0.01235812 0.007991552 -8.41793e-4 -0.01262879 0.007836163 -5.75856e-4 -0.01235812 0.008075296 -7.02624e-4 -0.01262879 0.007892072 -4.55048e-4 -0.01235812 0.008143484 -5.55218e-4 -0.01262879 0.00793457 -3.28903e-4 -0.01235812 0.00819534 -4.01304e-4 -0.01262879 0.00796318 -1.98901e-4 -0.01235812 0.008230268 -2.42684e-4 -0.01262879 0.007977604 -6.65676e-5 -0.01235812 0.008247792 -8.12192e-5 -0.01262879 0.007977604 6.65445e-5 -0.01235812 0.008247792 8.1196e-5 -0.01262879 0.00796318 1.98878e-4 -0.01235812 0.008230268 2.42661e-4 -0.01262879 0.00793457 3.28879e-4 -0.01235812 0.00819534 4.0128e-4 -0.01262879 0.007892072 4.55025e-4 -0.01235812 0.008143484 5.55198e-4 -0.01262879 0.007836163 5.75836e-4 -0.01235812 0.008075296 7.02601e-4 -0.01262879 0.007767558 6.89894e-4 -0.01235812 0.007991552 8.4177e-4 -0.01262879 0.007686972 7.95863e-4 -0.01235812 0.007893264 9.71067e-4 -0.01262879 0.007595479 8.92505e-4 -0.01235812 0.007781565 0.001088976 -0.01262879 0.007493972 9.78678e-4 -0.01235812 0.007657766 0.001194119 -0.01262879 0.007383823 0.001053333 -0.01235812 0.007523357 0.001285254 -0.01262879 0.007266223 0.001115679 -0.01235812 0.007379829 0.00136131 -0.01262879 0.007142543 0.001164972 -0.01235812 0.00722897 0.001421451 -0.01262879 0.007014274 0.001200616 -0.01235812 0.007072448 0.001464903 -0.01262879 0.006882905 0.001222133 -0.01235812 0.006912171 0.001491189 -0.01262879 0.006749987 0.001229345 -0.01235812 0.006749987 0.00149995 -0.01262879 0.006617069 0.001222133 -0.01235812 0.006587862 0.001491189 -0.01262879 0.00648576 0.001200616 -0.01235812 0.006427586 0.001464903 -0.01262879 0.006357491 0.001164972 -0.01235812 0.006271064 0.001421451 -0.01262879 0.006233811 0.001115679 -0.01235812 0.006120204 0.00136131 -0.01262879 0.006116211 0.001053333 -0.01235812 0.005976676 0.001285254 -0.01262879 0.006006062 9.78678e-4 -0.01235812 0.005842268 0.001194119 -0.01262879 0.005904555 8.92505e-4 -0.01235812 0.005718469 0.001088976 -0.01262879 0.005813062 7.95863e-4 -0.01235812 0.00560677 9.71067e-4 -0.01262879 0.005732476 6.89894e-4 -0.01235812 0.005508482 8.4177e-4 -0.01262879 0.005663871 5.75836e-4 -0.01235812 0.005424737 7.02601e-4 -0.01262879 0.005607962 4.55025e-4 -0.01235812 0.00535655 5.55198e-4 -0.01262879 0.005565464 3.28879e-4 -0.01235812 0.005304694 4.0128e-4 -0.01262879 0.005536854 1.98878e-4 -0.01235812 0.005269765 2.42661e-4 -0.01262879 0.005522429 6.65445e-5 -0.01235812 0.005252242 8.1196e-5 -0.01262879 0.005522429 -6.65676e-5 -0.01235812 0.005252242 -8.12192e-5 -0.01262879 0.005536854 -1.98901e-4 -0.01235812 0.005269765 -2.42684e-4 -0.01262879 0.005565464 -3.28903e-4 -0.01235812 0.005304694 -4.01304e-4 -0.01262879 0.005607962 -4.55048e-4 -0.01235812 0.00535655 -5.55218e-4 -0.01262879 0.005663871 -5.75856e-4 -0.01235812 0.005424737 -7.02624e-4 -0.01262879 0.005732476 -6.89917e-4 -0.01235812 0.005508482 -8.41793e-4 -0.01262879 0.005813062 -7.95886e-4 -0.01235812 0.00560677 -9.7109e-4 -0.01262879 0.005904555 -8.92524e-4 -0.01235812 0.005718469 -0.001088976 -0.01262879 0.006006062 -9.78701e-4 -0.01235812 0.005842268 -0.001194119 -0.01262879 0.006116211 -0.001053392 -0.01235812 0.005976676 -0.001285254 -0.01262879 0.006233811 -0.001115739 -0.01235812 0.006120204 -0.00136137 -0.01262879 0.006357491 -0.001164972 -0.01235812 0.006271064 -0.001421451 -0.01262879 0.00648576 -0.001200616 -0.01235812 0.006427586 -0.001464903 -0.01262879 0.006617069 -0.001222133 -0.01235812 0.006587862 -0.001491189 -0.01262879 0.006749987 -0.001229345 -0.002492725 0.006749987 0 -0.002128779 0.006998717 -9.68594e-4 -0.002128779 0.007231771 -8.76319e-4 -0.002128779 0.006749987 -0.000999987 -0.002128779 0.00725001 -8.66037e-4 -0.002128779 0.007434546 -7.2898e-4 -0.002128779 0.007701098 -3.09028e-4 -0.002128779 0.007748067 -6.28013e-5 -0.002128779 0.007594347 -5.35839e-4 -0.002128779 0.007750034 0 -0.002128779 0.007732331 1.87371e-4 -0.002128779 0.007520556 6.37412e-4 -0.002128779 0.007337808 8.09006e-4 -0.002128779 0.007654845 4.25767e-4 -0.002128779 0.00725001 8.66014e-4 -0.002128779 0.007118165 9.29765e-4 -0.002128779 0.006624698 9.92104e-4 -0.002128779 0.006381869 9.29765e-4 -0.002128779 0.006875336 9.92104e-4 -0.002128779 0.006250023 8.66014e-4 -0.002128779 0.006162226 8.09006e-4 -0.002128779 0.005845189 4.25767e-4 -0.002128779 0.005767703 1.87371e-4 -0.002128779 0.005979478 6.37412e-4 -0.002128779 0.00575 0 -0.002128779 0.005751967 -6.28013e-5 -0.002128779 0.005905687 -5.35839e-4 -0.002128779 0.006065487 -7.2898e-4 -0.002128779 0.005798935 -3.09028e-4 -0.002128779 0.006268262 -8.76319e-4 -0.002128779 0.006501317 -9.68594e-4 -0.002128779 0.006250023 -8.66037e-4 -0.002128779 0.006749987 -0.001154661 -0.002128779 0.00575 -5.77361e-4 -6.28807e-4 0.00575 -5.77361e-4 -6.28807e-4 0.006749987 -0.001154661 -0.002628803 0.006749987 0.002749979 -9.28808e-4 0.007047355 0.002733826 -0.002628803 0.007047355 0.002733826 -9.28808e-4 0.007341206 0.002685666 -0.002628803 0.007341206 0.002685666 -9.28808e-4 0.007628083 0.002606034 -0.002628803 0.007628083 0.002606034 -9.28808e-4 0.007904708 0.002495765 -0.002628803 0.007904708 0.002495765 -9.28808e-4 0.008167803 0.00235629 -0.002628803 0.008167803 0.00235629 -9.28808e-4 0.008414268 0.002189218 -0.002628803 0.008414268 0.002189218 -9.28808e-4 0.008641183 0.001996457 -0.002628803 0.008641183 0.001996457 -9.28808e-4 0.008845984 0.001780271 -0.002628803 0.008845984 0.001780271 -9.28808e-4 0.009026169 0.001543223 -0.002628803 0.009026169 0.001543223 -9.28808e-4 0.009179651 0.001288056 -0.002628803 0.009179651 0.001288056 -9.28808e-4 0.009304702 0.001017868 -0.002628803 0.009304702 0.001017868 -9.28808e-4 0.009399771 7.35692e-4 -0.002628803 0.009399771 7.35692e-4 -9.28808e-4 0.009463787 4.44889e-4 -0.002628803 0.009463787 4.44889e-4 -9.28808e-4 0.009495973 1.4887e-4 -0.002628803 0.009495973 1.4887e-4 -9.28808e-4 0.009495973 -1.48893e-4 -0.002628803 0.009495973 -1.48893e-4 -9.28808e-4 0.009463787 -4.44912e-4 -0.002628803 0.009463787 -4.44912e-4 -9.28808e-4 0.009399771 -7.35715e-4 -0.002628803 0.009399771 -7.35715e-4 -9.28808e-4 0.009304702 -0.001017868 -0.002628803 0.009304702 -0.001017868 -9.28808e-4 0.009179651 -0.001288115 -0.002628803 0.009179651 -0.001288115 -9.28808e-4 0.009026169 -0.001543223 -0.002628803 0.009026169 -0.001543223 -9.28808e-4 0.008845984 -0.001780271 -0.002628803 0.008845984 -0.001780271 -9.28808e-4 0.008641183 -0.001996457 -0.002628803 0.008641183 -0.001996457 -9.28808e-4 0.008414268 -0.002189218 -0.002628803 0.008414268 -0.002189218 -9.28808e-4 0.008167803 -0.00235635 -0.002628803 0.008167803 -0.00235635 -9.28808e-4 0.007904708 -0.002495825 -0.002628803 0.007904708 -0.002495825 -9.28808e-4 0.007628083 -0.002606034 -0.002628803 0.007628083 -0.002606034 -9.28808e-4 0.007341206 -0.002685666 -0.002628803 0.007341206 -0.002685666 -9.28808e-4 0.007047355 -0.002733886 -0.002628803 0.007047355 -0.002733886 -9.28808e-4 0.006749987 -0.002749979 -0.002628803 0.006749987 -0.002749979 -9.28808e-4 0.006452679 -0.002733886 -0.002628803 0.006452679 -0.002733886 -9.28808e-4 0.006158828 -0.002685666 -0.002628803 0.006158828 -0.002685666 -9.28808e-4 0.005871951 -0.002606034 -0.002628803 0.005871951 -0.002606034 -9.28808e-4 0.005595326 -0.002495825 -0.002628803 0.005595326 -0.002495825 -9.28808e-4 0.005332231 -0.00235635 -0.002628803 0.005332231 -0.00235635 -9.28808e-4 0.005085766 -0.002189218 -0.002628803 0.005085766 -0.002189218 -9.28808e-4 0.004858851 -0.001996457 -0.002628803 0.004858851 -0.001996457 -9.28808e-4 0.004654049 -0.001780271 -0.002628803 0.004654049 -0.001780271 -9.28808e-4 0.004473865 -0.001543223 -0.002628803 0.004473865 -0.001543223 -9.28808e-4 0.004320383 -0.001288115 -0.002628803 0.004320383 -0.001288115 -9.28808e-4 0.004195332 -0.001017868 -0.002628803 0.004195332 -0.001017868 -9.28808e-4 0.004100263 -7.35715e-4 -0.002628803 0.004100263 -7.35715e-4 -9.28808e-4 0.004036247 -4.44912e-4 -0.002628803 0.004036247 -4.44912e-4 -9.28808e-4 0.004004061 -1.48893e-4 -0.002628803 0.004004061 -1.48893e-4 -9.28808e-4 0.004004061 1.4887e-4 -0.002628803 0.004004061 1.4887e-4 -9.28808e-4 0.004036247 4.44889e-4 -0.002628803 0.004036247 4.44889e-4 -9.28808e-4 0.004100263 7.35692e-4 -0.002628803 0.004100263 7.35692e-4 -9.28808e-4 0.004195332 0.001017868 -0.002628803 0.004195332 0.001017868 -9.28808e-4 0.004320383 0.001288056 -0.002628803 0.004320383 0.001288056 -9.28808e-4 0.004473865 0.001543223 -0.002628803 0.004473865 0.001543223 -9.28808e-4 0.004654049 0.001780271 -0.002628803 0.004654049 0.001780271 -9.28808e-4 0.004858851 0.001996457 -0.002628803 0.004858851 0.001996457 -9.28808e-4 0.005085766 0.002189218 -0.002628803 0.005085766 0.002189218 -9.28808e-4 0.005332231 0.00235629 -0.002628803 0.005332231 0.00235629 -9.28808e-4 0.005595326 0.002495765 -0.002628803 0.005595326 0.002495765 -9.28808e-4 0.005871951 0.002606034 -0.002628803 0.005871951 0.002606034 -9.28808e-4 0.006158828 0.002685666 -0.002628803 0.006158828 0.002685666 -9.28808e-4 0.006452679 0.002733826 -0.002628803 0.006452679 0.002733826 -9.28808e-4 0.006749987 0.002749979 -0.002128779 0.00575 5.77338e-4 -0.002128779 0.007750034 -5.77361e-4 -6.28807e-4 0.007750034 -5.77361e-4 -6.28807e-4 0.007750034 5.77338e-4 -0.002128779 0.007750034 5.77338e-4 -0.002128779 0.006749987 0.001154661 -0.003166019 0.005385577 6.2311e-4 -0.003166019 0.005310773 4.22589e-4 -0.003166019 0.005265295 2.13462e-4 -0.003166019 0.005250036 0 -0.003166019 0.005265295 -2.13482e-4 -0.003166019 0.005310773 -4.22608e-4 -0.003166019 0.005385577 -6.23133e-4 -0.003166019 0.005488157 -8.10974e-4 -0.003166019 0.005616366 -9.82304e-4 -0.003166019 0.005767703 -0.00113362 -0.003166019 0.005842268 -0.001194119 -0.003166019 0.005939066 -0.001261889 -0.003166019 0.00612688 -0.001364409 -0.003166019 0.00632739 -0.001439213 -0.003166019 0.006427586 -0.001464903 -0.003166019 0.006536543 -0.001484692 -0.003166019 0.006749987 -0.00150001 -0.003166019 0.006963491 -0.001484692 -0.003166019 0.007072448 -0.001464903 -0.003166019 0.007172644 -0.001439213 -0.003166019 0.007373154 -0.001364409 -0.003166019 0.007560968 -0.001261889 -0.003166019 0.007657766 -0.001194119 -0.003166019 0.007732331 -0.00113362 -0.003166019 0.007883667 -9.82304e-4 -0.003166019 0.008011877 -8.10974e-4 -0.003166019 0.008114457 -6.23133e-4 -0.003166019 0.00818926 -4.22608e-4 -0.003166019 0.008234739 -2.13482e-4 -0.003166019 0.008249998 0 -0.003166019 0.008234739 2.13462e-4 -0.003166019 0.00818926 4.22589e-4 -0.003166019 0.008114457 6.2311e-4 -0.003166019 0.008011877 8.10951e-4 -0.003166019 0.007883667 9.8228e-4 -0.003166019 0.007732331 0.001133561 -0.003166019 0.007657766 0.001194119 -0.003166019 0.007560968 0.00126183 -0.003166019 0.007373154 0.001364409 -0.003166019 0.007172644 0.001439213 -0.003166019 0.007072448 0.001464903 -0.003166019 0.006963491 0.001484692 -0.003166019 0.006749987 0.00149995 -0.003166019 0.006536543 0.001484692 -0.003166019 0.006427586 0.001464903 -0.003166019 0.00632739 0.001439213 -0.003166019 0.00612688 0.001364409 -0.003166019 0.005939066 0.00126183 -0.003166019 0.005842268 0.001194119 -0.003166019 0.005767703 0.001133561 -0.003166019 0.005616366 9.8228e-4 -0.003166019 0.005488157 8.10951e-4 -0.01262879 0.006749987 0 -6.28807e-4 0.00622332 -0.002392709 -6.28807e-4 0.006485104 -0.002435624 -6.28807e-4 0.004332304 -3.96375e-4 -6.28807e-4 0.004389345 -6.55454e-4 -6.28807e-4 0.00902599 9.06828e-4 -6.28807e-4 0.008914649 0.001147568 -6.28807e-4 0.004474043 -9.06848e-4 -6.28807e-4 0.004585385 -0.001147568 -6.28807e-4 0.004722177 -0.0013749 -6.28807e-4 0.008232712 -0.001950383 -6.28807e-4 0.008434891 -0.001778662 -6.28807e-4 0.004882693 -0.001586079 -6.28807e-4 0.005065143 -0.001778662 -6.28807e-4 0.005267322 -0.001950383 -6.28807e-4 0.005486905 -0.002099275 -6.28807e-4 0.005721271 -0.002223551 -6.28807e-4 0.005967736 -0.00232172 -6.28807e-4 0.006749987 0.002449989 -6.28807e-4 0.006485104 0.002435624 -6.28807e-4 0.006749987 0.001154661 -6.28807e-4 0.00622332 0.002392709 -6.28807e-4 0.005267322 0.001950383 -6.28807e-4 0.005065143 0.001778662 -6.28807e-4 0.00575 5.77338e-4 -6.28807e-4 0.007532298 0.00232172 -6.28807e-4 0.007276713 0.002392709 -6.28807e-4 0.00701493 0.002435624 -6.28807e-4 0.009110689 6.55435e-4 -6.28807e-4 0.004389345 6.55435e-4 -6.28807e-4 0.004474043 9.06828e-4 -6.28807e-4 0.004585385 0.001147568 -6.28807e-4 0.004882693 0.001586079 -6.28807e-4 0.004722177 0.00137484 -6.28807e-4 0.008777856 0.00137484 -6.28807e-4 0.008617341 0.001586079 -6.28807e-4 0.008434891 0.001778662 -6.28807e-4 0.008617341 -0.001586079 -6.28807e-4 0.008777856 -0.0013749 -6.28807e-4 0.008914649 -0.001147568 -6.28807e-4 0.004332304 3.96356e-4 -6.28807e-4 0.004303634 1.32631e-4 -6.28807e-4 0.004303634 -1.32651e-4 -6.28807e-4 0.005967736 0.00232172 -6.28807e-4 0.005721271 0.002223551 -6.28807e-4 0.005486905 0.002099275 -6.28807e-4 0.00902599 -9.06848e-4 -6.28807e-4 0.009110689 -6.55454e-4 -6.28807e-4 0.00916773 -3.96375e-4 -6.28807e-4 0.0091964 -1.32651e-4 -6.28807e-4 0.0091964 1.32631e-4 -6.28807e-4 0.00916773 3.96356e-4 -6.28807e-4 0.006749987 -0.002449989 -6.28807e-4 0.00701493 -0.002435624 -6.28807e-4 0.007276713 -0.002392709 -6.28807e-4 0.007532298 -0.00232172 -6.28807e-4 0.007778763 -0.002223551 -6.28807e-4 0.008013129 -0.002099275 -6.28807e-4 0.008232712 0.001950383 -6.28807e-4 0.008013129 0.002099275 -6.28807e-4 0.007778763 0.002223551 -7.28067e-4 0.00703901 0.002657234 -7.28067e-4 0.007324635 0.002610385 -7.28067e-4 0.007603466 0.002532958 -7.28067e-4 0.007872343 0.002425849 -7.28067e-4 0.008128046 0.002290308 -7.28067e-4 0.008367598 0.002127885 -7.28067e-4 0.008588194 0.001940488 -7.28067e-4 0.008787214 0.001730382 -7.28067e-4 0.008962392 0.00150001 -7.28067e-4 0.009111583 0.001251995 -7.28067e-4 0.009233117 9.89347e-4 -7.28067e-4 0.009325504 7.15077e-4 -7.28067e-4 0.009387731 4.32424e-4 -7.28067e-4 0.009419023 1.44701e-4 -7.28067e-4 0.009419023 -1.4472e-4 -7.28067e-4 0.009387731 -4.32443e-4 -7.28067e-4 0.009325504 -7.151e-4 -7.28067e-4 0.009233117 -9.8937e-4 -7.28067e-4 0.009111583 -0.001251995 -7.28067e-4 0.008962392 -0.00150001 -7.28067e-4 0.008787214 -0.001730382 -7.28067e-4 0.008588194 -0.001940548 -7.28067e-4 0.008367598 -0.002127885 -7.28067e-4 0.008128046 -0.002290308 -7.28067e-4 0.007872343 -0.002425909 -7.28067e-4 0.007603466 -0.002533018 -7.28067e-4 0.007324635 -0.002610445 -7.28067e-4 0.00703901 -0.002657234 -7.28067e-4 0.006749987 -0.00267291 -7.28067e-4 0.006461024 -0.002657234 -7.28067e-4 0.006175398 -0.002610445 -7.28067e-4 0.005896568 -0.002533018 -7.28067e-4 0.005627691 -0.002425909 -7.28067e-4 0.005371987 -0.002290308 -7.28067e-4 0.005132436 -0.002127885 -7.28067e-4 0.004911839 -0.001940548 -7.28067e-4 0.00471282 -0.001730382 -7.28067e-4 0.004537642 -0.00150001 -7.28067e-4 0.004388451 -0.001251995 -7.28067e-4 0.004266917 -9.8937e-4 -7.28067e-4 0.00417453 -7.151e-4 -7.28067e-4 0.004112303 -4.32443e-4 -7.28067e-4 0.00408101 -1.4472e-4 -7.28067e-4 0.00408101 1.44701e-4 -7.28067e-4 0.004112303 4.32424e-4 -7.28067e-4 0.00417453 7.15077e-4 -7.28067e-4 0.004266917 9.89347e-4 -7.28067e-4 0.004388451 0.001251995 -7.28067e-4 0.004537642 0.00150001 -7.28067e-4 0.00471282 0.001730382 -7.28067e-4 0.004911839 0.001940488 -7.28067e-4 0.005132436 0.002127885 -7.28067e-4 0.005371987 0.002290308 -7.28067e-4 0.005627691 0.002425849 -7.28067e-4 0.005896568 0.002532958 -7.28067e-4 0.006175398 0.002610385 -7.28067e-4 0.006461024 0.002657234 -7.28067e-4 0.006749987 0.00267291 -0.002628803 -0.006617426 -0.001852452 -0.002678096 -0.006623566 -0.001766443 -0.002628803 -0.006485641 -0.001838266 -0.002678096 -0.006497859 -0.001752972 -0.002628803 -0.006355166 -0.001814723 -0.002678096 -0.006373465 -0.001730501 -0.002628803 -0.006226718 -0.00178194 -0.002678096 -0.006250977 -0.001699268 -0.002628803 -0.006100893 -0.001740097 -0.002678096 -0.006130993 -0.001659333 -0.002628803 -0.005978405 -0.001689374 -0.002678096 -0.006014227 -0.001610934 -0.002628803 -0.005859851 -0.001630008 -0.002678096 -0.005901157 -0.001554369 -0.002628803 -0.005745828 -0.001562356 -0.002678096 -0.005792438 -0.001489818 -0.002628803 -0.00563693 -0.001486718 -0.002678096 -0.005688607 -0.001417756 -0.002628803 -0.005533695 -0.00140357 -0.002678096 -0.00559014 -0.001338422 -0.002628803 -0.005436718 -0.001313209 -0.002678096 -0.005497634 -0.001252293 -0.002628803 -0.005346357 -0.001216173 -0.002678096 -0.005411505 -0.001159727 -0.002628803 -0.005263149 -0.001112937 -0.002678096 -0.005332171 -0.00106132 -0.002628803 -0.005187571 -0.00100404 -0.002678096 -0.00526005 -9.57486e-4 -0.002628803 -0.005119919 -8.90069e-4 -0.002678096 -0.005195558 -8.48763e-4 -0.002628803 -0.005060553 -7.71519e-4 -0.002678096 -0.005138993 -7.35712e-4 -0.002628803 -0.005009829 -6.49035e-4 -0.002678096 -0.005090594 -6.18913e-4 -0.002628803 -0.004967987 -5.23243e-4 -0.002678096 -0.005050659 -4.98958e-4 -0.002628803 -0.004935145 -3.94784e-4 -0.002678096 -0.005019366 -3.76463e-4 -0.002628803 -0.004911661 -2.64317e-4 -0.002678096 -0.004996955 -2.5205e-4 -0.002628803 -0.004897475 -1.32502e-4 -0.002678096 -0.004983425 -1.26351e-4 -0.002628803 -0.004892706 0 -0.002678096 -0.004978895 0 -0.002628803 -0.004897475 1.32478e-4 -0.002678096 -0.004983425 1.26332e-4 -0.002628803 -0.004911661 2.64294e-4 -0.002678096 -0.004996955 2.5203e-4 -0.002628803 -0.004935145 3.94765e-4 -0.002678096 -0.005019366 3.76444e-4 -0.002628803 -0.004967987 5.2322e-4 -0.002678096 -0.005050659 4.98939e-4 -0.002628803 -0.005009829 6.49012e-4 -0.002678096 -0.005090594 6.1889e-4 -0.002628803 -0.005060553 7.71496e-4 -0.002678096 -0.005138993 7.35689e-4 -0.002628803 -0.005119919 8.90046e-4 -0.002678096 -0.005195558 8.4874e-4 -0.002628803 -0.005187571 0.00100404 -0.002678096 -0.00526005 9.57466e-4 -0.002628803 -0.005263149 0.001112937 -0.002678096 -0.005332171 0.00106126 -0.002628803 -0.005346357 0.001216173 -0.002678096 -0.005411505 0.001159727 -0.002628803 -0.005436718 0.001313209 -0.002678096 -0.005497634 0.001252233 -0.002628803 -0.005533695 0.00140351 -0.002678096 -0.00559014 0.001338422 -0.002628803 -0.00563693 0.001486718 -0.002678096 -0.005688607 0.001417696 -0.002628803 -0.005745828 0.001562356 -0.002678096 -0.005792438 0.001489818 -0.002628803 -0.005859851 0.001630008 -0.002678096 -0.005901157 0.00155431 -0.002628803 -0.005978405 0.001689314 -0.002678096 -0.006014227 0.001610934 -0.002628803 -0.006100893 0.001740038 -0.002678096 -0.006130993 0.001659274 -0.002628803 -0.006226718 0.00178194 -0.002678096 -0.006250977 0.001699209 -0.002628803 -0.006355166 0.001814723 -0.002678096 -0.006373465 0.001730501 -0.002628803 -0.006485641 0.001838266 -0.002678096 -0.006497859 0.001752912 -0.002628803 -0.006617426 0.001852452 -0.002678096 -0.006623566 0.001766443 -0.002628803 -0.006749927 0.001857161 -0.002678096 -0.006749927 0.001770973 -0.002628803 -0.006882429 0.001852452 -0.002678096 -0.006876289 0.001766443 -0.002628803 -0.007014214 0.001838266 -0.002678096 -0.007001936 0.001752912 -0.002628803 -0.007144689 0.001814723 -0.002678096 -0.00712639 0.001730501 -0.002628803 -0.007273137 0.00178194 -0.002678096 -0.007248878 0.001699209 -0.002628803 -0.007398962 0.001740038 -0.002678096 -0.007368803 0.001659274 -0.002628803 -0.00752145 0.001689314 -0.002678096 -0.007485628 0.001610934 -0.002628803 -0.007640004 0.001630008 -0.002678096 -0.007598698 0.00155431 -0.002628803 -0.007754027 0.001562356 -0.002678096 -0.007707417 0.001489818 -0.002628803 -0.007862925 0.001486718 -0.002678096 -0.007811248 0.001417696 -0.002628803 -0.007966101 0.00140351 -0.002678096 -0.007909655 0.001338422 -0.002628803 -0.008063137 0.001313209 -0.002678096 -0.008002221 0.001252233 -0.002628803 -0.008153498 0.001216173 -0.002678096 -0.00808835 0.001159727 -0.002628803 -0.008236706 0.001112937 -0.002678096 -0.008167684 0.00106126 -0.002628803 -0.008312284 0.00100404 -0.002678096 -0.008239805 9.57466e-4 -0.002628803 -0.008379936 8.90046e-4 -0.002678096 -0.008304297 8.4874e-4 -0.002628803 -0.008439302 7.71496e-4 -0.002678096 -0.008360862 7.35689e-4 -0.002628803 -0.008490025 6.49012e-4 -0.002678096 -0.008409261 6.1889e-4 -0.002628803 -0.008531868 5.2322e-4 -0.002678096 -0.008449196 4.98939e-4 -0.002628803 -0.008564651 3.94765e-4 -0.002678096 -0.008480429 3.76444e-4 -0.002628803 -0.008588194 2.64294e-4 -0.002678096 -0.0085029 2.5203e-4 -0.002628803 -0.00860238 1.32478e-4 -0.002678096 -0.00851643 1.26332e-4 -0.002628803 -0.008607149 0 -0.002678096 -0.008520901 0 -0.002628803 -0.00860238 -1.32502e-4 -0.002678096 -0.00851643 -1.26351e-4 -0.002628803 -0.008588194 -2.64317e-4 -0.002678096 -0.0085029 -2.5205e-4 -0.002628803 -0.008564651 -3.94784e-4 -0.002678096 -0.008480429 -3.76463e-4 -0.002628803 -0.008531868 -5.23243e-4 -0.002678096 -0.008449196 -4.98958e-4 -0.002628803 -0.008490025 -6.49035e-4 -0.002678096 -0.008409261 -6.18913e-4 -0.002628803 -0.008439302 -7.71519e-4 -0.002678096 -0.008360862 -7.35712e-4 -0.002628803 -0.008379936 -8.90069e-4 -0.002678096 -0.008304297 -8.48763e-4 -0.002628803 -0.008312284 -0.00100404 -0.002678096 -0.008239805 -9.57486e-4 -0.002628803 -0.008236706 -0.001112937 -0.002678096 -0.008167684 -0.00106132 -0.002628803 -0.008153498 -0.001216173 -0.002678096 -0.00808835 -0.001159727 -0.002628803 -0.008063137 -0.001313209 -0.002678096 -0.008002221 -0.001252293 -0.002628803 -0.007966101 -0.00140357 -0.002678096 -0.007909655 -0.001338422 -0.002628803 -0.007862925 -0.001486718 -0.002678096 -0.007811248 -0.001417756 -0.002628803 -0.007754027 -0.001562356 -0.002678096 -0.007707417 -0.001489818 -0.002628803 -0.007640004 -0.001630008 -0.002678096 -0.007598698 -0.001554369 -0.002628803 -0.00752145 -0.001689374 -0.002678096 -0.007485628 -0.001610934 -0.002628803 -0.007398962 -0.001740097 -0.002678096 -0.007368803 -0.001659333 -0.002628803 -0.007273137 -0.00178194 -0.002678096 -0.007248878 -0.001699268 -0.002628803 -0.007144689 -0.001814723 -0.002678096 -0.00712639 -0.001730501 -0.002628803 -0.007014214 -0.001838266 -0.002678096 -0.007001936 -0.001752972 -0.002628803 -0.006882429 -0.001852452 -0.002678096 -0.006876289 -0.001766443 -0.002628803 -0.006749927 -0.001857161 -0.002678096 -0.006749927 -0.001770973 -0.003115296 -0.006965339 -0.001498401 -0.003115296 -0.006749927 -0.001513779 -0.003115296 -0.007176399 -0.001452445 -0.003115296 -0.007378756 -0.001376986 -0.003115296 -0.007568359 -0.001273453 -0.003115296 -0.007741272 -0.001144051 -0.003115296 -0.007893979 -9.91345e-4 -0.003115296 -0.00802344 -8.18435e-4 -0.003115296 -0.008126914 -6.2887e-4 -0.003115296 -0.008202433 -4.26498e-4 -0.003115296 -0.008248329 -2.15449e-4 -0.003115296 -0.008263707 0 -0.003115296 -0.008248329 2.15426e-4 -0.003115296 -0.008202433 4.26478e-4 -0.003115296 -0.008126914 6.28847e-4 -0.003115296 -0.00802344 8.18416e-4 -0.003115296 -0.007893979 9.91322e-4 -0.003115296 -0.007741272 0.001143991 -0.003115296 -0.007568359 0.001273453 -0.003115296 -0.007378756 0.001376986 -0.003115296 -0.007176399 0.001452445 -0.003115296 -0.006965339 0.001498341 -0.003115296 -0.006749927 0.001513779 -0.003115296 -0.006534457 0.001498341 -0.003115296 -0.006323456 0.001452445 -0.003115296 -0.006121039 0.001376986 -0.003115296 -0.005931496 0.001273453 -0.003115296 -0.005758583 0.001143991 -0.003115296 -0.005605876 9.91322e-4 -0.003115296 -0.005476415 8.18416e-4 -0.003115296 -0.005372941 6.28847e-4 -0.003115296 -0.005297422 4.26478e-4 -0.003115296 -0.005251526 2.15426e-4 -0.003115296 -0.005236089 0 -0.003115296 -0.005251526 -2.15449e-4 -0.003115296 -0.005297422 -4.26498e-4 -0.003115296 -0.005372941 -6.2887e-4 -0.003115296 -0.005476415 -8.18435e-4 -0.003115296 -0.005605876 -9.91345e-4 -0.003115296 -0.005758583 -0.001144051 -0.003115296 -0.005931496 -0.001273453 -0.003115296 -0.006121039 -0.001376986 -0.003115296 -0.006323456 -0.001452445 -0.003115296 -0.006534457 -0.001498401 -0.01235812 -0.006749927 -0.00150001 -0.01262879 -0.006617009 -0.001222133 -0.01235812 -0.006587743 -0.001491189 -0.01262879 -0.006485641 -0.001200616 -0.01235812 -0.006427466 -0.001464903 -0.01262879 -0.006357371 -0.001164972 -0.01235812 -0.006270945 -0.001421451 -0.01262879 -0.006233751 -0.001115739 -0.01235812 -0.006120085 -0.00136137 -0.01262879 -0.006116092 -0.001053392 -0.01235812 -0.005976617 -0.001285254 -0.01262879 -0.006005942 -9.78701e-4 -0.01235812 -0.005842149 -0.001194119 -0.01262879 -0.005904495 -8.92524e-4 -0.01235812 -0.00571835 -0.001088976 -0.01262879 -0.005812942 -7.95886e-4 -0.01235812 -0.005606651 -9.7109e-4 -0.01262879 -0.005732417 -6.89917e-4 -0.01235812 -0.005508363 -8.41793e-4 -0.01262879 -0.005663752 -5.75856e-4 -0.01235812 -0.005424678 -7.02624e-4 -0.01262879 -0.005607843 -4.55048e-4 -0.01235812 -0.005356431 -5.55218e-4 -0.01262879 -0.005565345 -3.28903e-4 -0.01235812 -0.005304574 -4.01304e-4 -0.01262879 -0.005536735 -1.98901e-4 -0.01235812 -0.005269706 -2.42684e-4 -0.01262879 -0.00552237 -6.65676e-5 -0.01235812 -0.005252122 -8.12192e-5 -0.01262879 -0.00552237 6.65445e-5 -0.01235812 -0.005252122 8.1196e-5 -0.01262879 -0.005536735 1.98878e-4 -0.01235812 -0.005269706 2.42661e-4 -0.01262879 -0.005565345 3.28879e-4 -0.01235812 -0.005304574 4.0128e-4 -0.01262879 -0.005607843 4.55025e-4 -0.01235812 -0.005356431 5.55198e-4 -0.01262879 -0.005663752 5.75836e-4 -0.01235812 -0.005424678 7.02601e-4 -0.01262879 -0.005732417 6.89894e-4 -0.01235812 -0.005508363 8.4177e-4 -0.01262879 -0.005812942 7.95863e-4 -0.01235812 -0.005606651 9.71067e-4 -0.01262879 -0.005904495 8.92505e-4 -0.01235812 -0.00571835 0.001088976 -0.01262879 -0.006005942 9.78678e-4 -0.01235812 -0.005842149 0.001194119 -0.01262879 -0.006116092 0.001053333 -0.01235812 -0.005976617 0.001285254 -0.01262879 -0.006233751 0.001115679 -0.01235812 -0.006120085 0.00136131 -0.01262879 -0.006357371 0.001164972 -0.01235812 -0.006270945 0.001421451 -0.01262879 -0.006485641 0.001200616 -0.01235812 -0.006427466 0.001464903 -0.01262879 -0.006617009 0.001222133 -0.01235812 -0.006587743 0.001491189 -0.01262879 -0.006749927 0.001229345 -0.01235812 -0.006749927 0.00149995 -0.01262879 -0.006882846 0.001222133 -0.01235812 -0.006912112 0.001491189 -0.01262879 -0.007014214 0.001200616 -0.01235812 -0.007072389 0.001464903 -0.01262879 -0.007142484 0.001164972 -0.01235812 -0.007228851 0.001421451 -0.01262879 -0.007266104 0.001115679 -0.01235812 -0.00737977 0.00136131 -0.01262879 -0.007383704 0.001053333 -0.01235812 -0.007523238 0.001285254 -0.01262879 -0.007493913 9.78678e-4 -0.01235812 -0.007657706 0.001194119 -0.01262879 -0.00759536 8.92505e-4 -0.01235812 -0.007781445 0.001088976 -0.01262879 -0.007686913 7.95863e-4 -0.01235812 -0.007893145 9.71067e-4 -0.01262879 -0.007767438 6.89894e-4 -0.01235812 -0.007991433 8.4177e-4 -0.01262879 -0.007836103 5.75836e-4 -0.01235812 -0.008075177 7.02601e-4 -0.01262879 -0.007891952 4.55025e-4 -0.01235812 -0.008143365 5.55198e-4 -0.01262879 -0.00793451 3.28879e-4 -0.01235812 -0.008195221 4.0128e-4 -0.01262879 -0.00796312 1.98878e-4 -0.01235812 -0.008230149 2.42661e-4 -0.01262879 -0.007977485 6.65445e-5 -0.01235812 -0.008247733 8.1196e-5 -0.01262879 -0.007977485 -6.65676e-5 -0.01235812 -0.008247733 -8.12192e-5 -0.01262879 -0.00796312 -1.98901e-4 -0.01235812 -0.008230149 -2.42684e-4 -0.01262879 -0.00793451 -3.28903e-4 -0.01235812 -0.008195221 -4.01304e-4 -0.01262879 -0.007891952 -4.55048e-4 -0.01235812 -0.008143365 -5.55218e-4 -0.01262879 -0.007836103 -5.75856e-4 -0.01235812 -0.008075177 -7.02624e-4 -0.01262879 -0.007767438 -6.89917e-4 -0.01235812 -0.007991433 -8.41793e-4 -0.01262879 -0.007686913 -7.95886e-4 -0.01235812 -0.007893145 -9.7109e-4 -0.01262879 -0.00759536 -8.92524e-4 -0.01235812 -0.007781445 -0.001088976 -0.01262879 -0.007493913 -9.78701e-4 -0.01235812 -0.007657706 -0.001194119 -0.01262879 -0.007383704 -0.001053392 -0.01235812 -0.007523238 -0.001285254 -0.01262879 -0.007266104 -0.001115739 -0.01235812 -0.00737977 -0.00136137 -0.01262879 -0.007142484 -0.001164972 -0.01235812 -0.007228851 -0.001421451 -0.01262879 -0.007014214 -0.001200616 -0.01235812 -0.007072389 -0.001464903 -0.01262879 -0.006882846 -0.001222133 -0.01235812 -0.006912112 -0.001491189 -0.01262879 -0.006749927 -0.001229345 -0.002492725 -0.006749927 0 -0.002128779 -0.006501257 -9.68594e-4 -0.002128779 -0.006268143 -8.76319e-4 -0.002128779 -0.006749927 -0.000999987 -0.002128779 -0.006249904 -8.66037e-4 -0.002128779 -0.006065368 -7.2898e-4 -0.002128779 -0.005798876 -3.09028e-4 -0.002128779 -0.005751907 -6.28013e-5 -0.002128779 -0.005905568 -5.35839e-4 -0.002128779 -0.00574994 0 -0.002128779 -0.005767643 1.87371e-4 -0.002128779 -0.005979418 6.37412e-4 -0.002128779 -0.006162166 8.09006e-4 -0.002128779 -0.005845069 4.25767e-4 -0.002128779 -0.006249904 8.66014e-4 -0.002128779 -0.006381809 9.29765e-4 -0.002128779 -0.006875276 9.92104e-4 -0.002128779 -0.007118046 9.29765e-4 -0.002128779 -0.006624579 9.92104e-4 -0.002128779 -0.007249951 8.66014e-4 -0.002128779 -0.007337689 8.09006e-4 -0.002128779 -0.007654726 4.25767e-4 -0.002128779 -0.007732212 1.87371e-4 -0.002128779 -0.007520437 6.37412e-4 -0.002128779 -0.007749915 0 -0.002128779 -0.007747948 -6.28013e-5 -0.002128779 -0.007594227 -5.35839e-4 -0.002128779 -0.007434487 -7.2898e-4 -0.002128779 -0.007700979 -3.09028e-4 -0.002128779 -0.007231652 -8.76319e-4 -0.002128779 -0.006998598 -9.68594e-4 -0.002128779 -0.007249951 -8.66037e-4 -0.002128779 -0.006749927 -0.001154661 -0.002128779 -0.007749915 -5.77361e-4 -6.28807e-4 -0.007749915 -5.77361e-4 -6.28807e-4 -0.006749927 -0.001154661 -0.002628803 -0.006749927 0.002749979 -9.28808e-4 -0.00645262 0.002733826 -0.002628803 -0.00645262 0.002733826 -9.28808e-4 -0.006158769 0.002685666 -0.002628803 -0.006158769 0.002685666 -9.28808e-4 -0.005871832 0.002606034 -0.002628803 -0.005871832 0.002606034 -9.28808e-4 -0.005595207 0.002495765 -0.002628803 -0.005595207 0.002495765 -9.28808e-4 -0.005332171 0.00235629 -0.002628803 -0.005332171 0.00235629 -9.28808e-4 -0.005085706 0.002189218 -0.002628803 -0.005085706 0.002189218 -9.28808e-4 -0.004858732 0.001996457 -0.002628803 -0.004858732 0.001996457 -9.28808e-4 -0.00465399 0.001780271 -0.002628803 -0.00465399 0.001780271 -9.28808e-4 -0.004473805 0.001543223 -0.002628803 -0.004473805 0.001543223 -9.28808e-4 -0.004320263 0.001288056 -0.002628803 -0.004320263 0.001288056 -9.28808e-4 -0.004195213 0.001017868 -0.002628803 -0.004195213 0.001017868 -9.28808e-4 -0.004100143 7.35692e-4 -0.002628803 -0.004100143 7.35692e-4 -9.28808e-4 -0.004036128 4.44889e-4 -0.002628803 -0.004036128 4.44889e-4 -9.28808e-4 -0.004003942 1.4887e-4 -0.002628803 -0.004003942 1.4887e-4 -9.28808e-4 -0.004003942 -1.48893e-4 -0.002628803 -0.004003942 -1.48893e-4 -9.28808e-4 -0.004036128 -4.44912e-4 -0.002628803 -0.004036128 -4.44912e-4 -9.28808e-4 -0.004100143 -7.35715e-4 -0.002628803 -0.004100143 -7.35715e-4 -9.28808e-4 -0.004195213 -0.001017868 -0.002628803 -0.004195213 -0.001017868 -9.28808e-4 -0.004320263 -0.001288115 -0.002628803 -0.004320263 -0.001288115 -9.28808e-4 -0.004473805 -0.001543223 -0.002628803 -0.004473805 -0.001543223 -9.28808e-4 -0.00465399 -0.001780271 -0.002628803 -0.00465399 -0.001780271 -9.28808e-4 -0.004858732 -0.001996457 -0.002628803 -0.004858732 -0.001996457 -9.28808e-4 -0.005085706 -0.002189218 -0.002628803 -0.005085706 -0.002189218 -9.28808e-4 -0.005332171 -0.00235635 -0.002628803 -0.005332171 -0.00235635 -9.28808e-4 -0.005595207 -0.002495825 -0.002628803 -0.005595207 -0.002495825 -9.28808e-4 -0.005871832 -0.002606034 -0.002628803 -0.005871832 -0.002606034 -9.28808e-4 -0.006158769 -0.002685666 -0.002628803 -0.006158769 -0.002685666 -9.28808e-4 -0.00645262 -0.002733886 -0.002628803 -0.00645262 -0.002733886 -9.28808e-4 -0.006749927 -0.002749979 -0.002628803 -0.006749927 -0.002749979 -9.28808e-4 -0.007047235 -0.002733886 -0.002628803 -0.007047235 -0.002733886 -9.28808e-4 -0.007341086 -0.002685666 -0.002628803 -0.007341086 -0.002685666 -9.28808e-4 -0.007628023 -0.002606034 -0.002628803 -0.007628023 -0.002606034 -9.28808e-4 -0.007904648 -0.002495825 -0.002628803 -0.007904648 -0.002495825 -9.28808e-4 -0.008167684 -0.00235635 -0.002628803 -0.008167684 -0.00235635 -9.28808e-4 -0.008414149 -0.002189218 -0.002628803 -0.008414149 -0.002189218 -9.28808e-4 -0.008641123 -0.001996457 -0.002628803 -0.008641123 -0.001996457 -9.28808e-4 -0.008845865 -0.001780271 -0.002628803 -0.008845865 -0.001780271 -9.28808e-4 -0.00902605 -0.001543223 -0.002628803 -0.00902605 -0.001543223 -9.28808e-4 -0.009179592 -0.001288115 -0.002628803 -0.009179592 -0.001288115 -9.28808e-4 -0.009304642 -0.001017868 -0.002628803 -0.009304642 -0.001017868 -9.28808e-4 -0.009399712 -7.35715e-4 -0.002628803 -0.009399712 -7.35715e-4 -9.28808e-4 -0.009463727 -4.44912e-4 -0.002628803 -0.009463727 -4.44912e-4 -9.28808e-4 -0.009495913 -1.48893e-4 -0.002628803 -0.009495913 -1.48893e-4 -9.28808e-4 -0.009495913 1.4887e-4 -0.002628803 -0.009495913 1.4887e-4 -9.28808e-4 -0.009463727 4.44889e-4 -0.002628803 -0.009463727 4.44889e-4 -9.28808e-4 -0.009399712 7.35692e-4 -0.002628803 -0.009399712 7.35692e-4 -9.28808e-4 -0.009304642 0.001017868 -0.002628803 -0.009304642 0.001017868 -9.28808e-4 -0.009179592 0.001288056 -0.002628803 -0.009179592 0.001288056 -9.28808e-4 -0.00902605 0.001543223 -0.002628803 -0.00902605 0.001543223 -9.28808e-4 -0.008845865 0.001780271 -0.002628803 -0.008845865 0.001780271 -9.28808e-4 -0.008641123 0.001996457 -0.002628803 -0.008641123 0.001996457 -9.28808e-4 -0.008414149 0.002189218 -0.002628803 -0.008414149 0.002189218 -9.28808e-4 -0.008167684 0.00235629 -0.002628803 -0.008167684 0.00235629 -9.28808e-4 -0.007904648 0.002495765 -0.002628803 -0.007904648 0.002495765 -9.28808e-4 -0.007628023 0.002606034 -0.002628803 -0.007628023 0.002606034 -9.28808e-4 -0.007341086 0.002685666 -0.002628803 -0.007341086 0.002685666 -9.28808e-4 -0.007047235 0.002733826 -0.002628803 -0.007047235 0.002733826 -9.28808e-4 -0.006749927 0.002749979 -0.002128779 -0.007749915 5.77338e-4 -0.002128779 -0.00574994 -5.77361e-4 -6.28807e-4 -0.00574994 -5.77361e-4 -6.28807e-4 -0.00574994 5.77338e-4 -0.002128779 -0.00574994 5.77338e-4 -0.002128779 -0.006749927 0.001154661 -0.003166019 -0.008114397 6.2311e-4 -0.003166019 -0.008189141 4.22589e-4 -0.003166019 -0.008234679 2.13462e-4 -0.003166019 -0.008249938 0 -0.003166019 -0.008234679 -2.13482e-4 -0.003166019 -0.008189141 -4.22608e-4 -0.003166019 -0.008114397 -6.23133e-4 -0.003166019 -0.008011817 -8.10974e-4 -0.003166019 -0.007883548 -9.82304e-4 -0.003166019 -0.007732212 -0.00113362 -0.003166019 -0.007657706 -0.001194119 -0.003166019 -0.007560908 -0.001261889 -0.003166019 -0.007373034 -0.001364409 -0.003166019 -0.007172524 -0.001439213 -0.003166019 -0.007072389 -0.001464903 -0.003166019 -0.006963372 -0.001484692 -0.003166019 -0.006749927 -0.00150001 -0.003166019 -0.006536424 -0.001484692 -0.003166019 -0.006427466 -0.001464903 -0.003166019 -0.006327331 -0.001439213 -0.003166019 -0.006126821 -0.001364409 -0.003166019 -0.005938947 -0.001261889 -0.003166019 -0.005842149 -0.001194119 -0.003166019 -0.005767643 -0.00113362 -0.003166019 -0.005616307 -9.82304e-4 -0.003166019 -0.005488038 -8.10974e-4 -0.003166019 -0.005385458 -6.23133e-4 -0.003166019 -0.005310714 -4.22608e-4 -0.003166019 -0.005265176 -2.13482e-4 -0.003166019 -0.005249917 0 -0.003166019 -0.005265176 2.13462e-4 -0.003166019 -0.005310714 4.22589e-4 -0.003166019 -0.005385458 6.2311e-4 -0.003166019 -0.005488038 8.10951e-4 -0.003166019 -0.005616307 9.8228e-4 -0.003166019 -0.005767643 0.001133561 -0.003166019 -0.005842149 0.001194119 -0.003166019 -0.005938947 0.00126183 -0.003166019 -0.006126821 0.001364409 -0.003166019 -0.006327331 0.001439213 -0.003166019 -0.006427466 0.001464903 -0.003166019 -0.006536424 0.001484692 -0.003166019 -0.006749927 0.00149995 -0.003166019 -0.006963372 0.001484692 -0.003166019 -0.007072389 0.001464903 -0.003166019 -0.007172524 0.001439213 -0.003166019 -0.007373034 0.001364409 -0.003166019 -0.007560908 0.00126183 -0.003166019 -0.007657706 0.001194119 -0.003166019 -0.007732212 0.001133561 -0.003166019 -0.007883548 9.8228e-4 -0.003166019 -0.008011817 8.10951e-4 -0.01262879 -0.006749927 0 -6.28807e-4 -0.007276594 -0.002392709 -6.28807e-4 -0.007014811 -0.002435624 -6.28807e-4 -0.009167671 -3.96375e-4 -6.28807e-4 -0.009110629 -6.55454e-4 -6.28807e-4 -0.004473924 9.06828e-4 -6.28807e-4 -0.004585325 0.001147568 -6.28807e-4 -0.009025931 -9.06848e-4 -6.28807e-4 -0.00891453 -0.001147568 -6.28807e-4 -0.008777737 -0.0013749 -6.28807e-4 -0.005267262 -0.001950383 -6.28807e-4 -0.005065083 -0.001778662 -6.28807e-4 -0.008617222 -0.001586079 -6.28807e-4 -0.008434772 -0.001778662 -6.28807e-4 -0.008232593 -0.001950383 -6.28807e-4 -0.00801301 -0.002099275 -6.28807e-4 -0.007778644 -0.002223551 -6.28807e-4 -0.007532238 -0.00232172 -6.28807e-4 -0.006749927 0.002449989 -6.28807e-4 -0.007014811 0.002435624 -6.28807e-4 -0.006749927 0.001154661 -6.28807e-4 -0.007276594 0.002392709 -6.28807e-4 -0.008232593 0.001950383 -6.28807e-4 -0.008434772 0.001778662 -6.28807e-4 -0.007749915 5.77338e-4 -6.28807e-4 -0.005967617 0.00232172 -6.28807e-4 -0.006223261 0.002392709 -6.28807e-4 -0.006485044 0.002435624 -6.28807e-4 -0.004389226 6.55435e-4 -6.28807e-4 -0.009110629 6.55435e-4 -6.28807e-4 -0.009025931 9.06828e-4 -6.28807e-4 -0.00891453 0.001147568 -6.28807e-4 -0.008617222 0.001586079 -6.28807e-4 -0.008777737 0.00137484 -6.28807e-4 -0.004722058 0.00137484 -6.28807e-4 -0.004882633 0.001586079 -6.28807e-4 -0.005065083 0.001778662 -6.28807e-4 -0.004882633 -0.001586079 -6.28807e-4 -0.004722058 -0.0013749 -6.28807e-4 -0.004585325 -0.001147568 -6.28807e-4 -0.009167671 3.96356e-4 -6.28807e-4 -0.009196341 1.32631e-4 -6.28807e-4 -0.009196341 -1.32651e-4 -6.28807e-4 -0.007532238 0.00232172 -6.28807e-4 -0.007778644 0.002223551 -6.28807e-4 -0.00801301 0.002099275 -6.28807e-4 -0.004473924 -9.06848e-4 -6.28807e-4 -0.004389226 -6.55454e-4 -6.28807e-4 -0.004332184 -3.96375e-4 -6.28807e-4 -0.004303514 -1.32651e-4 -6.28807e-4 -0.004303514 1.32631e-4 -6.28807e-4 -0.004332184 3.96356e-4 -6.28807e-4 -0.006749927 -0.002449989 -6.28807e-4 -0.006485044 -0.002435624 -6.28807e-4 -0.006223261 -0.002392709 -6.28807e-4 -0.005967617 -0.00232172 -6.28807e-4 -0.005721211 -0.002223551 -6.28807e-4 -0.005486845 -0.002099275 -6.28807e-4 -0.005267262 0.001950383 -6.28807e-4 -0.005486845 0.002099275 -6.28807e-4 -0.005721211 0.002223551 -7.28067e-4 -0.006460905 0.002657234 -7.28067e-4 -0.006175339 0.002610385 -7.28067e-4 -0.005896449 0.002532958 -7.28067e-4 -0.005627572 0.002425849 -7.28067e-4 -0.005371868 0.002290308 -7.28067e-4 -0.005132317 0.002127885 -7.28067e-4 -0.00491172 0.001940488 -7.28067e-4 -0.0047127 0.001730382 -7.28067e-4 -0.004537582 0.00150001 -7.28067e-4 -0.004388332 0.001251995 -7.28067e-4 -0.004266798 9.89347e-4 -7.28067e-4 -0.004174411 7.15077e-4 -7.28067e-4 -0.004112184 4.32424e-4 -7.28067e-4 -0.004080891 1.44701e-4 -7.28067e-4 -0.004080891 -1.4472e-4 -7.28067e-4 -0.004112184 -4.32443e-4 -7.28067e-4 -0.004174411 -7.151e-4 -7.28067e-4 -0.004266798 -9.8937e-4 -7.28067e-4 -0.004388332 -0.001251995 -7.28067e-4 -0.004537582 -0.00150001 -7.28067e-4 -0.0047127 -0.001730382 -7.28067e-4 -0.00491172 -0.001940548 -7.28067e-4 -0.005132317 -0.002127885 -7.28067e-4 -0.005371868 -0.002290308 -7.28067e-4 -0.005627572 -0.002425909 -7.28067e-4 -0.005896449 -0.002533018 -7.28067e-4 -0.006175339 -0.002610445 -7.28067e-4 -0.006460905 -0.002657234 -7.28067e-4 -0.006749927 -0.00267291 -7.28067e-4 -0.007038891 -0.002657234 -7.28067e-4 -0.007324516 -0.002610445 -7.28067e-4 -0.007603406 -0.002533018 -7.28067e-4 -0.007872283 -0.002425909 -7.28067e-4 -0.008127987 -0.002290308 -7.28067e-4 -0.008367538 -0.002127885 -7.28067e-4 -0.008588135 -0.001940548 -7.28067e-4 -0.008787155 -0.001730382 -7.28067e-4 -0.008962273 -0.00150001 -7.28067e-4 -0.009111523 -0.001251995 -7.28067e-4 -0.009233057 -9.8937e-4 -7.28067e-4 -0.009325444 -7.151e-4 -7.28067e-4 -0.009387671 -4.32443e-4 -7.28067e-4 -0.009418964 -1.4472e-4 -7.28067e-4 -0.009418964 1.44701e-4 -7.28067e-4 -0.009387671 4.32424e-4 -7.28067e-4 -0.009325444 7.15077e-4 -7.28067e-4 -0.009233057 9.89347e-4 -7.28067e-4 -0.009111523 0.001251995 -7.28067e-4 -0.008962273 0.00150001 -7.28067e-4 -0.008787155 0.001730382 -7.28067e-4 -0.008588135 0.001940488 -7.28067e-4 -0.008367538 0.002127885 -7.28067e-4 -0.008127987 0.002290308 -7.28067e-4 -0.007872283 0.002425849 -7.28067e-4 -0.007603406 0.002532958 -7.28067e-4 -0.007324516 0.002610385 -7.28067e-4 -0.007038891 0.002657234 -7.28067e-4 -0.006749927 0.00267291 0.03647118 0.0220223 -0.02160948 0.006471157 0.0220223 -0.02160948 0.03647118 0.02201133 -0.02181857 0.006471157 0.02201133 -0.02181857 0.03647118 0.02197861 -0.02202534 0.006471157 0.02197861 -0.02202534 0.03647118 0.02192443 -0.02222752 0.006471157 0.02192443 -0.02222752 0.03647118 0.02184939 -0.02242296 0.006471157 0.02184939 -0.02242296 0.03647118 0.02175438 -0.02260947 0.006471157 0.02175438 -0.02260947 0.03647118 0.02164036 -0.02278506 0.006471157 0.02164036 -0.02278506 0.03647118 0.02150857 -0.02294772 0.006471157 0.02150857 -0.02294772 0.03647118 0.02136057 -0.02309578 0.006471157 0.02136057 -0.02309578 0.03647118 0.02119785 -0.02322751 0.006471157 0.02119785 -0.02322751 0.03647118 0.02102231 -0.02334153 0.006471157 0.02102231 -0.02334153 0.03647118 0.02083575 -0.0234366 0.006471157 0.02083575 -0.0234366 0.03647118 0.02064031 -0.02351158 0.006471157 0.02064031 -0.02351158 0.03647118 0.02043813 -0.02356576 0.006471157 0.02043813 -0.02356576 0.03647118 0.02023136 -0.02359855 0.006471157 0.02023136 -0.02359855 0.03647118 0.02002233 -0.02360951 0.006471157 0.02002233 -0.02360951 0.005729317 -0.02634435 -0.0235756 0.005763351 -0.02639317 -0.02356582 0.03647118 -0.02639347 -0.02356576 0.006387114 -0.02740472 -0.02301073 0.00642085 -0.02748608 -0.02292269 0.03647118 -0.02746391 -0.02294772 0.006471157 -0.02797764 -0.02160948 0.03647118 -0.02797764 -0.02160948 0.006471157 -0.02796667 -0.02181857 0.03647118 -0.02796667 -0.02181857 0.006471157 -0.02793395 -0.02202534 0.03647118 -0.02793395 -0.02202534 0.006471157 -0.02787977 -0.02222752 0.03647118 -0.02787977 -0.02222752 0.006471157 -0.02780473 -0.02242296 0.03647118 -0.02780473 -0.02242296 0.006471157 -0.02770972 -0.02260947 0.03647118 -0.02770972 -0.02260947 0.03647118 -0.02759569 -0.02278506 0.006449282 -0.02757167 -0.02281743 0.006449639 -0.02757287 -0.02281588 0.006466507 -0.02765017 -0.02270615 0.006279766 -0.02719306 -0.02319782 0.03647118 -0.02731591 -0.02309578 0.006255388 -0.02714979 -0.02323001 0.03647118 -0.02715319 -0.02322751 0.006162762 -0.0269944 -0.02333176 0.006332635 -0.02729159 -0.02311736 0.006344854 -0.02731567 -0.02309596 0.00638467 -0.02739918 -0.02301633 0.006143748 -0.02696377 -0.02334952 0.03647118 -0.02697765 -0.02334153 0.006140232 -0.02695804 -0.02335268 0.03647118 -0.02679109 -0.0234366 0.006027162 -0.02678185 -0.02344065 0.03647118 -0.02659571 -0.02351158 0.005779802 -0.02641683 -0.0235607 0.005883991 -0.02656823 -0.02352029 0.005970597 -0.02669644 -0.02347588 0.03647118 -0.0261867 -0.02359855 0.03647118 -0.02597767 -0.02360951 0.005471169 -0.02597767 -0.02360951 0.005517959 -0.02604383 -0.02360838 0.005618631 -0.02618652 -0.02359855 0.005685627 -0.02628183 -0.02358621 0.00638473 -0.02897763 -0.02301621 0.006280183 -0.02897763 -0.02319729 0.005575716 -0.02897763 -0.02360403 0.005471169 -0.02897763 -0.02360951 0.00578016 -0.02897763 -0.02356052 0.005971193 -0.02897763 -0.02347552 0.006140291 -0.02897763 -0.02335262 0.006471157 -0.02897763 -0.02260947 0.006449341 -0.02897763 -0.02281743 0.007263243 0.02302229 -0.02958762 0.00724864 0.02302229 -0.0295844 0.007253527 0.02323019 -0.02956312 0.007064402 0.02302229 -0.02952301 0.007037281 0.02302229 -0.02951043 0.007046759 0.02323019 -0.02949076 0.006883382 0.02302229 -0.02941852 0.006847679 0.02302229 -0.02939134 0.006861329 0.02323019 -0.02937424 0.006727993 0.02302229 -0.02927863 0.00668931 0.02302229 -0.02923297 0.006706416 0.02323019 -0.02921938 0.006605148 0.02302229 -0.02910947 0.006570219 0.02302229 -0.02904337 0.006589889 0.02323019 -0.02903389 0.006520092 0.02302229 -0.0289185 0.00649625 0.02302229 -0.02883201 0.006517529 0.02323019 -0.02882713 0.007471144 0.02402228 -0.02860951 0.007369279 0.02401679 -0.02863276 0.007366657 0.02401679 -0.02860951 0.007263243 0.02400046 -0.02860951 0.007169902 0.02397334 -0.02867823 0.007162153 0.02397334 -0.02860951 0.007064402 0.02393585 -0.02860951 0.006983697 0.02388834 -0.02872073 0.00697118 0.02388834 -0.02860951 0.006883382 0.0238313 -0.02860951 0.00681883 0.02376544 -0.0287584 0.006802022 0.02376544 -0.02860951 0.006727993 0.02369141 -0.02860951 0.006682455 0.02361011 -0.02878952 0.00666213 0.02361011 -0.02860951 0.006605148 0.02352231 -0.02860951 0.006580531 0.02342903 -0.02881276 0.006557643 0.02342903 -0.02860951 0.006520092 0.02333134 -0.02860951 0.006493031 0.02323019 -0.02860951 0.00647664 0.02302229 -0.028714 0.006471157 0.02302229 -0.02860951 0.00647664 0.02312684 -0.02860951 0.006648063 0.02342903 -0.02900588 0.006742238 0.02361011 -0.02896052 0.006868302 0.02376544 -0.02889984 0.007020652 0.02388834 -0.02882641 0.00719273 0.02397334 -0.02874356 0.007376968 0.02401679 -0.02865487 0.006756901 0.02342903 -0.02917909 0.006838679 0.02361011 -0.02911388 0.006947994 0.02376544 -0.02902668 0.007080256 0.02388834 -0.02892124 0.007229566 0.02397334 -0.02880215 0.007389426 0.02401679 -0.02867466 0.006901562 0.02342903 -0.02932375 0.006966769 0.02361011 -0.02924203 0.007053971 0.02376544 -0.02913266 0.007159411 0.02388834 -0.0290004 0.007278501 0.02397334 -0.02885109 0.007405996 0.02401679 -0.02869123 0.007074773 0.02342903 -0.02943259 0.007120132 0.02361011 -0.02933841 0.007180869 0.02376544 -0.02921235 0.007254242 0.02388834 -0.02906 0.007337093 0.02397334 -0.02888792 0.007425785 0.02401679 -0.02870368 0.007267892 0.02342903 -0.02950012 0.007291138 0.02361011 -0.0293982 0.007322251 0.02376544 -0.02926182 0.007359921 0.02388834 -0.02909696 0.00740242 0.02397334 -0.02891075 0.007447898 0.02401679 -0.02871137 0.007471144 0.02302229 -0.0296095 0.007471144 0.02323019 -0.02958762 0.007471144 0.02342903 -0.02952301 0.007471144 0.02361011 -0.02941852 0.007471144 0.02376544 -0.02927863 0.007471144 0.02388834 -0.02910947 0.007471144 0.02397334 -0.0289185 0.007471144 0.02401679 -0.028714 0.03547114 0.02402228 -0.02860951 0.03547114 0.02401679 -0.028714 0.03547114 0.02399724 -0.02883201 0.03547114 0.02397334 -0.0289185 0.03547114 0.02392327 -0.02904337 0.03547114 0.02388834 -0.02910947 0.03547114 0.02380412 -0.02923297 0.03547114 0.02376544 -0.02927863 0.03547114 0.02364581 -0.02939134 0.03547114 0.02361011 -0.02941852 0.03547114 0.02345621 -0.02951043 0.03547114 0.02342903 -0.02952301 0.03547114 0.02324479 -0.0295844 0.03547114 0.02323019 -0.02958762 0.03547114 0.02302229 -0.0296095 0.0356791 0.02323997 -0.02956312 0.0356791 0.02344667 -0.02949076 0.0356791 0.02363216 -0.02937424 0.0356791 0.02378708 -0.02921938 0.0356791 0.0239036 -0.02903389 0.0356791 0.0239759 -0.02882713 0.0356791 0.02400046 -0.02860951 0.03587788 0.02391296 -0.02881276 0.03587788 0.02393585 -0.02860951 0.03605896 0.02381104 -0.02878952 0.03605896 0.0238313 -0.02860951 0.03621429 0.02367466 -0.0287584 0.03621429 0.02369141 -0.02860951 0.03633719 0.02350974 -0.02872073 0.03633719 0.02352231 -0.02860951 0.03642225 0.02332359 -0.02867823 0.03642225 0.02333134 -0.02860951 0.0364657 0.02312421 -0.02863276 0.0364657 0.02312684 -0.02860951 0.03647118 0.02302229 -0.02860951 0.03587788 0.02384537 -0.02900588 0.03605896 0.02375119 -0.02896052 0.03621429 0.02362519 -0.02889984 0.03633719 0.02347278 -0.02882641 0.03642225 0.0233007 -0.02874356 0.0364657 0.02311646 -0.02865487 0.03587788 0.02373653 -0.02917909 0.03605896 0.02365481 -0.02911388 0.03621429 0.02354544 -0.02902668 0.03633719 0.02341324 -0.02892124 0.03642225 0.02326393 -0.02880215 0.0364657 0.02310401 -0.02867466 0.03587788 0.02359187 -0.02932375 0.03605896 0.02352672 -0.02924203 0.03621429 0.02343952 -0.02913266 0.03633719 0.02333402 -0.0290004 0.03642225 0.02321499 -0.02885109 0.0364657 0.0230875 -0.02869123 0.03587788 0.02341866 -0.02943259 0.03605896 0.0233733 -0.02933841 0.03621429 0.02331262 -0.02921235 0.03633719 0.02323925 -0.02906 0.03642225 0.0231564 -0.02888792 0.0364657 0.02306765 -0.02870368 0.03587788 0.0232256 -0.02950012 0.03605896 0.0232023 -0.0293982 0.03621429 0.02317118 -0.02926182 0.03633719 0.02313357 -0.02909696 0.03642225 0.02309107 -0.02891075 0.0364657 0.02304553 -0.02871137 0.0356791 0.02302229 -0.02958762 0.03587788 0.02302229 -0.02952301 0.03605896 0.02302229 -0.02941852 0.03621429 0.02302229 -0.02927863 0.03633719 0.02302229 -0.02910947 0.03642225 0.02302229 -0.0289185 0.0364657 0.02302229 -0.028714 0.03647118 -0.02897763 -0.02860951 0.0364657 -0.02897763 -0.028714 0.03644609 -0.02897763 -0.02883201 0.03642225 -0.02897763 -0.0289185 0.03637212 -0.02897763 -0.02904337 0.03633719 -0.02897763 -0.02910947 0.03625297 -0.02897763 -0.02923297 0.03621429 -0.02897763 -0.02927863 0.03609466 -0.02897763 -0.02939134 0.03605896 -0.02897763 -0.02941852 0.03590506 -0.02897763 -0.02951043 0.03587788 -0.02897763 -0.02952301 0.0356937 -0.02897763 -0.0295844 0.0356791 -0.02897763 -0.02958762 0.03547114 -0.02897763 -0.0296095 -0.007528781 -0.01917767 0.01086002 -0.007528781 -0.01917767 0.01191645 4.71193e-4 -0.01917767 0.01086002 4.71193e-4 -0.01917767 0.01191645 -0.007528781 -0.01917767 0.00630474 -0.007528781 -0.01917767 0.007361114 4.71193e-4 -0.01917767 0.00630474 4.71193e-4 -0.01917767 0.007361114 0.03587788 0.02393585 -0.02092301 0.03612059 0.02378273 -0.02076989 0.03605896 0.0238313 -0.02081853 0.03597116 0.02388834 -0.02087551 0.03547114 0.02402228 -0.0210095 0.03557568 0.02401679 -0.02100402 0.0356791 0.02400046 -0.02098762 0.03578019 0.02397334 -0.02096056 0.03647118 0.02302229 -0.0210095 0.0364657 0.02312684 -0.02100402 0.03644931 0.02323019 -0.02098762 0.03642225 0.02333134 -0.02096056 0.0363847 0.02342903 -0.02092301 0.03633719 0.02352231 -0.02087551 0.03628015 0.02361011 -0.02081853 0.03621429 0.02369141 -0.02075266 0.03617829 0.02372938 -0.0207166 -0.02472877 -0.02499997 -0.02959996 -0.02512878 -0.02539998 -0.02999997 -0.02472877 -0.02289998 -0.02959996 -0.02512878 -0.02273428 -0.02999997 4.71193e-4 -0.01917767 -0.0164718 4.71193e-4 -0.01604998 -0.01761013 -0.007528781 -0.01917767 -0.0164718 -0.007528781 -0.01604998 -0.01761013 -0.007528781 -0.01917767 -0.01997065 4.71193e-4 -0.01917767 -0.01997065 -0.007528781 -0.01917767 -0.02102708 4.71193e-4 -0.01917767 -0.02073651 4.84351e-4 -0.01917767 -0.02102708 -0.007528781 -0.01917767 -0.007361173 -0.007528781 -0.01917767 -0.00630474 4.71193e-4 -0.01917767 -0.007361173 4.71193e-4 -0.01917767 -0.00630474 4.71193e-4 -0.0175004 -0.02163755 4.71193e-4 -0.01604998 -0.02216547 -0.007528781 -0.01604998 -0.02216547 4.74285e-4 -0.01788979 -0.02149581 4.71193e-4 -0.01750129 -0.02163726 4.85178e-4 -0.01903212 -0.02108007 4.84489e-4 -0.01865959 -0.02121561 4.80112e-4 -0.0182774 -0.02135473 4.71193e-4 -0.01604998 -0.02672076 4.71193e-4 -0.01604998 -0.02794289 -0.007528781 -0.01604998 -0.02672076 -0.007528781 -0.01604998 -0.02794289 -0.007528781 -0.01917767 -0.02558237 -0.007528781 -0.01917767 -0.0246095 4.71193e-4 -0.01917767 -0.02558237 0.003471195 -0.01917767 -0.0246095 4.71193e-4 -0.01917767 -0.02860951 0.003471195 -0.01917767 -0.02860951 0.003471195 -0.01918101 -0.02452719 -0.007528781 -0.01918101 -0.02452719 0.005471169 -0.02908217 -0.023615 0.005471169 -0.02909892 -0.02361685 0.005575716 -0.02909958 -0.02361142 0.005471169 -0.02928668 -0.02365845 0.005471169 -0.0293343 -0.02367526 0.005575716 -0.02933621 -0.02367013 0.005471169 -0.02978664 -0.02402168 0.005471169 -0.02980393 -0.02404624 0.005575716 -0.02980846 -0.02404314 0.006471157 -0.02922016 -0.02262425 0.006471157 -0.02945911 -0.0226683 0.006449341 -0.02919495 -0.0228306 0.006471157 -0.02969092 -0.02274101 0.006449341 -0.02940905 -0.02287012 0.006471157 -0.02991223 -0.02284127 0.006449341 -0.02961677 -0.02293527 0.006311953 -0.02997761 -0.02354764 0.006280183 -0.02991873 -0.02355653 0.006279468 -0.02997761 -0.02361369 0.006401062 -0.02997761 -0.02331954 0.006441175 -0.02997761 -0.02316486 0.00638473 -0.02988749 -0.02330154 0.006381809 -0.02997761 -0.02337741 0.006280183 -0.02978408 -0.02345019 0.006212532 -0.02997761 -0.02373427 0.006140291 -0.02992266 -0.02378082 0.00613892 -0.02997761 -0.02385014 0.005971193 -0.02983021 -0.02386182 0.006066739 -0.02997761 -0.02395218 0.005971193 -0.02991461 -0.02397072 0.006042778 -0.02997761 -0.02398407 0.00596863 -0.02997761 -0.02407789 0.005779445 -0.02997761 -0.0242936 0.005832374 -0.02997761 -0.02423584 0.00578016 -0.0299611 -0.02424466 0.005959391 -0.02997761 -0.02408909 0.005574762 -0.02997761 -0.02450561 0.005584418 -0.02997761 -0.02449589 0.005575716 -0.02997678 -0.02449697 0.005706787 -0.02997761 -0.02437055 0.00547564 -0.02997761 -0.02460503 0.005471169 -0.02997136 -0.02449762 0.005471169 -0.02997761 -0.0246095 0.00578016 -0.02990961 -0.02412807 0.005575716 -0.02987098 -0.02414804 0.005575716 -0.02992033 -0.02425974 0.005575716 -0.0299558 -0.02437669 0.005471169 -0.02995043 -0.02437794 0.005471169 -0.0299558 -0.0244016 0.005761802 -0.02997761 -0.02431249 0.005471169 -0.02991521 -0.02426165 0.005471169 -0.02989119 -0.02420276 0.005471169 -0.02986609 -0.02415055 0.00578016 -0.02984434 -0.02401864 0.00578016 -0.02976632 -0.02391791 0.005575716 -0.02973365 -0.02394658 0.005471169 -0.02972948 -0.02395015 0.005575716 -0.02964764 -0.02385979 0.005471169 -0.02964401 -0.02386385 0.005471169 -0.02964675 -0.02386635 0.006140291 -0.02981519 -0.02367234 0.005971193 -0.0297333 -0.02376395 0.00578016 -0.02967661 -0.02382737 0.006140291 -0.02969539 -0.02357774 0.005971193 -0.02962517 -0.0236786 0.00578016 -0.02957665 -0.02374839 0.005575716 -0.0295518 -0.0237841 0.005471169 -0.0295487 -0.02378857 0.005575716 -0.02944749 -0.02372056 0.005471169 -0.02944493 -0.02372539 0.005471169 -0.02947765 -0.02374345 0.006471157 -0.02997761 -0.02287745 0.006464421 -0.02997761 -0.02301269 0.006449341 -0.02981507 -0.02302509 0.00638473 -0.02972215 -0.02320086 0.006280183 -0.02963757 -0.02336096 0.006140291 -0.02956497 -0.02349829 0.005971193 -0.02950751 -0.02360695 0.00578016 -0.02946782 -0.02368211 0.00638473 -0.02954584 -0.02312099 0.006280183 -0.02948129 -0.02329015 0.006140291 -0.02942591 -0.02343529 0.005971193 -0.02938205 -0.02355009 0.00578016 -0.02935171 -0.02362954 0.00638473 -0.02936118 -0.02306306 0.006280183 -0.02931761 -0.02323883 0.006140291 -0.02928018 -0.02338957 0.005971193 -0.02925062 -0.02350884 0.00578016 -0.02923017 -0.02359139 0.005575716 -0.02921968 -0.02363359 0.005471169 -0.02921837 -0.0236389 0.00638473 -0.02917087 -0.02302801 0.006280183 -0.02914887 -0.02320772 0.006140291 -0.02913004 -0.02336192 0.005971193 -0.02911514 -0.02348387 0.00578016 -0.02910482 -0.02356827 -0.01552879 -0.02289998 -0.02959996 -0.01512879 -0.02273428 -0.02999997 -0.01552879 -0.02499997 -0.02959996 -0.01512879 -0.02539998 -0.02999997 0.006727993 0.02369141 -0.02075266 0.006764054 0.02372938 -0.0207166 0.006821691 0.02378273 -0.02076989 0.00666213 0.02361011 -0.02081853 0.006605148 0.02352231 -0.02087551 0.006557643 0.02342903 -0.02092301 0.006520092 0.02333134 -0.02096056 0.006493031 0.02323019 -0.02098762 0.00647664 0.02312684 -0.02100402 0.006471157 0.02302229 -0.0210095 0.006883382 0.0238313 -0.02081853 0.00697118 0.02388834 -0.02087551 0.007064402 0.02393585 -0.02092301 0.007162153 0.02397334 -0.02096056 0.007263243 0.02400046 -0.02098762 0.007366657 0.02401679 -0.02100402 0.007471144 0.02402228 -0.0210095 -0.01512879 -0.02539998 0.02999997 -0.01552879 -0.02499997 0.02959996 -0.02512878 -0.02539998 0.02999997 -0.02472877 -0.02499997 0.02959996 -0.007528781 -0.01917767 0.01997065 -0.007528781 -0.01917767 0.02102708 4.71193e-4 -0.01917767 0.01997065 4.71193e-4 -0.01917767 0.02102708 4.71193e-4 -0.01604998 -0.02338761 -0.007528781 -0.01604998 -0.02338761 0.03568881 -0.02918553 -0.02956312 0.03589558 -0.02918553 -0.02949076 0.03608101 -0.02918553 -0.02937424 0.03623592 -0.02918553 -0.02921938 0.03635245 -0.02918553 -0.02903389 0.03642481 -0.02918553 -0.02882713 0.03547114 -0.02997761 -0.02860951 0.03547114 -0.02997219 -0.028714 0.03549444 -0.02997219 -0.02871137 0.03557306 -0.02997219 -0.02863276 0.03557568 -0.02997219 -0.02860951 0.0356791 -0.0299558 -0.02860951 0.03577244 -0.02992868 -0.02867823 0.03578019 -0.02992868 -0.02860951 0.03553992 -0.02992868 -0.02891075 0.03587788 -0.02989119 -0.02860951 0.03595864 -0.02984368 -0.02872073 0.03597116 -0.02984368 -0.02860951 0.03547114 -0.0299558 -0.02881741 0.03547114 -0.02992868 -0.0289185 0.03558242 -0.02984368 -0.02909696 0.03605896 -0.02978664 -0.02860951 0.03612351 -0.02972078 -0.0287584 0.03614032 -0.02972078 -0.02860951 0.03547114 -0.02989119 -0.02901625 0.03547114 -0.02984368 -0.02910947 0.03562003 -0.02972078 -0.02926182 0.03547114 -0.02978664 -0.02919727 0.03621429 -0.02964675 -0.02860951 0.03625988 -0.02956545 -0.02878952 0.03628015 -0.02956545 -0.02860951 0.03547114 -0.02972078 -0.02927863 0.03547114 -0.02964675 -0.02935266 0.0356512 -0.02956545 -0.0293982 0.03633719 -0.02947765 -0.02860951 0.03636181 -0.02938437 -0.02881276 0.0363847 -0.02938437 -0.02860951 0.03547114 -0.02956545 -0.02941852 0.03547114 -0.02947765 -0.02947551 0.03567445 -0.02938437 -0.02950012 0.03642225 -0.02928668 -0.02860951 0.03644931 -0.02918553 -0.02860951 0.03547114 -0.02938437 -0.02952301 0.03547114 -0.02928668 -0.02956056 0.0364657 -0.02908217 -0.02860951 0.03629422 -0.02938437 -0.02900588 0.03620004 -0.02956545 -0.02896052 0.03607404 -0.02972078 -0.02889984 0.03592163 -0.02984368 -0.02882641 0.03574955 -0.02992868 -0.02874356 0.03556531 -0.02997219 -0.02865487 0.03618538 -0.02938437 -0.02917909 0.03610366 -0.02956545 -0.02911388 0.03599429 -0.02972078 -0.02902668 0.03586208 -0.02984368 -0.02892124 0.03571277 -0.02992868 -0.02880215 0.03555291 -0.02997219 -0.02867466 0.03604078 -0.02938437 -0.02932375 0.03597557 -0.02956545 -0.02924203 0.03588837 -0.02972078 -0.02913266 0.03578293 -0.02984368 -0.0290004 0.03566384 -0.02992868 -0.02885109 0.03553634 -0.02997219 -0.02869123 0.03586751 -0.02938437 -0.02943259 0.03582221 -0.02956545 -0.02933841 0.03576147 -0.02972078 -0.02921235 0.0356881 -0.02984368 -0.02906 0.03560525 -0.02992868 -0.02888792 0.0355165 -0.02997219 -0.02870368 0.03547114 -0.02908217 -0.02960401 0.03547114 -0.02918553 -0.02958762 4.71193e-4 -0.01604998 0.01883226 4.71193e-4 -0.01604998 0.01761013 -0.007528781 -0.01604998 0.01883226 -0.007528781 -0.01604998 0.01761013 -0.01637023 -0.01809877 -0.02979999 -0.01608741 -0.01809877 -0.02959996 -0.01637023 -0.01838159 -0.02999997 -0.01252877 -0.02165734 -0.02959996 -0.01252877 -0.02222305 -0.02999997 -0.01252877 -0.02222305 0.02999997 -0.01252877 -0.02600002 0.02999997 -0.01252877 -0.02579206 0.02997809 -0.01252877 -0.02525687 -0.0296691 -0.01252877 -0.0254122 -0.02980899 -0.01252877 -0.02513396 -0.0295 -0.01252877 -0.02559328 -0.02991354 -0.01252877 -0.02579206 -0.02997815 -0.01252877 -0.02600002 -0.02999997 -0.01252877 -0.02559328 0.02991348 -0.01252877 -0.0254122 0.02980899 -0.01252877 -0.02525687 0.0296691 -0.01252877 -0.02513396 0.02949994 -0.01252877 -0.02504897 0.02930897 -0.01252877 -0.02165734 0.02959996 -0.01252877 -0.02500545 -0.02910453 -0.01252877 -0.02504897 -0.02930897 -0.01252877 -0.02500545 0.02910447 -0.01252877 -0.02499997 0.02899998 -0.01252877 -0.02499997 -0.02899998 -0.01021522 -0.02498358 0.02899998 -0.0105288 -0.02499997 0.02899998 -0.0105288 -0.02500545 0.02910447 -0.00990504 -0.02493447 0.02899998 -0.01020544 -0.02498251 0.02899998 -0.01020485 -0.02498799 0.02910447 -0.009601712 -0.02485316 0.02899998 -0.009885847 -0.02493029 0.02899998 -0.009884715 -0.02493566 0.02910447 -0.009308576 -0.02474063 0.02899998 -0.009573757 -0.02484393 0.02899998 -0.009572029 -0.02484911 0.02910447 -0.009028792 -0.02459806 0.02899998 -0.009272813 -0.02472442 0.02899998 -0.009270548 -0.02472943 0.02910447 -0.008765399 -0.02442705 0.02899998 -0.008986473 -0.0245732 0.02899998 -0.008983671 -0.02457791 0.02910447 -0.007528781 -0.02199053 0.02900546 -0.007528781 -0.02200001 0.02899998 -0.007533967 -0.02217668 0.02899998 -0.009442985 -0.02578675 0.02999812 -0.009351611 -0.02569168 0.0299921 -0.00932163 -0.02559483 0.02997809 -0.009096086 -0.02540689 0.02995258 -0.009007751 -0.02530127 0.02993088 -0.009024441 -0.02526319 0.02991348 -0.007361054 -0.02149838 0.0296095 -0.007433354 -0.02150982 0.02949994 -0.007398605 -0.02184629 0.02949994 -0.007433533 -0.02115988 0.0296095 -0.007528781 -0.02086585 0.0296095 -0.007504224 -0.02117908 0.02949994 -0.007528781 -0.02110457 0.0294944 -0.007528781 -0.02118086 0.02945554 -0.00732541 -0.02184271 0.0296095 -0.007400274 -0.02218455 0.02949994 -0.007327139 -0.0221889 0.0296095 -0.007438361 -0.02252072 0.02949994 -0.00736612 -0.02253288 0.0296095 -0.007512509 -0.02285075 0.02949994 -0.007441997 -0.02287065 0.0296095 -0.007621765 -0.02317088 0.02949994 -0.007553815 -0.02319824 0.0296095 -0.007764875 -0.02347737 0.02949994 -0.007700264 -0.02351194 0.0296095 -0.007940232 -0.02376669 0.02949994 -0.007879734 -0.02380794 0.0296095 -0.008145689 -0.02403539 0.02949994 -0.008090019 -0.02408295 0.0296095 -0.008378982 -0.02428036 0.02949994 -0.008328735 -0.02433365 0.0296095 -0.008563101 -0.02459675 0.0296691 -0.008425831 -0.024486 0.02966833 -0.008637249 -0.02449882 0.02949994 -0.008353054 -0.02436524 0.0296179 -0.00834155 -0.02434569 0.0296095 -0.008589029 -0.0247392 0.02976542 -0.008528053 -0.02464729 0.02973157 -0.008526861 -0.02464544 0.02973091 -0.008849799 -0.02510207 0.02988117 -0.0087502 -0.02496892 0.02984219 -0.008774578 -0.02492678 0.02980899 -0.008674085 -0.02486276 0.02980816 -0.008854448 -0.0247935 0.0296691 -0.009671568 -0.02590703 0.02999997 -0.009528756 -0.025873 0.02999997 -0.009716093 -0.02570396 0.02997809 -0.009522259 -0.02586656 0.02999997 -0.007528543 -0.02217698 0.02910447 -0.007528781 -0.02185118 0.02908575 -0.007526934 -0.02185261 0.02910447 -0.007528781 -0.02182441 0.02910119 -0.007528781 -0.02147001 0.02930122 -0.007528781 -0.02152043 0.02927333 -0.007517337 -0.02152311 0.02930897 -0.007483482 -0.02185046 0.02930897 -0.007545232 -0.02231359 0.02899998 -0.007565081 -0.02249932 0.02910447 -0.007570505 -0.02249842 0.02899998 -0.007594347 -0.02262371 0.02899998 -0.007636129 -0.02281588 0.02910447 -0.007641434 -0.02281439 0.02899998 -0.007675588 -0.02292704 0.02899998 -0.007740914 -0.0231229 0.02910447 -0.00774604 -0.02312082 0.02899998 -0.007788121 -0.02322018 0.02899998 -0.007878184 -0.02341681 0.02910447 -0.007883012 -0.02341425 0.02899998 -0.007930696 -0.02350002 0.02899998 -0.008046329 -0.02369421 0.02910447 -0.008050858 -0.02369117 0.02899998 -0.008101701 -0.02376335 0.02899998 -0.008243441 -0.02395194 0.02910447 -0.008247613 -0.02394837 0.02899998 -0.00829935 -0.02400738 0.02899998 -0.008467137 -0.02418684 0.02910447 -0.008718132 -0.024392 0.02899998 -0.008714854 -0.02439635 0.02910447 -0.008521378 -0.0242294 0.02899998 -0.008470892 -0.02418291 0.02899998 -0.007485151 -0.02217954 0.02930897 -0.007522225 -0.02250659 0.02930897 -0.007594347 -0.02282768 0.02930897 -0.007700622 -0.02313911 0.02930897 -0.007839858 -0.02343732 0.02930897 -0.008010447 -0.02371877 0.02930897 -0.008210361 -0.02398014 0.02930897 -0.008437275 -0.02421849 0.02930897 -0.008688569 -0.02443099 0.02930897 -0.008961319 -0.02461516 0.02930897 -0.008917629 -0.02468812 0.02949994 -0.009252309 -0.02476888 0.02930897 -0.009216725 -0.02484607 0.02949994 -0.009165287 -0.02495771 0.0296691 -0.009100258 -0.0250988 0.02980899 -0.008909821 -0.02517944 0.0299018 -0.0095582 -0.0248903 0.02930897 -0.00953114 -0.02497094 0.02949994 -0.009492039 -0.02508741 0.0296691 -0.009442567 -0.02523469 0.02980899 -0.00938493 -0.02540636 0.02991348 -0.009319067 -0.02565705 0.02998894 -0.009875357 -0.0249781 0.02930897 -0.009857177 -0.02506113 0.02949994 -0.009830832 -0.02518117 0.0296691 -0.009797513 -0.02533292 0.02980899 -0.00975871 -0.02550977 0.02991348 -0.01020014 -0.0250312 0.02930897 -0.01019102 -0.02511572 0.02949994 -0.01017773 -0.02523785 0.0296691 -0.01016098 -0.02539235 0.02980899 -0.01014149 -0.02557235 0.02991348 -0.01012009 -0.02577 0.02997809 -0.01009768 -0.02597671 0.02999997 -0.0105288 -0.02504897 0.02930897 -0.0105288 -0.02513396 0.02949994 -0.0105288 -0.02525687 0.0296691 -0.0105288 -0.0254122 0.02980899 -0.0105288 -0.02559328 0.02991348 -0.0105288 -0.02579206 0.02997809 -0.0105288 -0.02600002 0.02999997 -0.02204883 -0.01993721 0.02979993 -0.02233171 -0.01993721 0.02999997 -0.02204883 -0.02022004 0.02959996 -0.02512878 -0.02273428 0.02999997 -0.02472877 -0.02289998 0.02959996 4.71193e-4 -0.01604998 -0.01883226 -0.007528781 -0.01604998 -0.01883226 -0.02772879 -0.02999997 -0.02999997 -0.02772879 -0.02999997 0.02999997 -0.02772879 -0.02222305 0.02999997 -0.02772879 -0.02165734 0.02959996 -0.02772879 -0.02165734 -0.02959996 -0.02772879 -0.02222305 -0.02999997 4.71193e-4 -0.01604998 -0.01305484 4.71193e-4 -0.01604998 -0.01427698 -0.007528781 -0.01604998 -0.01305484 -0.007528781 -0.01604998 -0.01427698 -0.02204883 -0.01965439 0.02959996 -0.02204883 -0.01965439 -0.02959996 -0.02360451 -0.01809877 0.02959996 -0.02360451 -0.01809877 -0.02959996 -0.01608741 -0.01809877 0.02959996 4.71193e-4 -0.01917767 -0.01191645 -0.007528781 -0.01917767 -0.01191645 -0.009601712 -0.02485316 -0.02899998 -0.009573757 -0.02484393 -0.02899998 -0.009566843 -0.02486467 -0.02920788 -0.009308576 -0.02474063 -0.02899998 -0.009272813 -0.02472442 -0.02899998 -0.009263694 -0.02474427 -0.02920788 -0.009028792 -0.02459806 -0.02899998 -0.008986473 -0.0245732 -0.02899998 -0.008975267 -0.02459192 -0.02920788 -0.008765399 -0.02442705 -0.02899998 -0.008718132 -0.024392 -0.02899998 -0.00870496 -0.02440941 -0.02920788 -0.008521378 -0.0242294 -0.02899998 -0.008470892 -0.02418291 -0.02899998 -0.008455872 -0.02419877 -0.02920788 -0.00829935 -0.02400738 -0.02899998 -0.008247613 -0.02394837 -0.02899998 -0.008230984 -0.02396255 -0.02920788 -0.008101701 -0.02376335 -0.02899998 -0.008050858 -0.02369117 -0.02899998 -0.008032858 -0.02370345 -0.02920788 -0.007930696 -0.02350002 -0.02899998 -0.007883012 -0.02341425 -0.02899998 -0.007864058 -0.02342438 -0.02920651 -0.007788121 -0.02322018 -0.02899998 -0.00774604 -0.02312082 -0.02899998 -0.007726073 -0.02312886 -0.02920621 -0.007675588 -0.02292704 -0.02899998 -0.007641434 -0.02281439 -0.02899998 -0.007620751 -0.02282023 -0.02920615 -0.007594347 -0.02262371 -0.02899998 -0.007570505 -0.02249842 -0.02899998 -0.007549285 -0.022502 -0.02920615 -0.0105288 -0.02525687 -0.0296691 -0.0105288 -0.025191 -0.02958774 -0.01018488 -0.02517241 -0.02958774 -0.0105288 -0.0254122 -0.02980899 -0.0105288 -0.02533084 -0.02974313 -0.0101698 -0.02531147 -0.02974313 -0.0105288 -0.02559328 -0.02991354 -0.0105288 -0.02549999 -0.02986603 -0.01015156 -0.02547961 -0.02986603 -0.009414613 -0.0253179 -0.02986603 -0.009353816 -0.02549898 -0.02995103 -0.009737789 -0.0256052 -0.02995103 -0.0105288 -0.02579206 -0.02997815 -0.0105288 -0.02569097 -0.02995103 -0.01013094 -0.02566945 -0.02995103 -0.007343351 -0.02218794 -0.02958774 -0.007327139 -0.0221889 -0.0296095 -0.00736612 -0.02253288 -0.0296095 -0.007457613 -0.02286624 -0.02958774 -0.007441997 -0.02287065 -0.0296095 -0.007553815 -0.02319824 -0.0296095 -0.007568895 -0.02319216 -0.02958774 -0.007700264 -0.02351194 -0.0296095 -0.007714629 -0.02350425 -0.02958774 -0.007879734 -0.02380794 -0.0296095 -0.007893145 -0.02379882 -0.02958774 -0.008090019 -0.02408295 -0.0296095 -0.008102357 -0.0240724 -0.02958774 -0.008328735 -0.02433365 -0.0296095 -0.008795619 -0.02503043 -0.02986073 -0.008808553 -0.02504771 -0.0298658 -0.009063482 -0.02517849 -0.02986603 -0.009181857 -0.02550584 -0.02996969 -0.009306371 -0.0256434 -0.02998757 -0.009522259 -0.02586656 -0.02999997 -0.009528756 -0.025873 -0.02999997 -0.009671568 -0.02590703 -0.02999997 -0.00969398 -0.02580493 -0.02999448 -0.009442985 -0.02578675 -0.02999812 -0.00937891 -0.02572047 -0.02999436 -0.009318172 -0.02565604 -0.02998888 -0.01010894 -0.02587276 -0.02999448 -0.008908987 -0.02517837 -0.0299015 -0.00900793 -0.02530151 -0.02993094 -0.009088754 -0.02539825 -0.02995097 -0.008714079 -0.02491903 -0.02982652 -0.008750081 -0.02496868 -0.02984213 -0.008816421 -0.02485698 -0.02974313 -0.009134292 -0.02502489 -0.02974313 -0.008888304 -0.024737 -0.02958774 -0.009096086 -0.02540689 -0.02995264 -0.00834155 -0.02434569 -0.0296095 -0.008353114 -0.02436536 -0.02961796 -0.008602857 -0.02454423 -0.02958774 -0.008513271 -0.02462452 -0.02972298 -0.008526682 -0.02464514 -0.02973079 -0.008547306 -0.02467668 -0.02974259 -0.00732541 -0.02184271 -0.0296095 -0.007341623 -0.02184349 -0.02958774 -0.00744605 -0.02184861 -0.02940672 -0.007528781 -0.02128911 -0.02939903 -0.007528781 -0.02118086 -0.0294556 -0.007449209 -0.02116411 -0.02958774 -0.007528781 -0.02091562 -0.02958637 -0.007433533 -0.02115988 -0.0296095 -0.007528781 -0.02086585 -0.0296095 -0.007528781 -0.02164816 -0.02920174 -0.007528781 -0.02152043 -0.02927333 -0.007480323 -0.02151727 -0.02940672 -0.007377088 -0.02150088 -0.02958774 -0.007361054 -0.02149838 -0.0296095 -0.007545232 -0.02231359 -0.02899998 -0.007533967 -0.02217668 -0.02899998 -0.007512569 -0.02217793 -0.02920615 -0.007528781 -0.02200001 -0.02899998 -0.007528781 -0.02199053 -0.02900546 -0.01009768 -0.02597671 -0.02999997 -0.0105288 -0.02600002 -0.02999997 -0.0105288 -0.02589547 -0.02999448 -0.007510542 -0.02185177 -0.02920788 -0.007528781 -0.02185118 -0.02908581 -0.007979452 -0.02373987 -0.02940672 -0.008181869 -0.02400451 -0.02940672 -0.008339881 -0.02432185 -0.02958774 -0.007447659 -0.02218174 -0.02940672 -0.007382154 -0.02253013 -0.02958774 -0.01019614 -0.02506846 -0.02940672 -0.01020306 -0.02500426 -0.02920788 -0.009881198 -0.02495163 -0.02920788 -0.0105288 -0.02513396 -0.0295 -0.0105288 -0.02508646 -0.02940672 -0.0105288 -0.02504897 -0.02930897 -0.00748521 -0.02251279 -0.02940672 -0.007558226 -0.02283787 -0.02940672 -0.007665812 -0.02315312 -0.02940672 -0.007806777 -0.02345496 -0.02940672 -0.008411586 -0.02424579 -0.02940672 -0.008665978 -0.02446091 -0.02940672 -0.009778738 -0.02541869 -0.02986603 -0.009468436 -0.02515757 -0.02974313 -0.009192883 -0.02489787 -0.02958774 -0.008942067 -0.02464735 -0.02940672 -0.009814977 -0.02525347 -0.02974313 -0.00951296 -0.02502501 -0.02958774 -0.009236633 -0.02480292 -0.02940672 -0.009844958 -0.02511686 -0.02958774 -0.009546279 -0.02492588 -0.02940672 -0.00986731 -0.02501475 -0.02940672 -0.009885847 -0.02493029 -0.02899998 -0.0105288 -0.02502185 -0.02920788 -0.0105288 -0.02500545 -0.02910453 -0.0105288 -0.02499997 -0.02899998 -0.01021522 -0.02498358 -0.02899998 -0.01020544 -0.02498251 -0.02899998 -0.00990504 -0.02493447 -0.02899998 -0.02204883 -0.02022004 -0.02959996 -0.02233171 -0.01993721 -0.02999997 -0.02204883 -0.01993721 -0.02979999 0.02191263 -0.02201193 -0.02360951 0.02319747 -0.0190795 -0.02360951 0.01233637 0.01372724 -0.02360951 0.01491522 0.01183009 -0.02360951 0.01974487 0.01312416 -0.02360951 0.03060597 -0.01968258 -0.02360951 0.03543561 -0.0183885 -0.02360951 0.02585929 0.01735073 -0.02360951 0.02102965 0.01605659 -0.02360951 0.02802705 -0.01778542 -0.02360951 0.007506728 0.01243317 -0.02360951 0.006471157 -0.01630467 -0.02360951 0.01708304 -0.02330607 -0.02360951 0.006454348 -0.01663309 -0.02360951 0.006453573 -0.01664072 -0.02360951 0.006193816 -0.01762646 -0.02360951 0.00618577 -0.01764494 -0.02360951 0.006404697 -0.01695728 -0.02360951 0.006401002 -0.01697516 -0.02360951 0.006374061 -0.01709288 -0.02360951 0.006314098 -0.01730459 -0.02360951 0.006314098 -0.01730465 -0.02360951 0.006041526 -0.01793777 -0.02360951 0.006021618 -0.01797348 -0.02360951 0.005859017 -0.01823616 -0.02360951 0.005819916 -0.01829284 -0.02360951 0.005648195 -0.01851999 -0.02360951 0.005568325 -0.01861554 -0.02360951 0.005411684 -0.01878786 -0.02360951 0.00540626 -0.01879358 -0.02360951 0.005254387 -0.01894468 -0.02360951 0.005152761 -0.01903873 -0.02360951 0.00513041 -0.01905876 -0.02360951 0.004875421 -0.01927232 -0.02360951 0.004872322 -0.01927471 -0.02360951 0.004834592 -0.01930427 -0.02360951 0.004730224 -0.01938349 -0.02360951 0.004645287 -0.01944559 -0.02360951 0.004578351 -0.01949322 -0.02360951 0.004436314 -0.01959079 -0.02360951 0.004270613 -0.01969939 -0.02360951 0.004226088 -0.01972776 -0.02360951 0.004118323 -0.01979517 -0.02360951 0.004026234 -0.01985168 -0.02360951 0.003955841 -0.01989412 -0.02360951 0.003837347 -0.01996463 -0.02360951 0.003800988 -0.01998609 -0.02360951 0.00363332 -0.0200839 -0.02360951 0.003471195 -0.02897763 -0.02360951 0.003471195 -0.02017766 -0.02360951 0.003480672 -0.02017217 -0.02360951 -0.01552879 -0.02289998 0.02959996 4.71193e-4 -0.01604998 0.005166351 -0.007528781 -0.01604998 0.005166351 0.003471195 -0.02017766 -0.0296095 -0.007528781 -0.02017766 -0.0296095 -0.007528781 -0.02007311 -0.02960401 0.003471195 -0.01918309 -0.028714 4.71193e-4 -0.01919949 -0.02881741 0.003471195 -0.01919949 -0.02881741 0.003471195 -0.01922661 -0.0289185 4.71193e-4 -0.0192641 -0.02901625 -0.007528781 -0.01936864 -0.02919727 -0.007528781 -0.01932734 -0.02913576 4.71193e-4 -0.01932734 -0.02913576 -0.007528781 -0.01986861 -0.02956056 0.003471195 -0.01996976 -0.02958762 0.003471195 -0.02007311 -0.02960401 -0.007528781 -0.01967763 -0.02947551 0.003471195 -0.01977092 -0.02952301 0.003471195 -0.01986861 -0.02956056 -0.007528781 -0.01950854 -0.02935266 0.003471195 -0.01958984 -0.02941852 0.003471195 -0.01967763 -0.02947551 0.003471195 -0.0192641 -0.02901625 0.003471195 -0.0193116 -0.02910947 0.003471195 -0.01936864 -0.02919727 0.003471195 -0.01943451 -0.02927863 0.003471195 -0.01950854 -0.02935266 0.01662987 0.01084011 -0.02060949 0.01613998 0.01112294 -0.0210095 0.02418738 -0.01736485 -0.02060949 0.02390456 -0.01785475 -0.0210095 -0.02388733 -0.01809877 -0.02979999 -0.02417016 -0.01809877 -0.02959996 -0.02417016 -0.01809877 0.02959996 -0.02388733 -0.01809877 0.02979993 4.71193e-4 -0.01604998 -6.11078e-4 4.71193e-4 -0.01917767 -0.001749396 -0.007528781 -0.01604998 -6.11078e-4 -0.007528781 -0.01917767 -0.001749396 -0.007528781 -0.01917767 0.02452594 -0.007528781 -0.01917767 0.02558237 4.71193e-4 -0.01917767 0.02452594 4.71193e-4 -0.01917767 0.02558237 4.71193e-4 -0.01604998 -0.003944218 4.71193e-4 -0.01604998 -0.005166351 -0.007528781 -0.01604998 -0.003944218 -0.007528781 -0.01604998 -0.005166351 -0.009528756 -0.02999997 0.02999997 -0.02388733 -0.01838159 0.02999997 -0.01512879 -0.02273428 0.02999997 -0.01792585 -0.01993721 0.02999997 -0.01637023 -0.01838159 0.02999997 0.01903778 0.01189941 -0.0210095 0.01875489 0.01140952 -0.02060949 4.71193e-4 -0.0169416 -0.02225834 4.71193e-4 -0.01720505 -0.02193295 4.71193e-4 -0.01671355 -0.02260947 4.71193e-4 -0.01652348 -0.02298253 4.71193e-4 -0.01637339 -0.02337342 4.71193e-4 -0.01633691 -0.02349203 -0.01637023 -0.01809877 0.02979993 -0.01665306 -0.01809877 0.02959996 -0.01665306 -0.01809877 -0.02959996 4.71193e-4 -0.01917767 -0.002805829 -0.007528781 -0.01917767 -0.002805829 -0.02388733 -0.01838159 -0.02999997 -0.009528756 -0.02999997 -0.02999997 -0.01792585 -0.01993721 -0.02999997 0.02680236 -0.01707828 -0.0210095 0.02631247 -0.01679545 -0.02060949 4.71193e-4 -0.01604998 0.009721636 4.71193e-4 -0.01604998 0.008499503 -0.007528781 -0.01604998 0.009721636 -0.007528781 -0.01604998 0.008499503 4.71193e-4 -0.01917767 0.001749396 4.71193e-4 -0.01917767 0.002805829 4.71193e-4 -0.02997761 0.0296095 4.71193e-4 -0.01604998 6.11059e-4 4.71193e-4 -0.01917767 -0.01541537 4.71193e-4 -0.01917767 -0.01086002 4.71193e-4 -0.01604998 -0.008499503 4.71193e-4 -0.01604998 -0.009721696 4.71193e-4 -0.02897763 -0.02060949 4.71193e-4 -0.02017766 -0.02060949 4.71193e-4 -0.01975953 -0.02063143 4.71193e-4 -0.01934599 -0.02069687 4.71193e-4 -0.01604998 0.003944218 4.71193e-4 -0.02997761 -0.02073651 4.71193e-4 -0.02981418 -0.02069795 4.71193e-4 -0.02939826 -0.02063167 4.71193e-4 -0.01604998 0.01305484 4.71193e-4 -0.01604998 0.01427698 4.71193e-4 -0.01917767 0.01541531 4.71193e-4 -0.01917767 0.01647174 4.71193e-4 -0.01604998 0.02216541 4.71193e-4 -0.01604998 0.02338761 4.71193e-4 -0.01604998 0.02672076 4.71193e-4 -0.01604998 0.02794289 4.71193e-4 -0.01932734 0.02913576 4.71193e-4 -0.01978212 0.02952796 4.71193e-4 -0.01997572 0.02958887 4.71193e-4 -0.02017766 0.0296095 4.71193e-4 -0.01945108 0.02929657 4.71193e-4 -0.0196048 0.02942913 -0.007528781 -0.02999997 -0.02799999 -0.009319722 -0.02999997 -0.029989 -0.009112954 -0.02999997 -0.02995628 -0.008910775 -0.02999997 -0.0299021 -0.008715331 -0.02999997 -0.02982705 -0.008528769 -0.02999997 -0.02973204 -0.007572472 -0.02999997 -0.02841579 -0.007539749 -0.02999997 -0.02820903 -0.008353233 -0.02999997 -0.02961802 -0.008190512 -0.02999997 -0.02948629 -0.007626652 -0.02999997 -0.02861803 -0.007701694 -0.02999997 -0.02881348 -0.007528781 -0.02999997 0.02799993 -0.007539749 -0.02999997 0.02820903 -0.007572472 -0.02999997 0.02841579 -0.008190512 -0.02999997 0.02948623 -0.008353233 -0.02999997 0.02961802 -0.008528769 -0.02999997 0.02973198 -0.008042514 -0.02999997 -0.02933824 -0.007910728 -0.02999997 -0.02917557 -0.007796704 -0.02999997 -0.02899998 -0.007626652 -0.02999997 0.02861797 -0.007701694 -0.02999997 0.02881342 -0.007796704 -0.02999997 0.02899998 -0.007910728 -0.02999997 0.02917551 -0.008042514 -0.02999997 0.02933824 -0.008715331 -0.02999997 0.02982705 -0.008910775 -0.02999997 0.0299021 -0.009319722 -0.02999997 0.029989 -0.009112954 -0.02999997 0.02995628 0.006471157 -0.02797764 -0.0210095 0.03647118 -0.02797764 -0.0210095 -0.007528781 -0.02997761 -0.02799999 -0.007528781 -0.02997761 0.02799993 0.006471157 0.0220223 -0.0210095 0.006471157 -0.01617765 -0.02860951 0.006471157 -0.01617765 -0.0246095 0.006471157 -0.01619958 -0.02419137 0.006471157 -0.01626503 -0.02377784 -0.007528781 -0.01604998 0.003944218 0.00647664 -0.01617765 -0.028714 0.006520092 -0.01617765 -0.0289185 0.006605148 -0.01617765 -0.02910947 0.006727993 -0.01617765 -0.02927863 0.006883382 -0.01617765 -0.02941852 0.007064402 -0.01617765 -0.02952301 0.007263243 -0.01617765 -0.02958762 0.007471144 -0.01617765 -0.0296095 0.006454706 -0.01649123 -0.02860951 0.006453573 -0.01650202 -0.0246095 0.006405591 -0.01680135 -0.02860951 0.006405591 -0.01680135 -0.0246095 0.006401002 -0.01682257 -0.0246095 0.00632435 -0.01710468 -0.02860951 0.00632435 -0.01710468 -0.0246095 0.006314098 -0.01713556 -0.0246095 0.006211817 -0.01739788 -0.02860951 0.006211817 -0.01739788 -0.0246095 0.006193876 -0.01743733 -0.0246095 0.006069242 -0.01767766 -0.02860951 0.006069242 -0.01767766 -0.0246095 0.006041765 -0.01772433 -0.0246095 0.005898237 -0.01794099 -0.02860951 0.005898237 -0.01794099 -0.0246095 0.005859434 -0.01799315 -0.0246095 0.005700588 -0.01818501 -0.02860951 0.005700588 -0.01818501 -0.0246095 0.005649149 -0.01824074 -0.0246095 0.00547856 -0.0184071 -0.02860951 0.00547856 -0.0184071 -0.0246095 0.005413353 -0.01846414 -0.0246095 0.005234539 -0.01860469 -0.02860951 0.005234539 -0.01860469 -0.0246095 0.005154728 -0.01866072 -0.0246095 0.004971146 -0.0187757 -0.02860951 0.004971146 -0.0187757 -0.0246095 0.004876375 -0.01882821 -0.0246095 0.004691362 -0.01891827 -0.02860951 0.004691362 -0.01891827 -0.0246095 0.00458157 -0.01896458 -0.0246095 0.004398226 -0.0190308 -0.02860951 0.004398226 -0.0190308 -0.0246095 0.004273772 -0.0190683 -0.0246095 0.004094898 -0.01911211 -0.02860951 0.004094898 -0.01911211 -0.0246095 0.003956496 -0.01913815 -0.0246095 0.003784775 -0.01916122 -0.02860951 0.003784775 -0.01916122 -0.0246095 0.003633558 -0.01917326 -0.0246095 0.003785312 -0.01916664 -0.028714 0.004096031 -0.01911747 -0.028714 0.004399895 -0.01903605 -0.028714 0.004693627 -0.01892328 -0.028714 0.004973888 -0.01878046 -0.028714 0.005237758 -0.0186091 -0.028714 0.005482196 -0.01841115 -0.028714 0.0057047 -0.01818871 -0.028714 0.005902647 -0.01794421 -0.028714 0.006074011 -0.0176804 -0.028714 0.006216824 -0.01740008 -0.028714 0.006329536 -0.01710641 -0.028714 0.006410956 -0.01680254 -0.028714 0.006460189 -0.01649183 -0.028714 0.003789842 -0.01920986 -0.0289185 0.004105091 -0.01915997 -0.0289185 0.004413366 -0.01907736 -0.0289185 0.00471127 -0.01896297 -0.0289185 0.004995644 -0.01881814 -0.0289185 0.005263268 -0.01864427 -0.0289185 0.005511283 -0.01844346 -0.0289185 0.005736947 -0.0182178 -0.0289185 0.005937814 -0.01796978 -0.0289185 0.006111621 -0.0177021 -0.0289185 0.00625652 -0.01741778 -0.0289185 0.006370902 -0.01711982 -0.0289185 0.006453454 -0.01681154 -0.0289185 0.006503403 -0.01649636 -0.0289185 0.003798782 -0.01929444 -0.02910947 0.004122734 -0.01924312 -0.02910947 0.004439592 -0.01915824 -0.02910947 0.004745841 -0.0190407 -0.02910947 0.005038142 -0.01889175 -0.02910947 0.005313277 -0.01871311 -0.02910947 0.005568206 -0.01850664 -0.02910947 0.005800187 -0.01827466 -0.02910947 0.006006598 -0.01801973 -0.02910947 0.006185293 -0.01774466 -0.02910947 0.006334185 -0.01745235 -0.02910947 0.006451725 -0.01714611 -0.02910947 0.006536662 -0.01682925 -0.02910947 0.006587982 -0.01650524 -0.02910947 0.003811597 -0.01941668 -0.02927863 0.004148304 -0.01936334 -0.02927863 0.00447756 -0.01927512 -0.02927863 0.004795849 -0.01915293 -0.02927863 0.005099594 -0.01899814 -0.02927863 0.005385518 -0.01881247 -0.02927863 0.005650401 -0.01859796 -0.02927863 0.005891501 -0.01835691 -0.02927863 0.006106019 -0.01809197 -0.02927863 0.006291687 -0.01780605 -0.02927863 0.00644648 -0.0175023 -0.02927863 0.00656861 -0.01718407 -0.02927863 0.006656825 -0.01685476 -0.02927863 0.006710171 -0.01651805 -0.02927863 0.00382781 -0.01957118 -0.02941852 0.00418061 -0.01951527 -0.02941852 0.004525601 -0.01942282 -0.02941852 0.00485903 -0.01929485 -0.02941852 0.005177259 -0.01913273 -0.02941852 0.005476832 -0.01893818 -0.02941852 0.005754411 -0.01871341 -0.02941852 0.006006956 -0.01846086 -0.02941852 0.006231725 -0.01818329 -0.02941852 0.006426215 -0.01788377 -0.02941852 0.006588399 -0.01756554 -0.02941852 0.00671637 -0.01723206 -0.02941852 0.006808817 -0.01688706 -0.02941852 0.006864666 -0.01653432 -0.02941852 0.003846764 -0.01975125 -0.02952301 0.00421822 -0.01969236 -0.02952301 0.00458157 -0.01959502 -0.02952301 0.004932701 -0.01946026 -0.02952301 0.005267798 -0.01928949 -0.02952301 0.005583226 -0.01908463 -0.02952301 0.005875527 -0.01884794 -0.02952301 0.006141483 -0.01858198 -0.02952301 0.006378173 -0.01828974 -0.02952301 0.006583034 -0.01797425 -0.02952301 0.006753802 -0.01763916 -0.02952301 0.006888568 -0.01728802 -0.02952301 0.006985902 -0.01692473 -0.02952301 0.007044732 -0.01655322 -0.02952301 0.003867566 -0.01994895 -0.02958762 0.004259586 -0.01988685 -0.02958762 0.004642963 -0.01978415 -0.02958762 0.005013525 -0.01964187 -0.02958762 0.005367219 -0.01946169 -0.02958762 0.005700111 -0.0192455 -0.02958762 0.006008565 -0.0189957 -0.02958762 0.006289243 -0.01871502 -0.02958762 0.006539046 -0.01840656 -0.02958762 0.006755232 -0.01807367 -0.02958762 0.006935417 -0.01772004 -0.02958762 0.007077634 -0.01734948 -0.02958762 0.007180392 -0.01696604 -0.02958762 0.0072425 -0.01657402 -0.02958762 0.003889262 -0.02015572 -0.0296095 0.004302799 -0.02009022 -0.0296095 0.004707217 -0.01998186 -0.0296095 0.005098104 -0.01983183 -0.0296095 0.005471169 -0.01964175 -0.0296095 0.0058223 -0.0194137 -0.0296095 0.006147682 -0.01915025 -0.0296095 0.006443738 -0.01885414 -0.0296095 0.006707251 -0.01852881 -0.0296095 0.006935238 -0.01817762 -0.0296095 0.007125318 -0.01780462 -0.0296095 0.007275402 -0.01741373 -0.0296095 0.007383763 -0.01700931 -0.0296095 0.007449269 -0.01659578 -0.0296095 -0.01820874 -0.01993721 -0.02979999 -0.01820874 -0.02022004 -0.02959996 -0.007528781 -0.01604998 0.02338761 -0.007528781 -0.01604998 0.02216541 4.87629e-4 -0.02897763 -0.02092307 4.8878e-4 -0.02017766 -0.02093386 5.36751e-4 -0.02897763 -0.02123326 5.36751e-4 -0.02017766 -0.02123326 5.41333e-4 -0.02017766 -0.02125442 6.18026e-4 -0.02897763 -0.02153652 6.18026e-4 -0.02017766 -0.02153652 6.28233e-4 -0.02017766 -0.0215674 7.30559e-4 -0.02897763 -0.02182972 7.30559e-4 -0.02017766 -0.02182972 7.48467e-4 -0.02017766 -0.02186918 8.73119e-4 -0.02897763 -0.0221095 8.73119e-4 -0.02017766 -0.0221095 9.00623e-4 -0.02017766 -0.02215617 0.001044094 -0.02897763 -0.02237284 0.001044094 -0.02017766 -0.02237284 0.001082897 -0.02017766 -0.02242499 0.001241743 -0.02897763 -0.02261686 0.001241743 -0.02017766 -0.02261686 0.001293182 -0.02017766 -0.02267259 0.00146377 -0.02897763 -0.02283895 0.00146377 -0.02017766 -0.02283895 0.001528978 -0.02017766 -0.02289599 0.001707792 -0.02897763 -0.02303653 0.001707792 -0.02017766 -0.02303653 0.001787602 -0.02017766 -0.02309256 0.001971185 -0.02897763 -0.02320754 0.001971185 -0.02017766 -0.02320754 0.002065956 -0.02017766 -0.02326005 0.002250969 -0.02897763 -0.02335011 0.002250969 -0.02017766 -0.02335011 0.002360761 -0.02017766 -0.02339643 0.002544105 -0.02897763 -0.02346265 0.002544105 -0.02017766 -0.02346265 0.002668559 -0.02017766 -0.02350014 0.002847433 -0.02897763 -0.02354395 0.002847433 -0.02017766 -0.02354395 0.002985835 -0.02017766 -0.02357 0.003157556 -0.02897763 -0.02359306 0.003157556 -0.02017766 -0.02359306 0.003308773 -0.02017766 -0.0236051 -0.01820874 -0.02022004 0.02959996 -0.01820874 -0.01993721 0.02979993 0.003157556 -0.02986109 -0.0241068 0.003157556 -0.02980333 -0.02401673 0.002847433 -0.02984321 -0.02398806 0.003471195 -0.02908277 -0.02361506 0.003471195 -0.02918678 -0.02363163 0.003157556 -0.0290845 -0.02359867 0.003471195 -0.02989119 -0.02420276 0.003471195 -0.02984678 -0.02411496 6.28252e-4 -0.02997761 -0.0217365 6.18026e-4 -0.02993273 -0.02168875 5.43833e-4 -0.02997761 -0.02141869 0.001516759 -0.02997761 -0.02320516 0.001551091 -0.02997761 -0.02324098 0.001707792 -0.02990698 -0.02334046 0.003157556 -0.02997356 -0.02440631 0.003157615 -0.02997761 -0.02442747 0.003304064 -0.02997761 -0.02451288 0.003157556 -0.02990901 -0.02420252 0.002929747 -0.02997761 -0.02429175 0.003157556 -0.02994668 -0.02430272 0.003119707 -0.02997761 -0.02440518 0.003141343 -0.02997761 -0.02441793 0.002250969 -0.02991777 -0.02377152 0.002077639 -0.02997761 -0.02371257 0.002212107 -0.02997761 -0.02381533 0.002250969 -0.02982443 -0.02367734 0.001971185 -0.02992027 -0.02357178 0.001832008 -0.02997761 -0.02350842 0.001835584 -0.02997761 -0.02351158 0.001973092 -0.02997761 -0.02362853 0.001709401 -0.02997761 -0.02339684 0.001971185 -0.02980595 -0.02347844 0.001707792 -0.0297684 -0.02324974 0.001464545 -0.02997761 -0.02314919 0.00146377 -0.02986776 -0.02307891 0.001245737 -0.02997761 -0.0228911 0.001244783 -0.02997761 -0.02288991 0.001241743 -0.02979266 -0.0227912 0.001241743 -0.02997761 -0.02288603 0.00146377 -0.02970188 -0.0229938 9.04217e-4 -0.02997761 -0.02237576 9.27709e-4 -0.02997761 -0.02241766 0.001044094 -0.0298925 -0.02256852 0.00104475 -0.02997761 -0.02260982 0.001122415 -0.02997761 -0.02272474 8.73119e-4 -0.02975469 -0.0222333 8.73528e-4 -0.02997761 -0.02231895 0.001044094 -0.0296728 -0.02248364 7.30559e-4 -0.02984166 -0.02196741 6.44434e-4 -0.02997761 -0.02178603 7.3082e-4 -0.02997761 -0.0220164 7.69071e-4 -0.02997761 -0.02210503 5.36751e-4 -0.02968376 -0.02130788 5.36792e-4 -0.02997761 -0.02138495 6.18026e-4 -0.02962034 -0.02160447 4.91995e-4 -0.02997761 -0.02110195 4.87629e-4 -0.02974861 -0.02100461 4.87648e-4 -0.02997761 -0.02106148 4.71573e-4 -0.02997761 -0.02078574 0.003471195 -0.02989399 -0.02420908 0.003471195 -0.029931 -0.02430766 0.003471195 -0.0299558 -0.0244016 0.003471195 -0.02995747 -0.02440959 0.003471195 -0.02997303 -0.02451372 0.003461658 -0.02997761 -0.02460402 0.003471195 -0.02997761 -0.0246095 0.003471195 -0.02978998 -0.02402627 0.003471195 -0.02978664 -0.02402168 0.003157556 -0.02966111 -0.02385711 0.003471195 -0.02965003 -0.02386927 0.003471195 -0.02964675 -0.02386635 0.003157556 -0.02948862 -0.02373081 0.003471195 -0.02948033 -0.02374505 0.003471195 -0.02947765 -0.02374345 0.003157556 -0.02929353 -0.02364337 0.003471195 -0.02928847 -0.02365905 0.003471195 -0.02928668 -0.02365845 0.002847433 -0.02990376 -0.02408254 0.002847433 -0.02995407 -0.02418285 0.002847611 -0.02997761 -0.02424162 0.002544105 -0.02983373 -0.02384638 0.002847433 -0.02977305 -0.0239005 0.003157556 -0.02973639 -0.02393317 0.003471195 -0.02972412 -0.02394413 0.002308249 -0.02997761 -0.02388554 0.002518594 -0.02997761 -0.02403104 0.002544105 -0.02990925 -0.02394068 0.002548336 -0.02997761 -0.02405089 0.002730131 -0.02997761 -0.02416837 0.002824008 -0.02997761 -0.02422702 0.002252042 -0.02997761 -0.02384477 0.002544105 -0.02974879 -0.02376061 0.002847433 -0.02969413 -0.02382075 0.002250969 -0.02972173 -0.02359342 0.002544105 -0.02965521 -0.02368426 0.002847433 -0.02960723 -0.02374982 0.003157556 -0.0295782 -0.02378946 0.003471195 -0.02956849 -0.02380269 0.001971185 -0.02968239 -0.02339762 0.002250969 -0.02961075 -0.02352082 0.002544105 -0.02955418 -0.0236181 0.002847433 -0.02951329 -0.02368837 0.001707792 -0.029621 -0.02317416 0.001971185 -0.02955108 -0.02333021 0.002250969 -0.02949279 -0.02346032 0.002544105 -0.02944672 -0.02356296 0.002847433 -0.02941352 -0.02363717 0.003157556 -0.02939337 -0.02368199 0.003471195 -0.02938669 -0.02369695 0.001241743 -0.02959698 -0.02271556 0.00146377 -0.02952796 -0.02292662 0.001707792 -0.0294665 -0.02311444 0.001971185 -0.0294134 -0.02327698 0.002250969 -0.02936905 -0.02341252 0.002544105 -0.02933406 -0.02351945 0.002847433 -0.02930885 -0.0235967 7.30559e-4 -0.02955901 -0.02189117 8.73119e-4 -0.02950048 -0.02216476 0.001044094 -0.0294454 -0.02242231 0.001241743 -0.02939438 -0.02266097 0.00146377 -0.02934795 -0.02287811 0.001707792 -0.02930659 -0.02307134 0.001971185 -0.02927082 -0.02323859 0.002250969 -0.02924102 -0.02337795 0.002544105 -0.02921748 -0.02348804 0.002847433 -0.02920049 -0.02356749 0.003157556 -0.02919024 -0.02361553 0.002847433 -0.02908968 -0.02354985 0.002544105 -0.02909821 -0.02346903 0.002250969 -0.02911007 -0.02335709 0.001971185 -0.02912509 -0.02321535 0.001707792 -0.02914303 -0.02304524 0.00146377 -0.02916383 -0.02284872 0.001241743 -0.0291872 -0.02262794 0.001044094 -0.02921283 -0.02238523 8.73119e-4 -0.02924054 -0.02212333 7.30559e-4 -0.02926993 -0.0218451 6.18026e-4 -0.02930074 -0.02155357 5.36751e-4 -0.02933269 -0.02125197 4.87629e-4 -0.0293653 -0.02094352 -0.007528781 -0.01932734 0.02913576 -0.007528781 -0.01604998 0.02794289 -0.007528781 -0.01604998 -0.008499503 -0.007528781 -0.01604998 -0.009721696 -0.007528781 -0.02017766 0.0296095 -0.00834155 -0.02997761 0.0296095 0.03421086 -0.01768136 -0.0210095 0.03372097 -0.01739853 -0.02060949 0.03131312 -0.01845782 -0.0210095 0.03159594 -0.01796793 -0.02060949 -0.007528781 -0.01917767 -0.01541537 -0.01820874 -0.01965439 0.02959996 -0.01820874 -0.01965439 -0.02959996 0.03547114 -0.02997761 -0.0210095 0.006471157 -0.02997761 -0.0210095 -0.008190512 -0.02997761 0.02948623 -0.008042514 -0.02997761 0.02933824 -0.007910728 -0.02997761 0.02917551 -0.007796704 -0.02997761 0.02899998 -0.007701694 -0.02997761 0.02881342 -0.007626652 -0.02997761 0.02861797 -0.007572472 -0.02997761 0.02841579 -0.007539749 -0.02997761 -0.02820903 -0.007572472 -0.02997761 -0.02841579 -0.00762391 -0.02997761 -0.02860951 -0.007539749 -0.02997761 0.02820903 0.03607118 -0.02957767 -0.02060949 0.03607118 -0.02837765 -0.02060949 0.006871163 -0.02957767 -0.02060949 0.006871163 -0.02837765 -0.02060949 -0.007528781 -0.01917767 -0.01086002 -0.00834155 -0.02897763 -0.0296095 0.0222544 0.0153495 -0.0210095 0.02274429 0.01506668 -0.02060949 0.0251522 0.01612597 -0.0210095 0.02486938 0.01563608 -0.02060949 -0.007528781 -0.01604998 0.02672076 0.01164472 0.01252925 -0.02281743 0.008704721 0.01174151 -0.02281743 0.008724749 0.01172989 -0.02271401 0.008731484 0.01172602 -0.02260947 0.01162922 0.01250249 -0.02260947 0.01163309 0.01250922 -0.02271401 0.01169037 0.0126084 -0.02301621 0.008625566 0.01178717 -0.02301621 0.008671522 0.01176065 -0.02291852 0.01166385 0.01256245 -0.02291852 0.01198279 0.01311486 -0.02347552 0.008119106 0.01207959 -0.02347552 0.008226633 0.01201754 -0.02341848 0.008567392 0.01182079 -0.02310949 0.01172399 0.01266658 -0.02310949 0.008497536 0.01186108 -0.02319729 0.01176428 0.01273638 -0.02319729 0.008416891 0.01190769 -0.02327865 0.01181083 0.01281708 -0.02327865 0.008326232 0.01196002 -0.02335262 0.01186317 0.01290774 -0.02335262 0.01192075 0.01300734 -0.02341848 0.008004844 0.01214551 -0.02352303 0.01204872 0.01322907 -0.02352303 0.007885158 0.01221466 -0.02356052 0.01211786 0.01334875 -0.02356052 0.007761359 0.01228612 -0.02358764 0.01218932 0.01347261 -0.02358764 0.01226246 0.01359921 -0.02360403 0.007634758 0.01235926 -0.02360403 0.002985775 -0.01914256 -0.02451324 0.003121972 -0.01916116 -0.02451997 4.86344e-4 -0.01662051 -0.02359527 4.8878e-4 -0.01664245 -0.02360326 5.30742e-4 -0.01689726 -0.02369594 6.03508e-4 -0.01716721 -0.02379423 6.28237e-4 -0.01723963 -0.02382057 6.41745e-4 -0.01727658 -0.02383404 7.5661e-4 -0.01754087 -0.02393025 8.96826e-4 -0.01778948 -0.02402073 9.00626e-4 -0.01779544 -0.02402287 0.002065956 -0.01884382 -0.02440446 0.002154171 -0.01888692 -0.02442014 0.003308713 -0.01917678 -0.02452564 0.00340569 -0.01918035 -0.02452695 0.001061618 -0.01802295 -0.02410572 0.001132547 -0.01810991 -0.02413737 0.001293182 -0.01828438 -0.02420085 0.002360761 -0.01897484 -0.02445214 0.002423882 -0.01899826 -0.02446067 0.002668559 -0.01907491 -0.02448856 0.001334428 -0.01832485 -0.02421557 0.001554667 -0.01851701 -0.02428549 0.001787602 -0.01868373 -0.02434623 0.002700686 -0.01908338 -0.02449166 0.002838611 -0.0191155 -0.02450335 0.00179255 -0.01868695 -0.02434736 0.001892089 -0.0187484 -0.02436977 0.01765507 -0.0223152 -0.02319729 0.02092182 -0.0214399 -0.02319729 0.02085196 -0.02139961 -0.02310949 0.02068793 -0.02130484 -0.02260947 0.01779013 -0.02208131 -0.02260947 0.02069461 -0.02130872 -0.02271401 0.01778626 -0.02208805 -0.02271401 0.0207147 -0.02132028 -0.02281743 0.0177747 -0.02210807 -0.02281743 0.02074784 -0.02133947 -0.02291852 0.0177555 -0.02214127 -0.02291852 0.02079379 -0.021366 -0.02301621 0.01772898 -0.02218717 -0.02301621 0.01769536 -0.0222454 -0.02310949 0.01755619 -0.02248656 -0.02335262 0.02109313 -0.02153879 -0.02335262 0.02100247 -0.02148646 -0.02327865 0.01760852 -0.0223959 -0.02327865 0.02119278 -0.02159631 -0.02341848 0.01749867 -0.02258616 -0.02341848 0.02130025 -0.02165842 -0.02347552 0.01743656 -0.02269369 -0.02347552 0.02141451 -0.02172434 -0.02352303 0.01737064 -0.02280789 -0.02352303 0.0215342 -0.02179342 -0.02356052 0.01730155 -0.02292758 -0.02356052 0.021658 -0.02186495 -0.02358764 0.01723003 -0.02305144 -0.02358764 0.01715695 -0.02317804 -0.02360403 0.0217846 -0.02193802 -0.02360403 -0.007528781 -0.01917767 0.002805829 -0.007528781 -0.01917767 0.001749396 -0.007528781 -0.01917767 0.01647174 -0.007528781 -0.01917767 0.01541531 -0.007528781 -0.01604998 0.01427698 -0.007528781 -0.01604998 0.01305484 -0.007528781 -0.01604998 6.11059e-4 -0.007528781 -0.01997572 0.02958887 -0.007528781 -0.01978212 0.02952796 -0.007528781 -0.0196048 0.02942913 -0.007528781 -0.01945108 0.02929657 0.03647118 -0.02897763 -0.0210095 0.03647118 0.0220223 -0.0210095 -0.007661938 -0.02997177 -0.02871751 -0.007701694 -0.02995663 -0.02881348 -0.007796704 -0.02989822 -0.02899998 -0.007748126 -0.02993124 -0.02891057 -0.007703483 -0.0299558 -0.02881747 -0.007910728 -0.02980202 -0.02917557 -0.007857501 -0.02984994 -0.02909851 -0.007806301 -0.02989113 -0.02901637 -0.007926821 -0.02978658 -0.02919733 -0.007984399 -0.02972781 -0.02927076 -0.008178651 -0.02947765 -0.02947551 -0.008118331 -0.02956616 -0.02941799 -0.008055508 -0.02964681 -0.0293526 -0.008042514 -0.02966243 -0.02933824 -0.008334159 -0.02908217 -0.02960401 -0.008312106 -0.02918708 -0.02958732 -0.008277952 -0.02928668 -0.02956056 -0.008237242 -0.02937531 -0.02952706 -0.008190512 -0.02945852 -0.02948629 0.008731484 0.01172602 -0.0210095 0.009221374 0.01144319 -0.02060949 0.01162922 0.01250249 -0.0210095 0.01134639 0.0120126 -0.02060949 0.006871163 0.02242231 -0.02060949 0.03607118 0.02242231 -0.02060949 0.006871163 0.02362233 -0.02060949 0.03607118 0.02362233 -0.02060949 0.02068793 -0.02130484 -0.0210095 0.01779013 -0.02208131 -0.0210095 0.01807296 -0.02159142 -0.02060949 0.02019798 -0.02102202 -0.02060949 0.02680236 -0.01707828 -0.02260947 0.02390456 -0.01785475 -0.02260947 0.01903778 0.01189941 -0.02260947 0.01613998 0.01112294 -0.02260947 0.03421086 -0.01768136 -0.02260947 0.03131312 -0.01845782 -0.02260947 0.0251522 0.01612597 -0.02260947 0.0222544 0.0153495 -0.02260947 0.03612059 -0.02973806 -0.02076989 0.03617829 -0.02968478 -0.0207166 0.03605896 -0.02978664 -0.02081853 0.03578019 -0.02992868 -0.02096056 0.03587788 -0.02989119 -0.02092301 0.03597116 -0.02984368 -0.02087551 0.03557568 -0.02997219 -0.02100402 0.0356791 -0.0299558 -0.02098762 0.03621429 -0.02964675 -0.02075266 0.03628015 -0.02956545 -0.02081853 0.03633719 -0.02947765 -0.02087551 0.0363847 -0.02938437 -0.02092301 0.03642225 -0.02928668 -0.02096056 0.03644931 -0.02918553 -0.02098762 0.0364657 -0.02908217 -0.02100402 0.02388912 -0.01788151 -0.02281743 0.02682912 -0.01709377 -0.02281743 0.02680903 -0.01708215 -0.02271401 0.02390068 -0.01786148 -0.02271401 0.02376949 -0.01808869 -0.02319729 0.02703624 -0.01721334 -0.02319729 0.02696645 -0.01717305 -0.02310949 0.02686226 -0.01711291 -0.02291852 0.02386993 -0.01791471 -0.02291852 0.02690821 -0.01713943 -0.02301621 0.0238434 -0.01796066 -0.02301621 0.02380985 -0.01801884 -0.02310949 0.02355098 -0.01846712 -0.02347552 0.02741473 -0.01743185 -0.02347552 0.02730721 -0.0173698 -0.02341848 0.02711689 -0.01725995 -0.02327865 0.02372294 -0.01816934 -0.02327865 0.02720755 -0.01731228 -0.02335262 0.02367061 -0.01826 -0.02335262 0.02361309 -0.0183596 -0.02341848 0.02752894 -0.01749777 -0.02352303 0.02348506 -0.01858133 -0.02352303 0.02764862 -0.01756691 -0.02356052 0.02341598 -0.01870101 -0.02356052 0.02777242 -0.01763838 -0.02358764 0.02334445 -0.01882487 -0.02358764 0.02327138 -0.01895147 -0.02360403 0.02789908 -0.01771152 -0.02360403 0.01952636 0.01274567 -0.02356052 0.01932924 0.01240426 -0.02341848 0.01927173 0.01230466 -0.02335262 0.01917278 0.0121333 -0.02319729 0.01909887 0.01200532 -0.02301621 0.01905322 0.01192617 -0.02281743 0.01904165 0.01190614 -0.02271401 0.01907235 0.01195937 -0.02291852 0.01913249 0.0120635 -0.02310949 0.01921939 0.012214 -0.02327865 0.01939129 0.01251178 -0.02347552 0.01945728 0.01262599 -0.02352303 0.01967096 0.01299613 -0.02360403 0.01959788 0.01286953 -0.02358764 0.0161333 0.01112681 -0.02271401 0.01611322 0.01113843 -0.02281743 0.01603412 0.01118409 -0.02301621 0.01590609 0.011258 -0.02319729 0.01573473 0.01135694 -0.02335262 0.0155276 0.01147651 -0.02347552 0.01516985 0.01168304 -0.02358764 0.01504325 0.01175618 -0.02360403 0.01529371 0.01161158 -0.02356052 0.0154134 0.01154243 -0.02352303 0.01563513 0.01141446 -0.02341848 0.01582539 0.01130461 -0.02327865 0.01597589 0.01121771 -0.02310949 0.01608002 0.01115757 -0.02291852 0.03421759 -0.01768523 -0.02271401 0.03130924 -0.01846456 -0.02271401 0.03129762 -0.01848459 -0.02281743 0.03423762 -0.01769685 -0.02281743 0.03427082 -0.01771599 -0.02291852 0.03127849 -0.01851779 -0.02291852 0.03125196 -0.01856374 -0.02301621 0.03431677 -0.01774251 -0.02301621 0.03437495 -0.01777613 -0.02310949 0.03121834 -0.01862192 -0.02310949 0.03117805 -0.01869177 -0.02319729 0.03444474 -0.01781642 -0.02319729 0.03452545 -0.01786303 -0.02327865 0.03113144 -0.01877242 -0.02327865 0.03107911 -0.01886308 -0.02335262 0.03461611 -0.01791536 -0.02335262 0.03471571 -0.01797288 -0.02341848 0.03102159 -0.01896268 -0.02341848 0.03095954 -0.0190702 -0.02347552 0.03482323 -0.01803493 -0.02347552 0.03493744 -0.01810091 -0.02352303 0.03089356 -0.01918447 -0.02352303 0.03082448 -0.01930409 -0.02356052 0.03505712 -0.01816999 -0.02356052 0.03518098 -0.01824146 -0.02358764 0.03075301 -0.01942795 -0.02358764 0.03067988 -0.01955455 -0.02360403 0.03530758 -0.01831459 -0.02360403 0.02564078 0.01697224 -0.02356052 0.02544367 0.01663082 -0.02341848 0.02538615 0.01653122 -0.02335262 0.02524691 0.01629006 -0.02310949 0.02521336 0.01623183 -0.02301621 0.02518683 0.01618593 -0.02291852 0.02516764 0.01615273 -0.02281743 0.02515608 0.01613265 -0.02271401 0.02528727 0.01635986 -0.02319729 0.02533382 0.01644057 -0.02327865 0.02550578 0.01673835 -0.02347552 0.0255717 0.01685255 -0.02352303 0.02578538 0.0172227 -0.02360403 0.02571231 0.0170961 -0.02358764 0.02222764 0.01536494 -0.02281743 0.02209031 0.01544421 -0.02310949 0.02202051 0.01548457 -0.02319729 0.02193981 0.01553112 -0.02327865 0.02184921 0.01558345 -0.02335262 0.02174955 0.01564097 -0.02341848 0.02164202 0.01570308 -0.02347552 0.02152782 0.015769 -0.02352303 0.02140814 0.01583808 -0.02356052 0.02115768 0.01598268 -0.02360403 0.02128434 0.01590961 -0.02358764 0.02214854 0.01541066 -0.02301621 0.0221945 0.01538413 -0.02291852 0.02224773 0.01535338 -0.02271401 0.003633558 -0.0199688 -0.02362704 0.003956496 -0.01975482 -0.02365982 0.00458157 -0.01936596 -0.02370798 0.006041765 -0.0179364 -0.0236116 0.006314098 -0.01728445 -0.02366942 0.002360761 -0.01899111 -0.02435725 4.8878e-4 -0.01904183 -0.02111375 4.8878e-4 -0.01868265 -0.02125161 4.8878e-4 -0.01833981 -0.02142632 4.8878e-4 -0.01801717 -0.02163583 4.8878e-4 -0.01771813 -0.02187794 4.8878e-4 -0.0174461 -0.02215003 4.8878e-4 -0.0166819 -0.02347368 5.41333e-4 -0.01698678 -0.02357274 6.28233e-4 -0.01728445 -0.02366942 7.48467e-4 -0.01757144 -0.0237627 9.00623e-4 -0.01784437 -0.02385139 0.001082897 -0.01810008 -0.02393448 0.001293182 -0.01833552 -0.02401095 0.001787602 -0.01869386 -0.02429413 0.001528978 -0.01850157 -0.02425324 0.002065956 -0.01885765 -0.02432894 0.002985894 -0.01914381 -0.02450072 0.003308773 -0.01917874 -0.02450448 0.003633558 -0.01917874 -0.02450448 0.006453573 -0.01658231 -0.02384531 0.006401002 -0.01689589 -0.02391195 0.006193876 -0.01757144 -0.0237627 0.005859434 -0.01818203 -0.02372097 0.005649149 -0.01850026 -0.02364104 0.005413353 -0.01869368 -0.02375274 0.005154728 -0.0189504 -0.02371788 0.003308773 -0.02007263 -0.02361059 0.003633558 -0.02007263 -0.02361059 0.006401002 -0.01684093 -0.02425879 0.006453573 -0.01652216 -0.02422529 0.006314098 -0.01715219 -0.02429151 0.006193876 -0.01745229 -0.02432304 0.006041765 -0.01773774 -0.02435302 0.005859434 -0.01800513 -0.02438116 0.005649149 -0.01825135 -0.02440702 0.005413353 -0.0184735 -0.02443039 0.005154728 -0.018669 -0.02445095 0.004876375 -0.0188356 -0.02446842 0.00458157 -0.0189712 -0.02448266 0.004273772 -0.01907438 -0.02449351 0.003956496 -0.01914381 -0.02450084 0.002985835 -0.020069 -0.02357566 0.002668559 -0.01909255 -0.02437883 0.002985835 -0.01916086 -0.02439337 0.003308773 -0.01919519 -0.02440065 0.003633558 -0.01919519 -0.02440065 0.003956496 -0.01916086 -0.02439337 0.004273772 -0.01909255 -0.02437883 0.00458157 -0.01899111 -0.02435725 0.004876375 -0.01885765 -0.02432894 0.005154728 -0.01869386 -0.02429413 0.005413353 -0.01850157 -0.02425324 0.005649149 -0.01828306 -0.02420681 0.005859434 -0.01804089 -0.02415531 0.006041765 -0.01777791 -0.0240994 0.006193876 -0.01749718 -0.02403974 0.006314098 -0.01720201 -0.02397698 0.002668559 -0.02006167 -0.02350622 0.002360761 -0.02005082 -0.02340304 0.002065956 -0.02003657 -0.02326744 0.001787602 -0.02001911 -0.02310085 0.001528978 -0.01854801 -0.02407997 0.001787602 -0.01873493 -0.02414071 0.002065956 -0.01889425 -0.02419251 0.002360761 -0.01902395 -0.02423465 0.002668559 -0.0191226 -0.02426666 0.002985835 -0.019189 -0.02428829 0.003308773 -0.01922237 -0.02429914 0.003633558 -0.01922237 -0.02429914 0.003956496 -0.019189 -0.02428829 0.004273772 -0.0191226 -0.02426666 0.00458157 -0.01902395 -0.02423465 0.004876375 -0.01889425 -0.02419251 0.005154728 -0.01873493 -0.02414071 0.005413353 -0.01854801 -0.02407997 0.005649149 -0.01833552 -0.02401095 0.005859434 -0.01810008 -0.02393448 0.006041765 -0.01784437 -0.02385139 0.001528978 -0.01999855 -0.02290534 0.001293182 -0.01997518 -0.0226832 0.001082897 -0.01994931 -0.02243697 9.00623e-4 -0.01992118 -0.02216958 7.48467e-4 -0.0198912 -0.0218842 6.28233e-4 -0.01985967 -0.02158409 5.41333e-4 -0.01982694 -0.02127277 4.8878e-4 -0.01941341 -0.02101415 5.41333e-4 -0.0194801 -0.02132773 5.41333e-4 -0.01914083 -0.02141863 6.28233e-4 -0.01954513 -0.02163386 6.28233e-4 -0.01923757 -0.02171629 7.48467e-4 -0.0196079 -0.02192902 7.48467e-4 -0.01933085 -0.02200329 9.00623e-4 -0.01966756 -0.02220976 9.00623e-4 -0.01941955 -0.02227622 0.001082897 -0.01972347 -0.02247273 0.001082897 -0.01950258 -0.02253192 0.001293182 -0.01977497 -0.02271491 0.001293182 -0.01957911 -0.02276736 0.001528978 -0.0198214 -0.02293342 0.001528978 -0.01964813 -0.02297985 0.001787602 -0.01986223 -0.0231257 0.001787602 -0.01970887 -0.02316683 0.002065956 -0.0198971 -0.0232895 0.002065956 -0.01976066 -0.02332609 0.002360761 -0.01992541 -0.02342295 0.002360761 -0.0198028 -0.02345579 0.002668559 -0.01994699 -0.0235244 0.002668559 -0.01983481 -0.02355444 0.002985835 -0.01996153 -0.02359271 0.002985835 -0.01985639 -0.02362084 0.003308773 -0.0199688 -0.02362704 0.003308773 -0.0198673 -0.02365428 0.003633558 -0.0198673 -0.02365428 0.003956496 -0.01985639 -0.02362084 5.41333e-4 -0.01881301 -0.02154445 6.28233e-4 -0.01894032 -0.02183037 7.48467e-4 -0.01906305 -0.02210605 9.00623e-4 -0.01917976 -0.02236825 0.001082897 -0.01928913 -0.02261388 0.001293182 -0.01938986 -0.02284002 0.001528978 -0.0194807 -0.0230441 0.001787602 -0.01956063 -0.02322369 0.002065956 -0.01962876 -0.0233767 0.002360761 -0.01968425 -0.02350127 0.002668559 -0.01972645 -0.02359604 0.002985835 -0.01975482 -0.02365982 0.003308773 -0.01976913 -0.02369195 0.003633558 -0.01976913 -0.02369195 5.41333e-4 -0.01850008 -0.02170389 6.28233e-4 -0.01865661 -0.02197498 7.48467e-4 -0.01880747 -0.02223628 9.00623e-4 -0.01895099 -0.02248483 0.001082897 -0.0190854 -0.02271765 0.001293182 -0.0192092 -0.02293211 0.001528978 -0.0193209 -0.02312552 0.001787602 -0.01941919 -0.02329581 0.002065956 -0.01950293 -0.02344083 0.002360761 -0.01957112 -0.02355897 0.002668559 -0.01962298 -0.02364879 0.002985835 -0.0196579 -0.02370923 0.003308773 -0.01967543 -0.02373963 0.003633558 -0.01967543 -0.02373963 0.003956496 -0.0196579 -0.02370923 0.004273772 -0.01962298 -0.02364879 5.41333e-4 -0.01820558 -0.02189517 6.28233e-4 -0.01838952 -0.02214837 7.48467e-4 -0.0185669 -0.02239251 9.00623e-4 -0.01873558 -0.02262473 0.001082897 -0.01889365 -0.02284222 0.001293182 -0.01903915 -0.0230425 0.001528978 -0.01917046 -0.02322322 0.001787602 -0.01928603 -0.02338224 0.002065956 -0.01938444 -0.02351772 0.002360761 -0.01946461 -0.02362811 0.002668559 -0.01952558 -0.02371203 0.002985835 -0.01956665 -0.02376848 0.003308773 -0.01958727 -0.02379691 0.003633558 -0.01958727 -0.02379691 0.003956496 -0.01956665 -0.02376848 0.004273772 -0.01952558 -0.02371203 0.00458157 -0.01946461 -0.02362811 5.41333e-4 -0.01793265 -0.02211618 6.28233e-4 -0.0181421 -0.02234876 7.48467e-4 -0.01834398 -0.02257305 9.00623e-4 -0.01853603 -0.02278631 0.001082897 -0.01871591 -0.02298611 0.001293182 -0.01888161 -0.02317011 0.001528978 -0.0190311 -0.02333611 0.001787602 -0.01916259 -0.0234822 0.002065956 -0.01927465 -0.02360665 0.002360761 -0.01936596 -0.02370798 0.002668559 -0.01943534 -0.02378511 0.002985835 -0.01948207 -0.02383697 0.003308773 -0.01950556 -0.02386307 0.003633558 -0.01950556 -0.02386307 0.003956496 -0.01948207 -0.02383697 0.004273772 -0.01943534 -0.02378511 5.41333e-4 -0.01768434 -0.02236449 6.28233e-4 -0.01791691 -0.02257394 7.48467e-4 -0.01814121 -0.02277582 9.00623e-4 -0.01835447 -0.02296787 0.001082897 -0.01855427 -0.02314782 0.001293182 -0.01873826 -0.02331346 0.001528978 -0.01890426 -0.02346295 0.001787602 -0.01905035 -0.02359449 0.002065956 -0.01917481 -0.02370655 0.002360761 -0.01927614 -0.02379781 0.002668559 -0.01935321 -0.02386718 0.002985835 -0.01940512 -0.02391391 0.003308773 -0.01943123 -0.0239374 0.003633558 -0.01943123 -0.0239374 0.003956496 -0.01940512 -0.02391391 0.004273772 -0.01935321 -0.02386718 0.00458157 -0.01927614 -0.02379781 0.004876375 -0.01917481 -0.02370655 4.8878e-4 -0.01979345 -0.02095401 0.004876375 -0.01908588 -0.02381628 0.00458157 -0.01919627 -0.02389645 0.004273772 -0.01928013 -0.02395743 0.003956496 -0.01933664 -0.02399849 0.003633558 -0.01936507 -0.02401912 0.003308773 -0.01936507 -0.02401912 0.002985835 -0.01933664 -0.02399849 0.002668559 -0.01928013 -0.02395743 0.002360761 -0.01919627 -0.02389645 0.002065956 -0.01908588 -0.02381628 0.001787602 -0.0189504 -0.02371788 0.001528978 -0.01879137 -0.0236023 0.001293182 -0.01861065 -0.02347099 0.001082897 -0.01841038 -0.0233255 9.00623e-4 -0.01819282 -0.02316743 7.48467e-4 -0.01796066 -0.02299875 6.28233e-4 -0.01771652 -0.02282142 5.41333e-4 -0.01746332 -0.02263742 4.8878e-4 -0.01720398 -0.02244901 0.005154728 -0.01886391 -0.02385103 0.004876375 -0.01900899 -0.02393478 0.00458157 -0.01912707 -0.02400296 0.004273772 -0.01921689 -0.02405482 0.003956496 -0.01927739 -0.02408975 0.003633558 -0.01930779 -0.02410727 0.003308773 -0.01930779 -0.02410727 0.002985835 -0.01927739 -0.02408975 0.002668559 -0.01921689 -0.02405482 0.002360761 -0.01912707 -0.02400296 0.002065956 -0.01900899 -0.02393478 0.001787602 -0.01886391 -0.02385103 0.001528978 -0.01869368 -0.02375274 0.001293182 -0.01850026 -0.02364104 0.001082897 -0.01828581 -0.02351725 9.00623e-4 -0.01805299 -0.02338284 7.48467e-4 -0.01780444 -0.02323931 6.28233e-4 -0.01754313 -0.02308845 5.41333e-4 -0.01727205 -0.02293193 4.8878e-4 -0.01699447 -0.02277165 0.005649149 -0.01840817 -0.02382171 0.005413353 -0.01861226 -0.02391254 0.005154728 -0.01879185 -0.02399247 0.004876375 -0.01894485 -0.0240606 0.00458157 -0.01906943 -0.02411609 0.004273772 -0.0191642 -0.02415829 0.003956496 -0.01922798 -0.02418667 0.003633558 -0.0192601 -0.02420097 0.003308773 -0.0192601 -0.02420097 0.002985835 -0.01922798 -0.02418667 0.002668559 -0.0191642 -0.02415829 0.002360761 -0.01906943 -0.02411609 0.002065956 -0.01894485 -0.0240606 0.001787602 -0.01879185 -0.02399247 0.001528978 -0.01861226 -0.02391254 0.001293182 -0.01840817 -0.02382171 0.001082897 -0.01818203 -0.02372097 9.00623e-4 -0.0179364 -0.0236116 7.48467e-4 -0.0176742 -0.02349489 6.28233e-4 -0.01739853 -0.02337217 5.41333e-4 -0.01711261 -0.02324485 4.8878e-4 -0.01681977 -0.0231145</float_array>
          <technique_common>
            <accessor source="#gripper-mesh-positions-array" count="6876" stride="3">
              <param name="X" type="float"/>
              <param name="Y" type="float"/>
              <param name="Z" type="float"/>
            </accessor>
          </technique_common>
        </source>
        <source id="gripper-mesh-normals">
          <float_array id="gripper-mesh-normals-array" count="41220">0 0.9986296 -0.05233556 0 0.9986296 -0.05233556 0 0.9876883 -0.156435 0 0.9876883 -0.156435 0 0.965927 -0.2588143 0 0.965927 -0.2588143 0 0.9335784 -0.3583733 0 0.9335784 -0.3583733 0 0.8910098 -0.4539842 0 0.8910098 -0.4539842 0 0.83867 -0.5446399 0 0.83867 -0.5446399 0 0.777145 -0.6293216 0 0.777145 -0.6293216 0 0.7071068 -0.7071068 0 0.7071068 -0.7071068 0 0.6293216 -0.777145 0 0.6293216 -0.777145 0 0.5446399 -0.83867 0 0.5446399 -0.83867 0 0.4539842 -0.8910098 0 0.4539842 -0.8910098 0 0.3583733 -0.9335784 0 0.3583733 -0.9335784 0 0.2588143 -0.965927 0 0.2588143 -0.965927 0 0.156435 -0.9876883 0 0.156435 -0.9876883 0 0.05233556 -0.9986296 0 0.05233556 -0.9986296 -1.60006e-7 -0.1955766 -0.9806885 2.40457e-5 -0.7342217 -0.6789098 0 -0.9986296 -0.05233556 0 -0.9986296 -0.05233556 0 -0.9876883 -0.156435 0 -0.9876883 -0.156435 0 -0.9659226 -0.258831 0 -0.9659226 -0.258831 0 -0.9335844 -0.3583577 0 -0.9335844 -0.3583577 0 -0.8910062 -0.4539912 0 -0.8910062 -0.4539912 -4.89342e-5 -0.777145 -0.6293216 -5.90798e-5 -0.7760533 -0.6306674 -1.29407e-5 -0.7972699 -0.603623 7.90592e-5 -0.83867 -0.54464 -2.34367e-4 -0.817371 -0.5761116 0 -0.8514921 -0.5243675 -2.83218e-4 -0.5968241 -0.802372 7.48971e-6 -0.6293216 -0.777145 -6.58711e-6 -0.5478162 -0.8365988 -4.31083e-5 -0.6326362 -0.7744492 0 -0.6630131 -0.7486079 4.80908e-7 -0.7071068 -0.7071068 -1.64505e-4 -0.6901428 -0.7236732 -6.82262e-5 -0.712052 -0.7021268 -3.54195e-4 -0.5005813 -0.8656895 2.96946e-5 -0.5446358 -0.8386726 -3.06098e-6 -0.4915754 -0.8708351 -3.47388e-5 -0.4539914 -0.8910061 1.55436e-5 -0.4467032 -0.8946822 4.72638e-7 -0.2588121 -0.9659277 -3.17379e-4 -0.2135599 -0.9769299 -4.3662e-5 -0.2576035 -0.9662507 5.60916e-5 -0.3583732 -0.9335784 -2.00483e-4 -0.3274106 -0.9448822 -8.48565e-6 -0.3808718 -0.9246279 0 -0.05233556 -0.9986295 -2.42949e-4 -0.01637446 -0.999866 -1.74363e-7 -0.06881713 -0.9976294 3.76487e-7 -0.1564363 -0.9876881 -1.93773e-4 -0.1281374 -0.9917564 -4.6335e-5 -0.1677168 -0.9858352 -0.9146131 -3.1619e-7 -0.40433 -0.8359978 1.83447e-5 -0.5487329 -0.2322673 -0.003053009 -0.9726471 -0.1798797 -8.43664e-4 -0.9836882 -0.05231595 0.00114876 -0.99863 -0.09565955 -0.001154124 -0.9954134 -0.02339935 0 -0.9997261 -0.4067353 -3.06498e-5 -0.9135461 -0.4513167 -0.004538476 -0.8923524 -0.3612807 9.89525e-6 -0.9324571 -0.2079176 -1.55008e-5 -0.9781464 -0.2913241 -0.007027864 -0.9565986 -0.2682543 -0.005253195 -0.9633339 -0.7431489 -3.93375e-5 -0.6691262 -0.7908527 -0.008728384 -0.6119443 -0.7386891 -0.001277983 -0.6740452 -0.682129 -3.57302e-5 -0.7312318 -0.6707298 2.48897e-7 -0.7417019 -0.5877881 -4.76878e-6 -0.8090149 -0.6111612 -0.003026485 -0.7915004 -0.528033 9.70539e-6 -0.8492239 -0.8660271 -9.14651e-6 -0.499997 -0.8914679 -0.00707668 -0.4530286 -0.8660992 -0.003235042 -0.4998617 -0.9945216 0 -0.1045308 -0.9985288 -0.008425831 -0.05356615 -0.9884109 -6.1781e-5 -0.1518021 -0.9784759 2.64175e-7 -0.2063608 -0.9510545 -2.32925e-6 -0.3090232 -0.9639458 -0.006675481 -0.2660152 -0.9338048 -1.91912e-4 -0.357783 -0.2140112 -0.1045089 0.9712246 -0.4180656 -0.1045308 0.9023827 -0.6025114 -0.1044957 0.79124 -0.7586602 -0.1044866 0.6430531 -0.8792917 -0.1044541 0.4646884 -0.9586902 -0.1044245 0.2645916 -0.05235242 -0.9986113 0.005902588 -0.1563933 -0.9875375 0.01763302 -0.1807339 -0.9737665 0.1382544 -0.2587044 -0.9655166 0.02915132 -0.3581028 -0.9328098 0.04035174 -0.3932408 -0.9134422 0.1048094 -0.4533987 -0.8898428 0.05108267 -0.5436093 -0.8371009 0.06124633 -0.5782853 -0.8087848 0.1070207 -0.6277351 -0.7752078 0.07072204 -0.7048736 -0.7048736 0.07941269 -0.734834 -0.6682758 0.1158732 -0.774174 -0.6269335 0.08722972 -0.8349556 -0.5422162 0.09407824 -0.8576565 -0.4987998 0.1249961 -0.8865489 -0.4517203 0.09989899 -0.9284587 -0.356397 0.1046215 -0.9421882 -0.3080046 0.1319639 -0.9602596 -0.2572863 0.1081911 -0.9972667 -0.05224454 0.05224639 -0.9816254 -0.155498 0.1105983 -0.9852653 -0.1041334 0.1356784 -0.9735135 -0.1616625 0.1616683 -0.9230579 -0.1042922 0.3702531 -0.9355881 -0.1322953 0.3273724 -0.8982223 -0.3072679 0.3142977 -0.8982222 -0.3072612 0.314305 -0.8187118 -0.497633 0.2864828 -0.8187125 -0.497628 0.2864896 -0.7034157 -0.6667979 0.2461441 -0.7034158 -0.6667977 0.2461445 -0.557086 -0.8072507 0.1949397 -0.5570839 -0.8072558 0.1949244 -0.3859444 -0.9125845 0.1350424 -0.3859449 -0.9125825 0.1350542 -0.1974208 -0.9778816 0.06908375 -0.1974226 -0.9778822 0.06906956 -0.04972851 -0.9986112 0.01739782 -0.8217248 -0.1042428 0.5602692 -0.83951 -0.1302161 0.5275099 -0.8057619 -0.3072525 0.5063041 -0.8057656 -0.3072661 0.5062896 -0.7344391 -0.4976364 0.4614728 -0.7344389 -0.4976351 0.4614746 -0.6310158 -0.6667943 0.3964901 -0.6310162 -0.6667966 0.3964858 -0.4997419 -0.807255 0.3140023 -0.4997408 -0.8072509 0.3140145 -0.3462121 -0.9125851 0.217544 -0.3462113 -0.9125844 0.2175487 -0.1770988 -0.9778813 0.1112836 -0.1770981 -0.9778813 0.1112855 -0.04460769 -0.9986113 0.02803069 -0.6818917 -0.1041717 0.7239972 -0.7013753 -0.1270647 0.7013753 -0.6729028 -0.3072518 0.6729028 -0.6729028 -0.3072518 0.6729028 -0.6133313 -0.4976438 0.6133313 -0.6133265 -0.4976338 0.6133444 -0.5269577 -0.6667947 0.526973 -0.526957 -0.6667934 0.5269755 -0.4173327 -0.8072512 0.4173474 -0.4173364 -0.8072552 0.4173364 -0.2891295 -0.9125833 0.2891295 -0.2891362 -0.912586 0.2891141 -0.1479035 -0.9778816 0.1478923 -0.1478991 -0.9778813 0.1478991 -0.0372529 -0.9986112 0.0372529 -0.5101209 -0.104125 0.8537768 -0.5280018 -0.122857 0.8403097 -0.5062968 -0.3072523 0.8057665 -0.5062967 -0.3072522 0.8057666 -0.4614796 -0.4976278 0.7344406 -0.4614924 -0.4976449 0.7344211 -0.396505 -0.6668004 0.6309999 -0.3964998 -0.6667949 0.631009 -0.3140144 -0.8072528 0.4997377 -0.31401 -0.80725 0.4997453 -0.2175439 -0.9125823 0.34622 -0.2175494 -0.9125838 0.3462124 -0.1112826 -0.9778818 0.1770973 -0.1112841 -0.9778818 0.1770959 -0.02803039 -0.9986113 0.04460716 -0.3143863 -0.1040235 0.9435786 -0.3279984 -0.1176072 0.9373289 -0.3143112 -0.3072761 0.8982148 -0.3142904 -0.3072523 0.8982302 -0.2864719 -0.4976163 0.8187257 -0.286484 -0.4976286 0.8187142 -0.2461375 -0.6668041 0.7034121 -0.2461329 -0.6668006 0.7034171 -0.1949307 -0.8072517 0.5570876 -0.1949363 -0.8072544 0.5570818 -0.1350516 -0.9125826 0.3859454 -0.1350479 -0.9125819 0.3859487 -0.06907963 -0.977882 0.1974202 -0.06907069 -0.9778816 0.1974257 -0.01739746 -0.9986113 0.04972743 -0.1039625 -0.1039625 0.9891327 -0.1112504 -0.1112504 0.9875457 -0.106531 -0.3072326 0.9456529 -0.106576 -0.307278 0.945633 -0.09714168 -0.4976456 0.8619236 -0.09710365 -0.4976133 0.8619467 -0.08342844 -0.6667935 0.740558 -0.08344984 -0.6668069 0.7405434 -0.06609106 -0.8072485 0.5864998 -0.06609988 -0.8072519 0.586494 -0.04579252 -0.912587 0.4063102 -0.04576593 -0.912582 0.4063243 -0.02341026 -0.977882 0.2078436 -0.02340465 -0.9778816 0.2078454 -0.005895197 -0.9986113 0.05235242 0 -0.9986286 0.05235332 0 -0.9986286 0.05235332 0 -0.9864948 0.1637929 -1.91713e-4 -0.97815 0.2079005 0 -0.9639604 0.2660461 0 -0.9281097 0.3723071 -1.79597e-4 -0.9135453 0.4067369 0 -0.8841282 0.4672445 0 -0.8262379 0.5633214 -1.59669e-4 -0.8090172 0.5877849 0 -0.7628357 0.6465923 0 -0.6856219 0.7279577 -1.31636e-4 -0.6691262 0.7431488 0 -0.6058281 0.7955956 0 -0.512909 0.858443 -9.57791e-5 -0.5000104 0.8660194 0 -0.4203684 0.9073535 0 -0.3161011 0.9487255 -5.19069e-5 -0.308991 0.951065 0 -0.2151373 0.9765838 0 -0.1045289 0.9945219 0 -0.1045289 0.9945219 0.104507 -0.2139592 0.9712362 0.104529 -0.4180657 0.9023829 0.1044939 -0.6025115 0.7912401 0.1044847 -0.7586603 0.6430532 0.1044523 -0.8792919 0.4646886 0.1044227 -0.9586904 0.2645916 0.1043853 -0.9931731 0.05206733 0.1043422 -0.9811099 0.1628988 0.1333371 -0.9848396 0.1109604 0.3072608 -0.9456421 0.1065441 0.3072644 -0.9456415 0.1065404 0.4976403 -0.8619304 0.09710913 0.4976335 -0.8619333 0.09711796 0.6667978 -0.7405527 0.08344143 0.6667922 -0.7405566 0.08345133 0.8072592 -0.5864851 0.06608939 0.8072639 -0.5864803 0.06607645 0.9125692 -0.4063514 0.04578202 0.912568 -0.4063532 0.0457887 0.977893 -0.2077909 0.02341431 0.9778923 -0.2077923 0.0234282 0.9986095 -0.05238604 0.005906403 0.1042906 -0.9230485 0.3702769 0.1322995 -0.9355824 0.3273873 0.3072531 -0.8982218 0.3143137 0.3072612 -0.8982222 0.314305 0.497633 -0.8187118 0.2864828 0.4976415 -0.8187108 0.2864711 0.6667971 -0.7034211 0.2461307 0.6667987 -0.7034207 0.2461277 0.8072644 -0.557073 0.1949205 0.8072575 -0.5570757 0.1949411 0.9125688 -0.3859731 0.135066 0.9125692 -0.385973 0.1350641 0.9778926 -0.1973723 0.06906676 0.9778932 -0.197374 0.06905263 0.9986095 -0.04976058 0.01740902 0.1042408 -0.8217367 0.5602524 0.1302089 -0.8395184 0.5274983 0.3072657 -0.8057655 0.5062901 0.3072521 -0.8057618 0.5063045 0.4976257 -0.7344372 0.4614874 0.4976351 -0.7344389 0.4614746 0.6667943 -0.6310158 0.3964901 0.6667966 -0.6310162 0.3964858 0.8072635 -0.4997321 0.3139961 0.8072656 -0.4997326 0.3139897 0.9125714 -0.3462444 0.2175507 0.9125685 -0.3462413 0.2175676 0.9778923 -0.1770552 0.1112562 0.9778923 -0.1770545 0.1112582 0.9986094 -0.04463654 0.02804887 0.1041699 -0.6818919 0.7239973 0.1270624 -0.7013755 0.7013755 0.3072518 -0.6729028 0.6729028 0.3072636 -0.6729088 0.6728914 0.4976434 -0.6133394 0.6133236 0.4976243 -0.6133303 0.6133482 0.6667947 -0.5269577 0.526973 0.6667934 -0.526957 0.5269755 0.8072598 -0.4173245 0.4173392 0.8072636 -0.4173281 0.4173281 0.9125699 -0.2891506 0.2891506 0.9125727 -0.2891573 0.2891352 0.9778926 -0.1478672 0.1478559 0.9778922 -0.1478627 0.1478627 0.9986094 -0.03727722 0.03727722 0.1041231 -0.5101209 0.8537769 0.1228548 -0.5280019 0.8403099 0.3072523 -0.5062968 0.8057665 0.3072522 -0.5062967 0.8057666 0.497635 -0.4614775 0.7344372 0.4976444 -0.4614845 0.7344264 0.6667956 -0.3965004 0.6310079 0.6667949 -0.3964998 0.631009 0.8072646 -0.3140058 0.4997241 0.8072579 -0.3139954 0.4997416 0.9125676 -0.2175552 0.3462516 0.9125704 -0.2175652 0.3462377 0.9778928 -0.1112552 0.1770538 0.9778929 -0.1112567 0.1770523 0.9986094 -0.02804887 0.04463654 0.1040216 -0.3143863 0.9435787 0.1176051 -0.3279985 0.9373292 0.3072761 -0.3143112 0.8982148 0.3072523 -0.3142904 0.8982302 0.4976163 -0.2864719 0.8187257 0.4976333 -0.2864886 0.8187096 0.6668071 -0.2461414 0.703408 0.6667969 -0.2461282 0.7034222 0.8072585 -0.1949232 0.5570806 0.8072654 -0.1949375 0.5570655 0.9125691 -0.1350659 0.3859726 0.9125675 -0.1350585 0.385979 0.977893 -0.06906265 0.1973717 0.9778926 -0.0690537 0.1973772 0.9986095 -0.01740902 0.04976058 0.1039606 -0.1039626 0.989133 0.1112465 -0.1112485 0.9875464 0.3072327 -0.1065292 0.945653 0.3072779 -0.1065741 0.9456332 0.4976457 -0.09713995 0.8619238 0.4976131 -0.09710168 0.8619469 0.6667935 -0.08342677 0.7405581 0.6668081 -0.08344972 0.7405424 0.8072569 -0.06608974 0.5864881 0.8072596 -0.06609648 0.5864838 0.9125737 -0.0457943 0.4063399 0.9125686 -0.04576689 0.4063545 0.9778929 -0.02340322 0.2077924 0.9778926 -0.02339524 0.2077952 0.9986094 -0.005898237 0.05238789 0.9986267 0 0.05238884 0.9986267 0 0.05238884 0.9865098 0 0.163702 0.9781609 -1.0332e-4 0.2078493 0.9639603 0 0.2660461 0.9280905 0 0.3723548 0.9135321 -9.66592e-5 0.4067666 0.8841282 0 0.4672445 0.8262379 0 0.5633214 0.8090257 -8.59342e-5 0.5877733 0.7628664 0 0.6465561 0.685622 0 0.7279577 0.6691262 -7.08812e-5 0.7431488 0.6058281 0 0.7955957 0.5129181 0 0.8584375 0.5000103 -5.16092e-5 0.8660194 0.420321 0 0.9073755 0.3160896 0 0.9487293 0.308991 -2.79056e-5 0.951065 0.2152419 0 0.9765608 0.1045271 0 0.994522 0.1045271 0 0.994522 0 -1 0 0 -1 0 0 -1 0 0 -1 0 0.499997 -0.8660271 0 0.6199451 -0.7846434 0.001725733 0.6691262 -0.7431488 0 0.5446481 -0.8386647 0 0.4545453 -0.8907225 0.001406371 0.1045271 -0.9945221 0 0.05242651 -0.9986238 0.001437067 0.1564176 -0.9876911 0 0.3090232 -0.9510545 0 0.2591705 -0.9658305 0.001425683 0.3583828 -0.9335747 0 0.9986269 -0.05238693 0 0.9986269 -0.05238693 0 0.9877067 -0.1563189 0 0.9781606 -0.2078493 7.19435e-4 0.9659295 -0.2588055 0 0.9335463 -0.3584567 0 0.9135259 -0.4067797 7.1206e-4 0.8910061 -0.4539914 0 0.8386591 -0.5446568 0 0.8090317 -0.5877646 7.02529e-4 0.7771885 -0.6292678 0 0.6977759 -0.7163161 0 0.701476 -0.7110952 0.04769712 0.7071068 0 0.7071068 0.7071068 0 0.7071068 0 -0.3420199 -0.9396927 0 -0.3420199 -0.9396927 0 -1 0 0 -1 0 0 -1 0 0 -1 0 0 -1 0 0 -0.3420202 -0.9396926 -2.24068e-7 -0.3420199 -0.9396927 0 -0.3420208 -0.9396924 2.06104e-4 -0.3430237 -0.9393267 0 -0.3420057 -0.9396979 -3.57869e-7 -0.342023 -0.9396916 0 -0.3420196 -0.9396928 0 -0.3420186 -0.9396932 0 -1 0 0 -1 0 0 -1 0 0 -1 0 0 -1 0 0 -1 0 0 -0.9991515 -0.04118645 0 -0.9991515 -0.04118645 -0.05234497 0.1126929 -0.9922502 -0.05233037 0.3325182 -0.9416438 -0.0523414 0.8166248 -0.5747906 -0.9945015 0.006360113 -0.1045287 -0.9945017 0.01898854 -0.1029847 -0.9945017 0.03133594 -0.09992146 -0.9945018 0.04321962 -0.09538525 -0.8283405 0.3849474 -0.4070229 -0.9442306 0.2200495 -0.2449631 -0.9237784 0.2287236 -0.3071141 -0.8657619 0.3056346 -0.3962875 -0.8750416 0.3244323 -0.3592296 -0.7061995 0.5477399 -0.4486238 -0.5875056 0.628193 -0.5101085 -0.6118138 0.6619724 -0.4329856 -0.5555295 0.7192488 -0.4172148 -0.5486392 0.7148756 -0.4335296 -0.3341429 0.891358 -0.3063157 -0.3331272 0.897708 -0.2883516 -0.1084097 0.9882817 -0.1074551 -0.1082024 0.9885009 -0.1056329 -0.1076833 0.9883688 -0.1073846 -0.05224364 0.9970571 -0.05610507 -0.05594009 0.9968658 -0.05594009 -0.3990157 0.8387356 -0.3705524 -0.2075564 0.894788 -0.3953162 -0.2075473 0.8947834 -0.3953312 -0.05234211 0.9742149 -0.2194668 -0.3287044 0.8931925 -0.3068557 -0.2075534 0.9359377 -0.2845032 -0.2301447 0.9483686 -0.2182439 -0.170527 0.9429416 -0.2859748 -0.1697433 0.9707937 -0.1695485 -0.04100161 0.9842607 -0.1719005 -0.05226522 0.9857507 -0.1598871 -0.052248 0.9556523 -0.2898254 -0.05224323 0.9556514 -0.2898294 -0.05231142 0.924754 -0.376953 -0.03466272 0.9141514 -0.4038884 -0.05229806 0.900158 -0.4324125 -0.533258 0.7235653 -0.4382796 -0.4059023 0.7893306 -0.4606522 -0.4007899 0.7869426 -0.4691362 -0.2075418 0.8402456 -0.5009129 -0.2075566 0.8402559 -0.5008896 -0.05224925 0.8577881 -0.5113409 -0.05222469 0.8577784 -0.5113597 -0.5393327 0.6656943 -0.5157241 -0.4061111 0.7223993 -0.5596544 -0.406109 0.7223978 -0.5596579 -0.2075439 0.7733081 -0.5990993 -0.2075414 0.7733059 -0.5991032 -0.05223035 0.7894394 -0.6116024 -0.03483009 0.7807876 -0.623825 -0.05235099 0.6666873 -0.7434968 -0.7942046 0.4181805 -0.4408676 -0.7410777 0.5002254 -0.4478598 -0.705163 0.5037351 -0.498995 -0.5870772 0.5751245 -0.5697126 -0.5870709 0.5751199 -0.5697235 -0.4061113 0.6492094 -0.643118 -0.4061111 0.6492093 -0.6431182 -0.2075368 0.6949636 -0.6884433 -0.2075423 0.6949695 -0.6884357 -0.05016732 0.709544 -0.7028731 -0.05223941 0.7107612 -0.7014909 -0.8077208 0.36545 -0.4626374 -0.7425365 0.4151881 -0.5256029 -0.7425296 0.4151824 -0.5256172 -0.5870661 0.5017912 -0.635263 -0.5870779 0.5018023 -0.6352433 -0.4061176 0.5664485 -0.7170806 -0.4061117 0.5664421 -0.717089 -0.2075442 0.6063624 -0.7676263 -0.2075359 0.6063523 -0.7676365 -0.05224484 0.6190015 -0.7836502 -0.05225533 0.6190083 -0.7836443 -0.05231964 0.4831259 -0.8739862 -0.9983815 0.0275126 -0.0497747 -0.9936013 0.08683151 -0.072227 -0.9853634 0.0800932 -0.1504793 -0.9505242 0.1738237 -0.2574667 -0.9452891 0.1696845 -0.2786319 -0.8656278 0.2604235 -0.4276307 -0.8656231 0.2604185 -0.4276432 -0.7425298 0.3483784 -0.5720856 -0.7425369 0.348386 -0.5720718 -0.5870732 0.4210631 -0.6914122 -0.5870655 0.4210544 -0.6914241 -0.4061173 0.4752929 -0.7804905 -0.4061177 0.4752933 -0.7804899 -0.2075368 0.5087924 -0.8354992 -0.2075436 0.5088016 -0.8354918 -0.03725695 0.5197658 -0.853496 -0.05229884 0.5352566 -0.843069 -0.9945017 0.04321974 -0.09538483 -0.9508855 0.127754 -0.2819499 -0.9508855 0.1277542 -0.2819494 -0.8656266 0.2066445 -0.4560578 -0.8656283 0.2066468 -0.4560537 -0.742528 0.2764502 -0.6101045 -0.7425292 0.2764517 -0.6101025 -0.5870774 0.3341169 -0.7373642 -0.5870738 0.3341121 -0.7373692 -0.4061055 0.377156 -0.8323652 -0.4061167 0.3771715 -0.8323526 -0.2075522 0.4037531 -0.8910138 -0.2075363 0.4037298 -0.891028 -0.05225199 0.4121519 -0.9096156 -0.05223262 0.4121372 -0.9096234 -0.9945018 0.03133583 -0.09992182 -0.9508854 0.09262591 -0.29536 -0.9508855 0.09262633 -0.2953593 -0.8656275 0.149824 -0.4777464 -0.8656262 0.1498216 -0.4777497 -0.7425284 0.2004286 -0.6391244 -0.7425279 0.2004278 -0.6391252 -0.5870772 0.2422348 -0.7724395 -0.5870776 0.2422354 -0.7724389 -0.4061111 0.273443 -0.8719534 -0.4061055 0.2734346 -0.8719586 -0.2075346 0.2927048 -0.9334095 -0.2075533 0.2927342 -0.9333962 -0.0522626 0.2988418 -0.9528705 -0.02284264 0.2749541 -0.9611859 -0.9945018 0.01898914 -0.1029837 -0.9508861 0.05613005 -0.3044092 -0.9508854 0.05612808 -0.304412 -0.8656248 0.09078848 -0.4923933 -0.8656277 0.09079402 -0.4923873 -0.7425312 0.1214625 -0.6587064 -0.7425284 0.1214577 -0.6587105 -0.5870809 0.1467921 -0.7961081 -0.5870769 0.1467856 -0.7961122 -0.4061139 0.1656959 -0.8986747 -0.4061108 0.1656909 -0.8986771 -0.2075357 0.1773684 -0.9620132 -0.2075344 0.1773661 -0.9620139 -0.05225086 0.1810661 -0.982082 -0.05226337 0.1810765 -0.9820793 -0.9945017 0.006361365 -0.1045271 -0.9508864 0.01880335 -0.3089686 -0.9508861 0.01880264 -0.3089693 -0.8656266 0.0304138 -0.4997657 -0.8656247 0.03040993 -0.499769 -0.7425336 0.04068124 -0.6685723 -0.7425312 0.04067665 -0.6685753 -0.5870773 0.04916167 -0.8080367 -0.5870815 0.0491687 -0.8080333 -0.4061083 0.05550348 -0.9121379 -0.4061145 0.05551397 -0.9121344 -0.2075501 0.05942642 -0.9764177 -0.2075347 0.05940037 -0.9764225 -0.05221968 0.06063961 -0.9967929 -0.04248243 0.05230605 -0.997727 -0.7071068 0 0.7071068 -0.7071068 0 0.7071068 -0.7253652 -0.6883642 0 -0.6790212 -0.7341185 4.31746e-4 -0.7071068 -0.7071068 -2.18406e-4 -0.6293109 -0.7771537 1.31107e-4 -0.7771363 -0.6293324 0 -0.7771363 -0.6293323 0 -0.8386753 -0.5446318 0 -0.8386753 -0.5446318 0 -0.8910061 -0.4539914 0 -0.8910061 -0.4539914 0 -0.9335821 -0.3583637 0 -0.933582 -0.3583636 0 -0.9659295 -0.2588055 0 -0.9659295 -0.2588055 0 -0.9876846 -0.1564578 0 -0.9876847 -0.1564578 0 -0.9986306 -0.05231595 0 -0.9986306 -0.05231595 0 -0.6190842 -0.7853246 0 -0.5446318 -0.8386753 0 -0.5446318 -0.8386753 0 -0.4539914 -0.8910061 0 -0.4539914 -0.8910061 0 -0.3583947 -0.9335702 0 -0.3583947 -0.9335702 0 -0.2588143 -0.9659271 0 -0.2588143 -0.9659271 0 -0.1564176 -0.9876911 0 -0.1564176 -0.987691 0 -0.05235332 -0.9986286 0 -0.05235332 -0.9986286 0 0 -0.7071068 -0.7071068 0 -0.7071068 -0.7071068 0 -1 0 0 -1 0 0 -1 0 0 -1 0 0.2140634 0.1045051 0.9712135 0.4180173 0.104553 0.9024024 0.6025121 0.104485 0.7912409 0.7586886 0.1045137 0.6430152 0.8792932 0.1044385 0.4646893 0.9586884 0.1044416 0.2645911 0.005892217 0.9986122 0.05233466 0.05233281 0.9986123 0.005900382 0.1564106 0.9875347 0.01763498 0.180747 0.9737665 0.1382365 0.2587044 0.9655166 0.02915132 0.02340191 0.9778798 0.2078543 0.3580754 0.9328204 0.0403487 0.3932321 0.9134423 0.104842 0.4533833 0.8898482 0.05112648 0.1740131 0.9726194 0.1540483 0.02913576 0.9655171 0.2587045 0.04576027 0.9125852 0.406318 0.5436236 0.8370874 0.06130254 0.5782764 0.8087872 0.1070502 0.6277451 0.7751982 0.07073891 0.1373928 0.9247272 0.3549688 0.05109447 0.8898496 0.453384 0.06609648 0.8072453 0.5865035 0.1336444 0.8311414 0.5397622 0.7048727 0.7048727 0.07943022 0.734838 0.6682668 0.1158985 0.7742267 0.6268698 0.08721965 0.07074064 0.7751981 0.627745 0.07943218 0.7048725 0.7048725 0.1158829 0.6682859 0.7348232 0.8349357 0.5422503 0.09405875 0.8576477 0.4988167 0.1249893 0.8865504 0.4517211 0.0998829 0.08721756 0.6269127 0.7741922 0.09406065 0.5422502 0.8349356 0.1250097 0.4987908 0.8576597 0.9284297 0.3564785 0.1046012 0.9421802 0.3080211 0.1319825 0.9602556 0.2572947 0.1082071 0.09991687 0.4517195 0.8865473 0.104642 0.3563535 0.9284731 0.1319509 0.3080226 0.9421842 0.9972592 0.05231708 0.05231708 0.981646 0.1553542 0.1106175 0.9852716 0.1041504 0.1356192 0.9735513 0.1615516 0.1615516 0.9230309 0.1042764 0.3703249 0.93558 0.1323183 0.3273864 0.8982218 0.3072531 0.3143137 0.8982227 0.3072769 0.3142878 0.818715 0.4976361 0.2864681 0.8187137 0.4976462 0.2864544 0.7034266 0.6667963 0.2461173 0.7034286 0.6667893 0.2461305 0.5570971 0.8072457 0.194929 0.5570915 0.8072595 0.1948878 0.3859362 0.9125924 0.1350123 0.3859388 0.9125822 0.1350741 0.1974243 0.97788 0.06909626 0.1974235 0.9778797 0.06910318 0.04970824 0.9986122 0.01739913 0.8217339 0.1042718 0.5602506 0.8394954 0.1302111 0.5275344 0.8057545 0.3072261 0.5063318 0.8057618 0.3072521 0.5063045 0.7344409 0.4976182 0.4614897 0.7344447 0.4976398 0.4614604 0.6310105 0.6668105 0.3964715 0.6310085 0.6667957 0.3964994 0.4997395 0.8072513 0.3140155 0.4997379 0.8072457 0.3140323 0.3462083 0.912584 0.2175552 0.3462207 0.9125952 0.2174885 0.1771239 0.9778789 0.1112655 0.1771426 0.9778814 0.1112136 0.04460185 0.9986122 0.0280019 0.6818926 0.1041596 0.7239981 0.7014068 0.1270888 0.7013394 0.6729356 0.3072503 0.6728708 0.6729252 0.3072297 0.6728905 0.6133421 0.4976562 0.6133105 0.6133239 0.4976181 0.6133596 0.5269496 0.6667953 0.5269802 0.5269569 0.6668081 0.5269569 0.4173405 0.8072509 0.4173405 0.4173404 0.8072508 0.4173404 0.2891243 0.9125866 0.2891243 0.2891176 0.9125839 0.2891396 0.1478989 0.9778796 0.1479102 0.1478903 0.9778789 0.1479236 0.03723371 0.9986124 0.03724211 0.5101286 0.104152 0.8537688 0.5279792 0.1228531 0.8403244 0.5062748 0.3072532 0.8057799 0.5062735 0.3072513 0.8057816 0.4614611 0.4976186 0.7344586 0.461489 0.4976558 0.7344158 0.3965076 0.6667951 0.6310039 0.3965079 0.6667956 0.6310034 0.3140196 0.8072547 0.4997314 0.3140107 0.807249 0.4997463 0.2175399 0.9125856 0.3462137 0.2175454 0.9125871 0.3462061 0.1112882 0.9778795 0.1771063 0.1112897 0.9778797 0.1771048 0.02801984 0.9986124 0.04459035 0.314375 0.104018 0.9435829 0.3280032 0.117618 0.9373259 0.3143157 0.3072813 0.8982115 0.3142904 0.3072523 0.8982302 0.2864711 0.4976202 0.8187237 0.2864739 0.4976229 0.818721 0.2461268 0.6668079 0.7034122 0.2461112 0.6667959 0.7034291 0.1949167 0.8072423 0.5571061 0.1949424 0.8072546 0.5570794 0.1350536 0.9125858 0.3859373 0.1350521 0.9125854 0.3859387 0.06908565 0.9778804 0.1974263 0.06906396 0.9778792 0.1974397 0.01738864 0.9986124 0.04971063 0.1043855 0.05203199 0.9931749 0.1328557 0.1099397 0.9850192 0.1105818 0.1554928 0.9816281 0.1081746 0.2572956 0.960259 0 -1 0 0 -1 0 0.4999903 -0.500009 0.7071073 0.4999998 -0.4999995 0.7071073 0.4999998 -0.4999995 0.7071073 1 0 0 1 0 0 1 0 0 1 0 0 1 0 0 1 0 0 1 0 0 1 0 0 1 0 0 1 0 0 1 0 0 1 0 0 1 0 0 1 0 0 1 0 0 1 0 0 1 0 0 1 0 0 1 0 0 1 0 0 -0.05226993 -0.9972645 -0.05226403 -0.157831 -0.9860818 -0.05226802 -0.2616206 -0.963755 -0.05225992 -0.3624514 -0.9305354 -0.0522753 -0.4591845 -0.8868007 -0.05228906 -0.5507252 -0.8330471 -0.05229109 -0.9982665 -0.02942484 0.05097299 -0.1212971 -0.1785085 -0.9764332 -0.1818277 -0.3415052 -0.9221241 -0.8271689 0.08554345 -0.5554044 -0.7910487 0.2562206 -0.5555115 -0.8358291 0.2384051 -0.4945227 -0.8447813 0.2426689 -0.4769239 -0.8271588 0.08554899 -0.5554185 -0.8315611 -0.004102647 -0.5554181 -0.8315679 -0.004107415 -0.555408 -0.826282 -0.09370326 -0.5554079 -0.8262799 -0.09370148 -0.5554111 -0.8113667 -0.1822136 -0.5554117 -0.8113773 -0.1822251 -0.5553925 -0.7870116 -0.2686104 -0.5553929 -0.787007 -0.2686042 -0.5554022 -0.7534713 -0.3518651 -0.5554025 -0.7534711 -0.3518648 -0.5554029 -0.7111567 -0.4310257 -0.5554033 -0.7111564 -0.431025 -0.5554043 -0.6605556 -0.5051652 -0.5554047 -0.6605542 -0.5051608 -0.5554105 -0.6022574 -0.573415 -0.555411 -0.6022565 -0.5734106 -0.5554164 -0.5061112 -0.6312845 -0.5876491 -0.5292822 -0.5783516 -0.6207817 -0.5310641 -0.6280292 -0.5688148 -0.5930583 -0.585985 -0.5521807 -0.5684386 -0.60644 -0.5559749 -0.4486367 -0.5551279 -0.7003987 -0.448152 -0.5554915 -0.7004206 -0.4457978 -0.5573145 -0.7004748 -0.3084266 -0.472435 -0.8256381 -0.2979706 -0.478671 -0.825886 -0.3550722 -0.5672304 -0.7430837 -0.02427482 -0.1016895 -0.99452 -0.05997014 -0.0623452 -0.9962512 -0.9999989 7.27822e-4 -0.001262307 -0.9950331 -0.004913389 -0.09942376 -0.9940068 0.05448114 -0.09477508 -0.9434777 0.1604008 -0.2900369 -0.9429858 0.1640241 -0.2896096 -0.9746601 0.1008012 -0.1996914 -0.8420256 0.2540464 -0.4758711 -0.8991327 0.1926264 -0.3930082 -0.8131344 0.1742025 -0.5553972 -0.8131294 0.1742046 -0.5554038 -0.9982822 -0.02638721 -0.05231022 -0.9952905 -0.08160245 -0.05232495 -0.9935655 -0.1126799 -0.01144355 -0.9894323 -0.1352316 -0.05230665 -0.9810011 -0.1868143 -0.05231952 -0.9756238 -0.2190992 -0.01239532 -0.9694936 -0.2394726 -0.05229634 -0.9556263 -0.2898997 -0.0523141 -0.9463092 -0.3229765 -0.01361483 -0.9385893 -0.3410493 -0.05229949 -0.9194504 -0.3897095 -0.05232119 -0.9059653 -0.4230804 -0.01516062 -0.8970799 -0.4387611 -0.05231094 -0.8728948 -0.4850932 -0.05233818 -0.8550637 -0.5182441 -0.01700305 -0.8454343 -0.5315114 -0.05231207 -0.8164697 -0.5750107 -0.05234307 -0.7941955 -0.6073604 -0.01915514 -0.7842331 -0.6182567 -0.05231803 -0.7507999 -0.6584517 -0.05235272 -0.7240645 -0.6893928 -0.02163332 -0.6360456 -0.7698786 -0.0522775 -0.6455062 -0.7633662 -0.02437013 -0.6766513 -0.7344427 -0.05231541 -0.714185 -0.6980023 -0.05227404 -0.9773302 0.04007011 -0.2078946 -0.9781996 -0.004830241 -0.2076112 -0.9781952 -0.00481677 -0.2076318 -0.9719764 -0.1102315 -0.2076315 -0.9719766 -0.1102323 -0.2076303 -0.9544357 -0.2143409 -0.2076302 -0.9544368 -0.2143523 -0.2076137 -0.9257755 -0.3159683 -0.2076143 -0.9257757 -0.3159592 -0.2076275 -0.8863243 -0.4139082 -0.207628 -0.8863237 -0.4139122 -0.207622 -0.8365522 -0.5070245 -0.2076214 -0.8365501 -0.5070336 -0.2076078 -0.7770339 -0.5942361 -0.2076092 -0.7770363 -0.5942296 -0.2076193 -0.7084528 -0.6745287 -0.2076192 -0.708454 -0.6745262 -0.2076232 -0.6316276 -0.7469535 -0.2076224 -0.6316277 -0.7469533 -0.2076227 -0.9035625 0.1347108 -0.4067282 -0.9089152 0.09400177 -0.4062473 -0.9089184 0.09399771 -0.4062409 -0.9137549 -0.004499435 -0.4062408 -0.9137607 -0.004508197 -0.4062281 -0.9079513 -0.1029711 -0.4062284 -0.9079478 -0.1029644 -0.4062376 -0.8915596 -0.200231 -0.4062379 -0.8915563 -0.2002223 -0.4062492 -0.8647845 -0.2951434 -0.4062489 -0.8647875 -0.2951557 -0.4062334 -0.8279367 -0.3866456 -0.4062338 -0.8279359 -0.3866394 -0.4062415 -0.7814365 -0.4736292 -0.4062418 -0.7814362 -0.4736214 -0.4062513 -0.7258424 -0.5550796 -0.4062504 -0.7258414 -0.555093 -0.406234 -0.6617844 -0.6300916 -0.4062341 -0.6617844 -0.6300911 -0.4062346 -0.5900187 -0.6977471 -0.4062351 -0.5900185 -0.6977478 -0.4062342 -0.5948625 -0.8021228 -0.05232304 -0.5594285 -0.828424 -0.02744716 -0.5474442 -0.8106773 -0.2076228 -0.5474412 -0.8106811 -0.2076157 -0.5113775 -0.757276 -0.406234 -0.5113804 -0.7572692 -0.4062431 -0.452982 -0.6707908 -0.5872368 -0.4529803 -0.6707985 -0.5872293 -0.3811294 -0.5643977 -0.7322538 -0.3830827 -0.526368 -0.7590681 -0.5063501 -0.8607382 -0.0523405 -0.4668338 -0.8838073 -0.03083711 -0.456879 -0.8649608 -0.2076159 -0.4568834 -0.8649564 -0.207625 -0.4267845 -0.8079741 -0.4062424 -0.4267793 -0.8079835 -0.4062293 -0.3780422 -0.715714 -0.5872287 -0.3780429 -0.7157118 -0.5872309 -0.3127713 -0.5921393 -0.7426609 -0.3127717 -0.592137 -0.7426626 -0.240996 -0.4562519 -0.856595 -0.2437724 -0.4378067 -0.8653903 -0.1920101 -0.3888633 -0.9010646 -0.1617596 -0.350482 -0.9224945 -0.4121143 -0.9096276 -0.05234217 -0.3688096 -0.928864 -0.03451472 -0.3609878 -0.9091644 -0.2076246 -0.3609873 -0.9091647 -0.2076237 -0.3372078 -0.8492748 -0.4062303 -0.3372119 -0.849269 -0.4062392 -0.2987043 -0.7522875 -0.5872303 -0.2987031 -0.7522902 -0.5872273 -0.2471283 -0.6223979 -0.7426631 -0.2471286 -0.6223968 -0.7426638 -0.184723 -0.4652276 -0.8657025 -0.1847229 -0.465228 -0.8657022 -0.1265115 -0.3186215 -0.9394015 -0.1280984 -0.2827904 -0.9505895 -0.03039848 -0.1701918 -0.984942 -0.08319652 -0.1675707 -0.9823433 -0.313234 -0.9482328 -0.05233365 -0.2665074 -0.9630642 -0.0384863 -0.2608932 -0.9427766 -0.2076222 -0.2608958 -0.9427749 -0.2076267 -0.2437087 -0.8806677 -0.4062393 -0.243709 -0.8806673 -0.4062399 -0.2158794 -0.7801023 -0.5872278 -0.2158796 -0.780102 -0.5872281 -0.1786053 -0.6454074 -0.7426638 -0.1786043 -0.6454098 -0.7426619 -0.1335023 -0.4824281 -0.8657022 -0.1335039 -0.482423 -0.8657048 -0.08252537 -0.2982094 -0.9509263 -0.08252507 -0.2982106 -0.9509259 -0.03467738 -0.1253094 -0.9915115 -0.05078768 -0.07326209 -0.9960187 -0.2108083 -0.9761261 -0.05232262 -0.1611315 -0.986006 -0.04276299 -0.1577644 -0.965402 -0.2076276 -0.1577647 -0.9654019 -0.2076282 -0.1473717 -0.9018044 -0.4062393 -0.1473723 -0.9018039 -0.4062403 -0.1305435 -0.7988251 -0.5872281 -0.1305418 -0.7988275 -0.5872253 -0.108002 -0.6608996 -0.7426621 -0.1080026 -0.6608987 -0.7426629 -0.08072876 -0.4940026 -0.8657045 -0.08072817 -0.494004 -0.8657038 -0.04990196 -0.3053677 -0.950926 -0.0499019 -0.3053678 -0.950926 -0.01688247 -0.1033099 -0.994506 -0.01688277 -0.103309 -0.994506 -0.1059321 -0.9929952 -0.05233597 -0.05391156 -0.9974215 -0.04737222 -0.05279594 -0.9767822 -0.2076275 -0.05279058 -0.9767842 -0.2076191 -0.04931282 -0.9124347 -0.4062405 -0.04931324 -0.9124342 -0.4062412 -0.04368221 -0.8082439 -0.5872254 -0.04368519 -0.8082407 -0.5872296 -0.03614246 -0.6686894 -0.7426629 -0.03614276 -0.668689 -0.7426633 -0.02701574 -0.499827 -0.8657039 -0.0270152 -0.4998279 -0.8657034 -0.01669937 -0.3089672 -0.9509261 -0.01669967 -0.3089666 -0.9509263 -0.005649685 -0.1045269 -0.994506 -0.005649149 -0.1045282 -0.9945059 0.4999996 0.4999996 -0.7071073 0.4999995 0.4999998 -0.7071073 0.4999995 0.4999998 -0.7071073 0 -0.3420209 0.9396923 0 -0.3420209 0.9396923 -1 0 0 -1 0 0 -1 0 0 -1 0 0 0 -1 0 0 -1 0 0.7071064 -0.7071073 0 0.7071064 -0.7071073 0 0.707107 -0.7071066 0 0.707107 -0.7071066 0 0 -0.3420199 -0.9396927 0 -0.3420199 -0.9396927 -0.311946 -0.9443335 0.1045182 -0.4104194 -0.9058867 0.1045232 -0.5042675 -0.857198 0.104527 -0.5924161 -0.798824 0.1045161 -0.673869 -0.7314227 0.104506 -0.7477129 -0.6557444 0.1045224 -0.8131127 -0.5726465 0.1045165 -0.8693709 -0.4831349 0.1038018 -0.9157521 -0.3881419 0.1036537 -0.9517865 -0.2887348 0.103609 -0.9770586 -0.1860635 0.1036193 -0.04196763 -0.7764603 0.6287671 -0.03399527 -0.6289901 0.7766697 -0.02452927 -0.4538476 0.8907417 -0.1086147 -0.3924874 0.9133217 -0.01398634 -0.2587846 0.9658338 -0.7963284 -0.09030497 0.5980853 -0.7584736 -0.2588658 0.5980856 -0.7261382 -0.3391005 0.5981089 -0.685361 -0.4153907 0.5981062 -0.6365971 -0.4868395 0.5981066 -0.5803774 -0.5525795 0.598179 -0.2137483 -0.4178649 0.8830066 -0.0967819 -0.2141152 0.972002 -3.64678e-4 -0.001527667 0.9999988 -0.01739007 -0.04023587 0.9990389 -0.01996457 -0.07619839 0.9968928 -0.1167119 -0.2073871 0.9712718 -0.1289705 -0.2043862 0.9703571 -0.05468451 -0.1976066 0.978755 -0.05347728 -0.2011214 0.9781054 -0.03357958 -0.2054826 0.9780845 -0.2055426 -0.4018873 0.8923221 -0.2074265 -0.381982 0.9005909 -0.2247616 -0.3737731 0.8998755 -0.3447621 -0.4997245 0.794616 -0.2833599 -0.5364633 0.7949305 -0.347311 -0.6575369 0.6685957 -0.284123 -0.4629895 0.8395921 -0.2724354 -0.5213758 0.8086694 -0.2171188 -0.5468249 0.8086049 -0.1474633 -0.3713939 0.9166902 -0.1443599 -0.3805348 0.9134296 -0.1017807 -0.2685045 0.9578862 -0.094567 -0.2482028 0.9640811 -0.4886936 -0.5709763 0.6596701 -0.4879093 -0.5695802 0.6614553 -0.4891423 -0.5683916 0.661567 -0.489238 -0.5683137 0.661563 -0.8013805 -0.003958284 0.5981419 -0.8014249 -0.003952682 0.5980823 -0.866325 -0.004272758 0.4994625 -0.8087583 0.2722932 0.5213122 -0.8131423 0.2573943 0.522061 -0.7640885 0.2412626 0.5982986 -0.7928935 0.2568182 0.5525979 -0.9212296 0.1902745 0.3393108 -0.9223056 0.1845239 0.3395634 -0.8504908 0.1638765 0.4998098 -0.856419 0.1834757 0.4825796 -0.7836509 0.1678861 0.598085 -0.7836719 0.1678936 0.5980553 -0.991291 -0.08127456 0.103617 -0.9941872 -0.02930456 0.1036004 -0.9981629 0.03030538 0.05246275 -0.01367223 -0.05056262 0.9986273 -0.00845015 -0.05170828 0.9986264 -0.008450031 -0.05170792 0.9986265 -0.002827465 -0.05231767 0.9986265 -0.002827465 -0.05231761 0.9986265 -0.7971789 0.0824483 0.5980871 -0.797137 0.08243834 0.5981441 -0.8617348 0.08911895 0.4994704 -0.861739 0.08912515 0.4994623 -0.9525153 0.09851372 0.2881137 -0.9481002 0.0754432 0.3088924 -0.9856427 0.08372318 0.1466252 -0.9855757 0.08453255 0.1466111 -0.7555602 -0.5778276 0.3086166 -0.688159 -0.5262814 0.4994648 -0.6274363 -0.5973768 0.4994645 -0.5804089 -0.5526024 0.5981271 -0.5477743 -0.5843943 0.5986873 -0.9962942 -0.005581974 0.08582901 -0.9511756 -0.004112243 0.3086228 -0.9514567 -0.004702627 0.3077467 -0.8663176 -0.004281818 0.4994753 -0.8608101 -0.0976268 0.4994748 -0.7962613 -0.0903061 0.5981746 -0.7818884 -0.1756022 0.598176 -0.153407 -0.9387372 0.3086078 -0.04809677 -0.8899604 0.4534944 -0.05039042 -0.9324006 0.3578965 -0.03474992 -0.9506537 0.3083019 -0.7819548 -0.1756082 0.5980873 -0.8452801 -0.1898296 0.4994658 -0.8608161 -0.09762084 0.4994656 -0.945407 -0.1072139 0.3077509 -0.9454076 -0.1072153 0.3077489 -0.988295 -0.112079 0.1034953 -0.9885115 -0.1351058 0.06775999 -0.7584601 -0.2588631 0.5981039 -0.8198978 -0.2798318 0.4994613 -0.8452838 -0.1898267 0.4994608 -0.9283394 -0.2084787 0.3077704 -0.9283423 -0.2084912 0.3077532 -0.9704596 -0.2179449 0.1034805 -0.9684167 -0.2392066 0.07035201 -0.7261417 -0.3391016 0.598104 -0.7849606 -0.3665695 0.4994633 -0.8198962 -0.2798329 0.4994634 -0.900453 -0.3073272 0.3077896 -0.9004545 -0.3073403 0.3077719 -0.9413203 -0.3212464 0.1035226 -0.9373754 -0.3406082 0.07289332 -0.6853635 -0.4153918 0.5981025 -0.7408744 -0.4490364 0.4994713 -0.784954 -0.3665728 0.4994714 -0.8620435 -0.4025735 0.3079213 -0.8620446 -0.402671 0.3077905 -0.9012252 -0.4207692 0.1036656 -0.8957457 -0.4381085 0.07550227 -0.6365504 -0.4868126 0.5981781 -0.6881593 -0.5262814 0.4994644 -0.7408797 -0.4490344 0.4994651 -0.8134446 -0.4930148 0.3086168 -0.8133965 -0.4935328 0.3079146 -0.8507515 -0.5150999 0.1043741 -0.8439989 -0.530609 0.07823002 -0.5072211 -0.5998309 0.6188132 -0.5593879 -0.6615223 0.4994732 -0.6274283 -0.5973778 0.4994733 -0.6888886 -0.6558944 0.3086018 -0.7555702 -0.5778225 0.3086014 -0.7900017 -0.604154 0.1043812 -0.7826864 -0.6170374 0.08165001 -0.3384434 -0.5073214 0.7925157 -0.4130339 -0.6182679 0.6686913 -0.4140056 -0.6130812 0.6728528 -0.4848297 -0.7179613 0.4994713 -0.5593882 -0.6615223 0.4994727 -0.6141821 -0.7263205 0.3086079 -0.6888838 -0.6558961 0.3086086 -0.7202796 -0.6857885 0.1043616 -0.7126231 -0.6964757 0.08420211 -0.008455157 -0.1564495 0.9876499 0.002083837 -0.2092974 0.9778499 -0.03357881 -0.2054815 0.9780848 -0.0656777 -0.4019069 0.9133222 -0.1086137 -0.3924865 0.9133222 -0.1569195 -0.5670443 0.8086019 -0.2171236 -0.546828 0.8086015 -0.2744252 -0.6911425 0.6685903 -0.3473166 -0.6575391 0.6685906 -0.4046246 -0.7660344 0.4994699 -0.4848313 -0.7179614 0.4994697 -0.5323213 -0.788287 0.308606 -0.614184 -0.72632 0.3086051 -0.6421741 -0.7594205 0.1043701 -0.6345174 -0.7680289 0.08671402 -0.01936626 -0.3583275 0.9333951 -0.007920444 -0.4080039 0.9129459 -0.06568056 -0.4019104 0.9133204 -0.09489089 -0.5806533 0.8086022 -0.1569196 -0.5670444 0.8086017 -0.1983322 -0.7166928 0.6685924 -0.2744224 -0.6911411 0.6685928 -0.3197035 -0.805183 0.4994697 -0.4046251 -0.7660344 0.4994695 -0.4442595 -0.8410701 0.3086009 -0.532325 -0.7882865 0.3086009 -0.5565831 -0.8242087 0.10438 -0.5492789 -0.8308593 0.08924984 -0.02942222 -0.5443791 0.8383232 -0.01693135 -0.588758 0.8081321 -0.09488826 -0.5806505 0.8086044 -0.1199309 -0.7338943 0.6685924 -0.1983314 -0.7166923 0.6685932 -0.2310576 -0.834952 0.4994673 -0.3197059 -0.8051838 0.499467 -0.3510211 -0.8840514 0.3086055 -0.4442561 -0.8410702 0.3086055 -0.4645019 -0.8793998 0.104375 -0.4578726 -0.8842669 0.09178584 -0.03818941 -0.706591 0.706591 -0.02461272 -0.7436686 0.6680952 -0.1199294 -0.733893 0.6685941 -0.1397185 -0.8549901 0.4994705 -0.2310552 -0.8349509 0.4994701 -0.2536869 -0.916734 0.3086123 -0.3510153 -0.8840509 0.3086134 -0.3670131 -0.9243423 0.1043686 -0.3613302 -0.9276568 0.0943039 -0.04528325 -0.8378044 0.5440893 -0.03062534 -0.8660482 0.4990217 -0.1397233 -0.8549927 0.4994645 -0.1534089 -0.9387378 0.3086052 -0.2536926 -0.9167351 0.3086045 -0.265254 -0.9585127 0.1043722 -0.2607479 -0.9605399 0.09681767 -0.05213689 -0.9646134 0.2584624 -0.05330818 -0.9862839 0.1562125 -0.02037703 -0.9984223 0.05232286 -0.05206924 -0.9934345 0.1018665 -0.1054964 -0.9889106 0.1045295 -0.1603983 -0.9815179 0.1043787 -0.1572653 -0.9825474 0.09933978 -0.2099412 -0.9721109 0.1045224 0.4999995 0.4999998 0.7071073 0.4999994 0.4999997 0.7071073 0.500009 0.4999903 0.7071073 0 -1 0 0 -1 0 0 -0.3420209 -0.9396923 0 -0.3420209 -0.9396923 0 0 -1 0 0 -1 0 0 -1 0 0 -1 0 0 -1 0 0 -1 0 0 -1 0 0 -1 0 0 -1 0 0 -1 0 0 -1 0 0 -1 0 0 -1 0 0 -1 0 0 -1 0 0 -1 0 0 -1 0 0 -1 0 0 -1 0 0 -1 0 0 -1 0 0 -1 0 0 -1 0 0 -1 0 0 -1 0 0 -1 0 0 -1 0 0 -1 0 0 -1 0 0 -1 0 0 -1 0 0 -1 0 0 -1 0 0 -1 0 0 -1 0 0 -1 0 0 -1 0 0 -1 0 0 -1 0 0 -1 0 0 -1 0 0 -1 0 0 -1 0 0 -1 0 0 -1 0 0 -1 0 0 -1 0 0 -1 0 0 -1 0 0 -1 0 0 -1 0 0 -1 0 0 -1 0 0 -1 0 0 -1 0 0 -1 0 0 -1 0 0 -1 0 0 -1 0 0 -1 -1 0 0 -1 0 0 0 -0.3420204 -0.9396926 0 -0.3420204 -0.9396926 0 -0.05231785 0.9986305 0 -0.9986296 0.05233556 -0.001826047 -0.9945202 0.1045287 0 -0.9876883 0.156435 0 -0.9659227 0.2588309 -0.001825511 -0.9510555 0.3090146 0 -0.8302437 0.5574005 -4.97901e-4 -0.2079175 0.9781463 0 -0.1564523 0.9876855 0 -0.05231785 0.9986305 -4.98219e-4 -0.406717 0.913554 0 -0.3583267 0.9335963 0 -0.2588143 0.9659271 -4.97855e-4 -0.5877881 0.8090149 0 -0.5446568 0.8386591 0 -0.4539913 0.8910061 0 -0.9335866 0.3583518 0 -0.8910135 0.4539769 -5.34428e-4 -0.8839553 0.4675711 3.77444e-4 -0.8386647 0.544648 0 -0.8302438 0.5574005 0 -0.777145 0.6293216 -4.98002e-4 -0.7431443 0.6691311 0 -0.7071068 0.7071068 0 -0.6293109 0.7771537 1 0 0 1 0 0 1 0 0 1 0 0 1 0 0 0 -0.3420208 0.9396924 0 -0.3420208 0.9396924 -0.6830128 0.1830126 -0.7071067 -0.6830153 0.1830133 -0.7071042 0 -1 0 0 -1 0 0 -1 0 0 -1 0 0 -1 0 0 -1 0 0 -0.3420209 0.9396923 0 -0.3420209 0.9396923 0 -1 0 0 -1 0 0 -1 0 0 -1 0 0 0 -1 0 0 -1 0 0 -1 0 0 -1 0 0 -1 0 0 -1 0 0 -1 0 0 -1 0 0 -1 0 0 -1 0 0 -1 0 0 -1 0 0 -1 0 0 -1 0 0 -1 -0.183012 -0.6830088 -0.7071107 -0.1830127 -0.68301 -0.7071093 1 0 0 1 0 0 1 0 0 1 0 0 1 0 0 1 0 0 1 0 0 -0.7071068 0 -0.7071068 -0.7071068 0 -0.7071068 0 -1 0 0 -1 0 0 -1 0 0 -1 0 0 -0.3420199 -0.9396927 0 -0.3420199 -0.9396927 0 0 1 0 0 1 0 0 1 0 0 1 0 0 1 0 0 1 0 0 1 0 0 1 0 0 1 0 0 1 0 0 1 0 0 1 0 0 1 0 0 1 0 0 1 0.1830124 0.6830122 -0.7071073 0.1830118 0.6830111 -0.7071085 0 -1 0 0 -1 0 0 -1 0 0 -1 0 1 0 0 1 0 0 1 0 0 1 0 0 1 0 0 1 0 0 1 0 0 1 0 0 1 0 0 1 0 0 1 0 0 1 0 0 1 0 0 1 0 0 1 0 0 1 0 0 1 0 0 1 0 0 1 0 0 1 0 0 1 0 0 1 0 0 1 0 0 1 0 0 1 0 0 1 0 0 1 0 0 1 0 0 1 0 0 1 0 0 1 0 0 1 0 0 1 0 0 1 0 0 1 0 0 1 0 0 1 0 0 1 0 0 1 0 0 1 0 0 1 0 0 1 0 0 1 0 0 1 0 0 1 0 0 1 0 0 1 0 0 1 0 0 1 0 0 1 0 0 1 0 0 1 0 0 1 0 0 1 0 0 1 0 0 1 0 0 0 1 0 0 1 0 0 1 0 0 1 0 0 1 0 0 1 0 0 1 0 0 1 0 0 1 0 0 1 0 0 1 0 0 1 0 0 1 0 0 1 0 0 1 0 0 1 0 0 1 0 0 1 0 0 1 0 0 1 0 0 1 0 0 1 0 0 1 0 0 1 0 0 1 0 0 1 0 0 1 0 0 1 0 0 1 0 0 1 0 0 1 0 0 1 0 0 -1 0 0 -1 0 1 0 0 1 0 0 -1 0 0 -1 0 0 -1 0 0 -1 0 0 -1 0 0 -1 0 0 -1 0 0 -1 0 0 -1 0 0 -1 0 0 -1 0 0 -1 0 0 -1 0 0 -1 0 0 -1 0 0 -1 0 0 -1 0 0 -1 0 0 -1 0 0 -1 0 0 -1 0 0 -1 0 0 0 -1 0 0 -1 0 -0.9986305 0 0.05231785 -0.9986305 0 0.05231785 -0.9864897 0 0.1638231 -0.9781464 1.36898e-4 0.2079175 -0.9639603 0 0.2660461 -0.9281192 0 0.3722832 -0.913552 1.28314e-4 0.406722 -0.8841282 0 0.4672445 -0.8262263 0 0.5633384 -0.8090088 1.14027e-4 0.5877966 -0.7628357 0 0.6465923 -0.685622 0 0.7279578 -0.6691262 9.40261e-5 0.7431489 -0.6058281 0 0.7955956 -0.5129089 0 0.858443 -0.5000104 6.84136e-5 0.8660194 -0.4203685 0 0.9073535 -0.3161011 0 0.9487255 -0.3089962 3.70491e-5 0.9510633 -0.2151896 0 0.9765723 -0.1045289 0 0.9945219 -0.1045289 0 0.9945219 -0.4999997 -0.4999997 -0.7071074 -0.4999997 -0.4999997 -0.7071073 -0.4999996 -0.4999996 -0.7071073 0 -0.3420209 -0.9396923 0 -0.3420209 -0.9396923 -0.9986293 -0.05234116 0 -0.9985332 -0.05414181 1.41557e-4 -0.9876889 -0.156431 -1.3702e-4 -0.9874045 -0.1582162 0 -0.9773815 -0.2114837 0 -0.9659245 -0.2588239 -2.63748e-4 -0.9649844 -0.2623077 0 -0.9493973 -0.3140777 0 -0.9335803 -0.358368 -3.82004e-4 -0.9316218 -0.3634293 0 -0.9106034 -0.4132815 0 -0.8910073 -0.4539889 -4.89272e-4 -0.8877022 -0.460418 0 -0.8614813 -0.5077894 0 -0.8386716 -0.5446372 -5.86678e-4 -0.8337202 -0.5521872 0 -0.8025956 -0.5965234 0 -0.7771419 -0.629325 -6.74519e-4 -0.7702798 -0.6377061 0 -0.7346376 -0.6784596 0 -0.7071066 -0.7071066 -7.53045e-4 -0.698111 -0.7159896 0 -0.6583403 -0.7527205 0 -0.6293214 -0.7771447 -8.21581e-4 -0.618027 -0.786157 0 -0.5745697 -0.8184556 0 -0.544637 -0.8386715 -8.80195e-4 -0.5309339 -0.8474133 0 -0.4842933 -0.8749057 0 -0.4539911 -0.8910057 -9.29095e-4 -0.4378265 -0.8990595 0 -0.3885168 -0.9214417 0 -0.3583659 -0.9335807 -9.68099e-4 -0.3397524 -0.9405149 0 -0.2883469 -0.957526 0 -0.2588253 -0.9659237 -9.97264e-4 -0.2378391 -0.9713045 0 -0.1848955 -0.9827582 0 -0.1564291 -0.9876887 -0.001016914 -0.1332041 -0.9910886 0 -0.07936096 -0.9968459 0 -0.05233615 -0.998629 -0.00102663 -0.02707844 -0.9996333 0 -0.05169278 -0.9863678 0.1562258 -0.05226469 -0.9972646 0.05226403 -0.05226385 -0.9972646 0.05226653 -0.1562154 -0.9863392 0.05226767 -0.1562204 -0.9863392 0.0522527 -0.2584719 -0.9646045 0.0522539 -0.258467 -0.964605 0.0522685 -0.3578762 -0.932305 0.05227059 -0.3578774 -0.9323047 0.05226707 -0.4533708 -0.8897882 0.05226659 -0.4533677 -0.8897893 0.05227643 -0.5438924 -0.8375248 0.05227887 -0.5438945 -0.837524 0.05227208 -0.6284611 -0.7760824 0.05227446 -0.6284622 -0.7760818 0.05227071 -0.7061401 -0.7061401 0.05227029 -0.7061333 -0.7061451 0.05229538 -0.7760785 -0.6284639 0.05229824 -0.7760839 -0.6284592 0.05227708 -0.837525 -0.5438925 0.05227726 -0.8375256 -0.5438917 0.0522744 -0.889789 -0.4533682 0.05227613 -0.8897878 -0.4533699 0.05228233 -0.9323036 -0.3578779 0.05228358 -0.932304 -0.3578771 0.05228084 -0.9646036 -0.25847 0.05228108 -0.9646078 -0.2584602 0.05224937 -0.9863398 -0.1562173 0.0522499 -0.9863364 -0.1562277 0.05228233 -0.9972634 -0.05226957 0.0522834 -0.997266 -0.05225735 0.05224633 -0.04886889 -0.9324711 0.3579236 -0.05055725 -0.9646874 0.2584999 -0.03393238 -0.9776614 0.2074288 -0.1530245 -0.9661611 0.2076445 -0.1530244 -0.9661611 0.2076447 -0.2531795 -0.9448723 0.2076448 -0.2531806 -0.9448724 0.2076435 -0.3505565 -0.9132332 0.2076423 -0.350561 -0.9132329 0.2076361 -0.4440943 -0.8715893 0.2076349 -0.4440904 -0.8715899 0.2076405 -0.5327687 -0.8203918 0.2076408 -0.5327689 -0.8203918 0.2076407 -0.6156067 -0.7602065 0.2076404 -0.615604 -0.7602075 0.2076444 -0.6916889 -0.6917005 0.2076458 -0.6917003 -0.6916946 0.2076277 -0.7602111 -0.6156056 0.207627 -0.7602071 -0.6156082 0.2076338 -0.8203949 -0.5327669 0.2076336 -0.8203948 -0.532767 0.2076337 -0.8715885 -0.4440969 0.207633 -0.8715856 -0.4440997 0.2076387 -0.9132338 -0.3505567 0.207639 -0.913231 -0.3505603 0.2076454 -0.944874 -0.2531726 0.2076455 -0.9448742 -0.2531723 0.2076449 -0.9661599 -0.153032 0.2076448 -0.9661604 -0.1530309 0.2076431 -0.9768644 -0.05118829 0.2076433 -0.9768639 -0.05118942 0.2076449 -0.04390984 -0.8378559 0.5441228 -0.04664486 -0.8900436 0.4534828 -0.03092437 -0.9134075 0.4058699 -0.1429429 -0.9025088 0.4062575 -0.1429415 -0.9025082 0.4062594 -0.2365004 -0.8826221 0.4062584 -0.2364981 -0.8826214 0.4062612 -0.3274641 -0.8530641 0.4062622 -0.3274638 -0.853064 0.4062625 -0.4148316 -0.8141655 0.4062627 -0.4148343 -0.8141657 0.4062595 -0.4976685 -0.7663421 0.4062585 -0.4976627 -0.7663422 0.4062654 -0.5750445 -0.7101207 0.4062663 -0.5750573 -0.7101193 0.4062509 -0.6461302 -0.6461248 0.4062494 -0.6461259 -0.6461259 0.4062547 -0.7101228 -0.5750505 0.4062543 -0.7101171 -0.5750524 0.4062615 -0.7663425 -0.4976654 0.4062614 -0.766337 -0.497668 0.4062687 -0.8141583 -0.4148388 0.4062696 -0.8141633 -0.4148358 0.4062626 -0.853064 -0.327464 0.4062625 -0.8530659 -0.3274625 0.4062595 -0.8826237 -0.2364926 0.4062592 -0.8826186 -0.2364974 0.4062675 -0.9025032 -0.1429482 0.406268 -0.9025089 -0.1429415 0.4062575 -0.9125067 -0.04781699 0.4062572 -0.9125071 -0.04781669 0.4062568 -0.03703063 -0.7066218 0.7066218 -0.04069268 -0.7765012 0.6288003 -0.02602005 -0.809329 0.5867788 -0.1266157 -0.7994296 0.5872656 -0.1266197 -0.7994323 0.5872609 -0.2094879 -0.7818182 0.5872607 -0.2094867 -0.7818175 0.587262 -0.2900643 -0.7556363 0.5872619 -0.2900582 -0.7556337 0.5872682 -0.3674535 -0.7211748 0.5872689 -0.367461 -0.721177 0.5872616 -0.4408255 -0.6788196 0.587262 -0.4408305 -0.6788206 0.5872574 -0.5093798 -0.6290163 0.587257 -0.5093703 -0.6290156 0.587266 -0.5723278 -0.5723278 0.5872663 -0.5723193 -0.5723281 0.5872744 -0.6290073 -0.5093698 0.5872753 -0.6290214 -0.5093679 0.5872618 -0.678816 -0.4408308 0.5872624 -0.6788165 -0.4408307 0.5872619 -0.7211787 -0.3674579 0.5872615 -0.7211741 -0.3674595 0.5872661 -0.7556339 -0.2900617 0.5872662 -0.7556379 -0.2900598 0.587262 -0.7818173 -0.2094877 0.587262 -0.7818233 -0.2094839 0.5872553 -0.7994372 -0.1266168 0.587255 -0.7994285 -0.1266235 0.5872654 -0.8082855 -0.04235529 0.5872654 -0.8082827 -0.04235798 0.5872691 -0.02853161 -0.5444351 0.8383176 -0.03296166 -0.628969 0.7767314 -0.01939129 -0.6699076 0.7421912 -0.1047555 -0.6613891 0.7426916 -0.1047517 -0.6613856 0.7426952 -0.1733124 -0.6468125 0.7426955 -0.1733152 -0.6468145 0.742693 -0.239973 -0.6251564 0.7426927 -0.239972 -0.6251558 0.7426936 -0.3040081 -0.5966447 0.7426939 -0.3040075 -0.5966444 0.7426943 -0.3647066 -0.5615999 0.7426941 -0.3647126 -0.5616019 0.7426898 -0.4214178 -0.5204041 0.7426888 -0.4214057 -0.5204014 0.7426975 -0.4734939 -0.4735012 0.7426979 -0.473502 -0.473502 0.7426921 -0.5204043 -0.4214121 0.7426919 -0.5204057 -0.4214121 0.7426909 -0.5616021 -0.3647104 0.7426908 -0.5615974 -0.3647109 0.7426941 -0.5966442 -0.3040078 0.7426943 -0.5966522 -0.3040062 0.7426887 -0.6251608 -0.2399747 0.7426884 -0.6251533 -0.2399772 0.742694 -0.6468151 -0.1733095 0.7426939 -0.6468129 -0.1733103 0.7426955 -0.6613844 -0.1047584 0.7426954 -0.6613937 -0.104753 0.7426877 -0.6687202 -0.03504419 0.7426878 -0.6687151 -0.03504788 0.7426923 -0.01877611 -0.3582635 0.9334317 -0.0237863 -0.4538629 0.890754 -0.01129996 -0.5011532 0.8652848 -0.0782985 -0.4943647 0.8657211 -0.07830023 -0.4943665 0.8657198 -0.1295478 -0.4834739 0.8657196 -0.1295464 -0.4834727 0.8657205 -0.1793712 -0.4672837 0.8657205 -0.1793717 -0.467284 0.8657203 -0.2272363 -0.4459734 0.8657202 -0.2272349 -0.4459726 0.8657209 -0.2726087 -0.4197759 0.8657209 -0.2726049 -0.4197742 0.865723 -0.3149861 -0.3889819 0.8657233 -0.3149893 -0.3889829 0.8657217 -0.3539248 -0.3539248 0.865722 -0.3539248 -0.3539248 0.865722 -0.3889825 -0.3149887 0.8657221 -0.3889829 -0.3149887 0.8657218 -0.4197742 -0.2726085 0.8657218 -0.4197798 -0.2726085 0.8657191 -0.445977 -0.2272342 0.8657189 -0.4459722 -0.2272347 0.8657212 -0.467281 -0.1793748 0.8657212 -0.4672825 -0.1793745 0.8657204 -0.4834733 -0.1295443 0.8657205 -0.4834696 -0.1295455 0.8657223 -0.4943625 -0.07829821 0.8657224 -0.4943608 -0.07829898 0.8657232 -0.4998369 -0.02619683 0.8657233 -0.4998388 -0.02619576 0.8657222 -0.008198559 -0.1564471 0.9876523 -0.0135619 -0.2587906 0.9658383 -0.002076566 -0.310332 0.950626 -0.04839706 -0.305566 0.9509401 -0.04839718 -0.3055663 0.9509401 -0.08007228 -0.2988332 0.9509401 -0.08007287 -0.2988339 0.9509399 -0.1108692 -0.2888274 0.95094 -0.11087 -0.288828 0.9509397 -0.1404542 -0.2756563 0.9509396 -0.1404546 -0.2756565 0.9509395 -0.1684991 -0.2594656 0.9509394 -0.1684985 -0.2594653 0.9509395 -0.194696 -0.2404317 0.9509396 -0.1946971 -0.2404322 0.9509392 -0.2187633 -0.2187633 0.9509391 -0.2187613 -0.2187627 0.9509397 -0.2404314 -0.1946954 0.9509397 -0.2404298 -0.1946952 0.9509403 -0.2594633 -0.1684976 0.9509403 -0.2594623 -0.1684976 0.9509406 -0.2756536 -0.1404528 0.9509407 -0.2756544 -0.1404528 0.9509404 -0.288825 -0.1108705 0.9509405 -0.2888308 -0.1108696 0.9509388 -0.298837 -0.08007329 0.9509388 -0.2988363 -0.08007353 0.9509391 -0.3055692 -0.04839736 0.9509391 -0.3055686 -0.0483976 0.9509392 -0.3089537 -0.01619172 0.9509392 -0.3089557 -0.0161907 0.9509387 -0.002741813 -0.05231761 0.9986267 0.007905125 -0.1059172 0.9943435 -0.01637428 -0.1033825 0.9945068 -0.01637399 -0.1033822 0.994507 -0.02709102 -0.1011044 0.9945068 -0.0270906 -0.1011039 0.9945069 -0.03751027 -0.09771823 0.994507 -0.03751087 -0.09771877 0.9945068 -0.04751974 -0.09326237 0.9945069 -0.04751962 -0.09326231 0.9945069 -0.05700767 -0.08778423 0.994507 -0.05700778 -0.08778429 0.994507 -0.06587117 -0.0813446 0.9945069 -0.06587135 -0.08134466 0.9945069 -0.07401317 -0.07401365 0.9945069 -0.07401388 -0.07401388 0.9945068 -0.08134526 -0.06587177 0.9945068 -0.08134436 -0.06587153 0.994507 -0.08778417 -0.05700796 0.9945069 -0.08778548 -0.05700808 0.9945068 -0.0932635 -0.04752004 0.9945068 -0.09326362 -0.04752004 0.9945068 -0.09772026 -0.03751057 0.9945068 -0.09771752 -0.03751087 0.9945071 -0.1011032 -0.02709072 0.994507 -0.101103 -0.02709072 0.994507 -0.1033809 -0.01637399 0.994507 -0.1033827 -0.01637345 0.9945069 -0.1045278 -0.005477726 0.9945068 -0.1045274 -0.005477964 0.9945069 -0.500009 0.4999903 0.7071073 -0.4999997 0.4999994 0.7071075 -0.4999997 0.4999995 0.7071074 0 -0.3420199 -0.9396927 0 -0.3420199 -0.9396927 0 -0.9986297 0.05233371 0 -0.9986297 0.05233371 0 -0.9876883 0.156435 -0.002738893 -0.9781445 0.2079082 0 -0.9659271 0.2588143 0 -0.9335867 0.3583518 -0.002740323 -0.9135393 0.4067412 0 -0.8909916 0.4540199 0 -0.8386647 0.5446481 -0.002738773 -0.80901 0.5877885 0 -0.777145 0.6293216 0 -0.7071068 0.7071068 -0.002737939 -0.6691434 0.7431284 0 -0.6293538 0.7771189 0 -0.5446149 0.8386862 -0.002738416 -0.4999818 0.8660316 0 -0.4539842 0.8910098 0 -0.3583947 0.9335702 -0.002740025 -0.3090246 0.9510501 0 -0.05231785 0.9986305 -0.002740025 -0.1045295 0.994518 0 -0.156455 0.9876851 0 -0.2588099 0.9659283 -0.4999997 -0.4999997 0.7071073 -0.4999997 -0.4999997 0.7071074 -0.4999903 -0.500009 0.7071073 0 -0.3420199 0.9396927 0 -0.3420199 0.9396927 0.9986293 0 -0.05234152 0.9985333 6.43326e-5 -0.05414181 0.9876889 -6.23151e-5 -0.156431 0.9874044 0 -0.1582171 0.9773854 0 -0.211466 0.9659249 -1.19937e-4 -0.2588225 0.9649843 0 -0.2623077 0.9493917 0 -0.3140948 0.9335796 -1.7357e-4 -0.35837 0.9316218 0 -0.3634293 0.9106107 0 -0.4132652 0.8910086 -2.22479e-4 -0.4539865 0.8877023 0 -0.4604179 0.8614724 0 -0.5078045 0.8386718 -2.66555e-4 -0.544637 0.8337224 0 -0.5521838 0.8025855 0 -0.5965372 0.7771479 -3.06398e-4 -0.629318 0.7702902 0 -0.6376935 0.7346019 0 -0.6784985 0.7071067 -3.41844e-4 -0.7071067 0.6981228 0 -0.715978 0.6583312 0 -0.7527285 0.629318 -3.7339e-4 -0.7771479 0.6180248 0 -0.7861586 0.5745645 0 -0.8184593 0.5446372 -4.00036e-4 -0.8386717 0.5309354 0 -0.8474123 0.484305 0 -0.8748992 0.453996 -4.22437e-4 -0.8910037 0.4378265 0 -0.8990595 0.3885168 0 -0.9214416 0.35837 -4.39988e-4 -0.9335796 0.3397585 0 -0.9405127 0.288339 0 -0.9575285 0.2588114 -4.53407e-4 -0.9659278 0.23782 0 -0.9713093 0.1848955 0 -0.9827582 0.156431 -4.62214e-4 -0.9876888 0.133207 0 -0.9910883 0.07937127 0 -0.9968451 0.05234086 -4.66774e-4 -0.9986292 0.02707779 0 -0.9996333 0 -0.9986296 -0.05233556 0 -0.9986296 -0.05233556 0 -0.9781482 -0.207909 0 -0.9781482 -0.207909 0 -0.9135457 -0.406736 0 -0.9135457 -0.406736 0 -0.8090131 -0.5877907 0 -0.8090131 -0.5877907 0 -0.6691262 -0.7431488 0 -0.6691262 -0.7431488 0 -0.5000104 -0.8660194 0 -0.5000104 -0.8660194 0 -0.3090097 -0.9510589 0 -0.3090097 -0.9510589 0 -0.1045299 -0.9945217 0 -0.1045299 -0.9945217 -0.4999997 0.4999995 -0.7071074 -0.4999997 0.4999995 -0.7071073 -0.4999996 0.4999996 -0.7071073 0 -1 0 0 -1 0 0.1562252 0.8315597 -0.5330123 0.0522685 0.0525704 -0.9972484 0.0522623 0.1571462 -0.9861916 0.05227065 0.8912146 -0.4505602 0.9651308 0.05293655 -0.2563599 0.6116077 0.5309573 -0.5865324 0.1098411 0.9759348 -0.1883778 0.1426568 0.9265713 -0.3480154 0.1420308 0.9608475 -0.2379059 0.1110569 0.9619395 -0.2496774 0.1107686 0.9758662 -0.18819 0.1106397 0.9758474 -0.1883632 0.4346964 0.6980682 -0.5689815 0.4527475 0.6521337 -0.6080635 0.5225887 0.6120234 -0.5935727 0.5228834 0.5905431 -0.6146965 0.501253 0.5999881 -0.623506 0.6139388 0.4839117 -0.6236254 0.5834795 0.4985367 -0.6411029 0.5432931 0.550975 -0.6334503 0.6481701 0.4630202 -0.604556 0.6290545 0.4156424 -0.6569107 0.7062041 0.377885 -0.5987309 0.7010607 0.4607053 -0.5443018 0.7519804 0.3006188 -0.5866462 0.7065823 0.3240138 -0.6290918 0.8292162 0.3104783 -0.464762 0.829276 0.2389543 -0.5051755 0.7770747 0.2700778 -0.5685182 0.7860104 0.3161039 -0.5312871 0.7689446 0.2915515 -0.5689657 0.8655375 0.1782481 -0.4680516 0.8380475 0.2058563 -0.5052719 0.9331618 0.1397977 -0.3311582 0.9342144 0.1847305 -0.3051528 0.9291279 0.1238596 -0.3483967 0.890941 0.1525431 -0.4277319 0.9001968 0.1964647 -0.3886482 0.886358 0.1646416 -0.4327386 0.9775631 0.05327814 -0.2037937 0.9657841 0.0707935 -0.2494981 0.986879 0.04080766 -0.1562196 0.9876103 0.04505354 -0.15032 0.993919 0.02647429 -0.1068838 0.9982019 0.01437664 -0.05819255 0.9985442 0.0237106 -0.04844927 0.9999686 0.00181967 -0.007713556 0.05225622 0.9348726 -0.351116 0.05226171 0.9348666 -0.3511311 0.0522719 0.9655731 -0.2548258 0.05100351 0.9666673 -0.2509045 0.05232948 0.9776011 -0.2038567 0.05211275 0.9926007 -0.109673 0.02795541 0.9885953 -0.1479799 0.02771174 0.9984668 -0.04791855 0.02764916 0.9984682 -0.04792523 0.05226188 0.8407465 -0.5389008 0.05225807 0.8407527 -0.5388914 0.05233061 0.8095858 -0.5846643 0.05233353 0.6699385 -0.7405697 0.05232805 0.5000462 -0.8644163 0.05233621 0.3098672 -0.9493383 0.1562275 0.8830047 -0.4426009 0.1563711 0.9164797 -0.3682568 0.173023 0.9432822 -0.2833402 0.258486 0.7539773 -0.6039066 0.1562246 0.7709193 -0.6174765 0.1562268 0.770915 -0.6174815 0.05136299 0.7794684 -0.6243324 0.05226588 0.7776627 -0.6265054 0.3470814 0.7923951 -0.5016419 0.3368334 0.7941393 -0.5058519 0.2564501 0.8167881 -0.5168079 0.2594512 0.8784495 -0.4012623 0.2287178 0.8702849 -0.4362252 0.22643 0.9041119 -0.3623686 0.2242789 0.9041764 -0.3635438 0.05232816 0.9136 -0.4032329 0.05118155 0.8928166 -0.4475032 0.1562227 0.8830116 -0.4425888 0.1562223 0.8315646 -0.5330055 0.2584843 0.8132899 -0.521292 0.258485 0.7539793 -0.6039046 0.3490762 0.7314064 -0.5858247 0.3575343 0.7406574 -0.5688548 0.4190639 0.6999037 -0.5783772 0.4253861 0.697579 -0.5765675 0.4362388 0.639265 -0.633274 0.3579348 0.6633596 -0.6571428 0.3579412 0.6633461 -0.657153 0.2584863 0.6862718 -0.6798647 0.2584763 0.6862933 -0.6798467 0.1562266 0.7017123 -0.6951209 0.1562286 0.7017082 -0.6951246 0.05225813 0.7094609 -0.7028046 0.05226153 0.7094537 -0.7028117 0.5229114 0.5391286 -0.6602303 0.4534875 0.5637171 -0.690342 0.4534911 0.563709 -0.6903464 0.3579406 0.5905792 -0.7232529 0.3579372 0.5905871 -0.7232482 0.2584763 0.6109988 -0.7482449 0.2584791 0.6109924 -0.7482492 0.1562288 0.6247199 -0.7650606 0.1562269 0.6247245 -0.7650572 0.0515545 0.6316497 -0.7735379 0.05226725 0.6299188 -0.7749003 0.6222627 0.4286131 -0.6550418 0.5441068 0.4593886 -0.7020754 0.5441061 0.4593902 -0.7020749 0.4534913 0.4879958 -0.7457922 0.4534878 0.4880038 -0.7457888 0.3579379 0.5112651 -0.7813376 0.357933 0.511277 -0.7813321 0.2584789 0.5289463 -0.8083344 0.2584915 0.5289151 -0.8083508 0.1562269 0.5408006 -0.8265156 0.1562238 0.5408083 -0.826511 0.05226111 0.5467829 -0.8356418 0.0522558 0.5467963 -0.8356335 0.7060879 0.3232676 -0.6300302 0.6287931 0.3549717 -0.6918196 0.6287941 0.3549692 -0.6918199 0.544106 0.3830192 -0.7464884 0.5441074 0.3830158 -0.7464891 0.4534881 0.4068667 -0.7929741 0.4534932 0.4068542 -0.7929776 0.3579331 0.4262495 -0.8307799 0.3579306 0.4262556 -0.8307779 0.2584912 0.4409847 -0.8594852 0.258481 0.4410111 -0.8594747 0.156224 0.4509202 -0.8787861 0.1562272 0.4509118 -0.8787899 0.05175375 0.4559055 -0.8885222 0.05227154 0.4544866 -0.8892186 0.8327986 0.1995187 -0.5163707 0.7767226 0.2270067 -0.5875117 0.776717 0.2270209 -0.5875136 0.7066116 0.2550455 -0.6600392 0.7066232 0.2550173 -0.6600378 0.6287939 0.280239 -0.7253167 0.6287913 0.2802453 -0.7253165 0.544107 0.3023895 -0.782629 0.5441039 0.3023969 -0.7826282 0.453493 0.321226 -0.8313592 0.4534908 0.3212313 -0.8313583 0.3579308 0.3365447 -0.8709897 0.3579366 0.3365296 -0.8709932 0.2584813 0.3481601 -0.9010949 0.2584833 0.3481545 -0.9010964 0.1562268 0.3559772 -0.9213432 0.1562209 0.3559938 -0.9213379 0.05226743 0.3599262 -0.9315156 0.05226403 0.3599357 -0.9315121 0.9648576 0.06840986 -0.2537121 0.9334139 0.09340965 -0.3464291 0.9334133 0.09341156 -0.3464301 0.8907507 0.1183235 -0.4388199 0.8907535 0.1183151 -0.4388163 0.8383274 0.1419216 -0.5263701 0.838324 0.1419304 -0.526373 0.7767175 0.1639752 -0.60813 0.7767233 0.1639607 -0.6081265 0.7066225 0.1842004 -0.6831947 0.7066171 0.1842132 -0.6831967 0.6287916 0.2024311 -0.7507615 0.6287906 0.2024335 -0.7507618 0.5441039 0.2184296 -0.8100861 0.5441091 0.2184168 -0.8100861 0.4534903 0.2320179 -0.8605313 0.4534881 0.2320237 -0.8605309 0.3579368 0.2430835 -0.9015496 0.3579275 0.2431085 -0.9015466 0.2584831 0.2515093 -0.9327001 0.2584931 0.2514817 -0.9327049 0.1562206 0.2571331 -0.9536654 0.1562141 0.2571517 -0.9536615 0.05195176 0.2599963 -0.9642111 0.0522654 0.2590789 -0.9644411 0.05226302 0.1571441 -0.9861918 0.1562204 0.1554272 -0.9754166 0.1562144 0.1554446 -0.9754148 0.2584866 0.1520281 -0.953977 0.2584928 0.1520106 -0.9539781 0.3579315 0.1469334 -0.9221147 0.3579273 0.1469444 -0.9221146 0.4534878 0.1402583 -0.8801571 0.4534885 0.1402565 -0.880157 0.5441098 0.1320343 -0.8285599 0.5441085 0.1320375 -0.8285602 0.6287914 0.1223684 -0.7678849 0.628791 0.1223694 -0.7678852 0.7066178 0.1113566 -0.6987782 0.7066171 0.1113584 -0.6987787 0.7767212 0.0991221 -0.621996 0.7767233 0.09911698 -0.6219941 0.8383259 0.08579224 -0.5383766 0.8383242 0.08579647 -0.5383786 0.8907519 0.07152533 -0.4488263 0.8907533 0.07152146 -0.4488241 0.9334135 0.05646383 -0.354332 0.9334134 0.05646389 -0.354332 0.9658345 0.04078334 -0.2559306 0.9658346 0.0407828 -0.2559302 0.9876555 0.02465009 -0.1546902 0.9876554 0.02465081 -0.1546909 0.9986255 0.008248269 -0.05176049 0.9986255 0.008248329 -0.05176055 0.05226218 0.05258911 -0.9972478 0.1562193 0.05201452 -0.9863519 0.1562206 0.05201077 -0.9863518 0.2584763 0.05086785 -0.9646774 0.2584866 0.05083906 -0.9646762 0.3579371 0.04914081 -0.9324518 0.3579312 0.04915654 -0.9324532 0.453496 0.04691964 -0.8900224 0.4534882 0.04693931 -0.8900254 0.5441052 0.04418766 -0.8378526 0.5441099 0.04417628 -0.8378501 0.6287903 0.04094135 -0.7764963 0.6287912 0.04093933 -0.7764957 0.7066159 0.03725498 -0.7066159 0.7066183 0.03724968 -0.7066139 0.7767205 0.03315675 -0.628972 0.7767212 0.03315538 -0.6289713 0.8383265 0.02869796 -0.5444128 0.8383259 0.02869921 -0.5444135 0.8907535 0.02392542 -0.4538566 0.890752 0.02392929 -0.4538593 0.933413 0.01889133 -0.3583061 0.9334135 0.01889008 -0.358305 0.965835 0.01364403 -0.2587984 0.9658345 0.01364582 -0.2588 0.9876553 0.008247911 -0.1564257 0.9876554 0.008246958 -0.1564247 0.9986255 0.002759516 -0.05234128 0.9986255 0.002759158 -0.05234092 0 -0.3420198 -0.9396927 0 -0.3420198 -0.9396927 0 -1 0 0 -1 0 -0.7071069 0.7071066 0 -0.7071069 0.7071066 0 0 0 -1 0 0 -1 0 0 -1 0 0 -1 0 0 -1 0 0 -1 0 0 -1 0 0 -1 0 0 -1 0 0 -1 0 0 -1 0 0 -1 0 0 -1 0 0 -1 0 0 -1 0.1830129 0.6830138 -0.7071056 0.1830123 0.6830127 -0.7071068 0 -0.3420199 0.9396927 0 -0.3420199 0.9396927 -0.7071064 -0.7071073 0 -0.7071064 -0.7071073 0 0 1 0 0 1 0 0 1 0 0 1 0 0 1 0 0 1 0 0 1 0 0 1 0 0 1 0 0 1 0 0 1 0 0 1 0 0 1 0 0 1 0 0 1 0 0 1 0 0 1 0 0 1 0 0 1 0 0 1 0 0 1 0 0 1 0 0 1 0 0 1 0 0 1 0 0 1 0 0 1 0 0 1 0 0 1 0 0 1 0 0 1 0 0 1 0 0 1 0 0 1 0 0 1 0 0 1 0 0 1 0 0 1 0 0 1 0 0 1 0 0 1 0 0 1 0 0 1 0 0 1 0 0 1 0 0 1 0 0 1 0 0 1 0 0 1 0 0 1 0 0 1 0 0 1 0 0 1 0 0 1 0 0 1 0 0 1 0 0 1 0 0 1 0 0 1 0 0 1 0 0 1 0 0 1 0 0 1 0 0 1 0 0 1 0 0 1 0 0 1 0 0 1 0 0 1 0 0 1 0 0 1 0 0 1 0 0 1 0 0 1 0 0 1 0 0 1 0 0 1 0 0 1 0 0 0 -1 0 0 -1 -0.7071068 -0.7071068 0 -0.7071068 -0.7071068 0 0 -0.3420209 0.9396923 0 -0.3420209 0.9396923 0 0 1 0 0 1 0 0 1 0 0 1 0 0 1 0 0 1 0 0 1 0 0 1 0 0 1 0 0 1 0 0 1 0 0 1 0 0 1 0 0 1 0 0 1 0 0 1 0 0 1 0 0 1 0 0 1 0 0 1 0 0 1 0 0 1 0 0 1 0 0 1 0 0 1 0 0 1 0 0 1 0 0 1 0 0 1 0 0 1 0 0 1 0 0 1 -0.183012 -0.6830126 -0.707107 -0.1830109 -0.6830109 -0.707109 0 -0.3420209 0.9396923 0 -0.3420209 0.9396923 -0.2556323 -0.9540338 -0.1564342 -0.2584635 -0.9646015 -0.05235147 -0.2584631 -0.9646025 -0.05233424 -0.2556301 -0.9540297 -0.1564627 -0.2416285 -0.9017693 -0.3583683 -0.2500005 -0.9330155 -0.2588083 -0.250001 -0.9330191 -0.2587953 -0.2416251 -0.9017599 -0.358394 -0.1409676 -0.5260981 -0.8386591 -0.2306098 -0.8606469 -0.453989 -0.2306093 -0.8606442 -0.4539944 -0.217064 -0.8100925 -0.5446406 -0.2170653 -0.8100987 -0.5446307 -0.2011412 -0.7506692 -0.6293154 -0.2011427 -0.7506759 -0.6293071 -0.183013 -0.6830149 -0.7071046 -0.1830089 -0.6829965 -0.7071235 -0.1628791 -0.6078715 -0.7771503 -0.1628818 -0.6078833 -0.7771406 -0.140967 -0.5260958 -0.8386605 -0.1175001 -0.438516 -0.8910092 -0.1174995 -0.4385136 -0.8910105 -0.09275043 -0.346149 -0.9335835 -0.09275197 -0.3461555 -0.933581 -0.06698614 -0.2499959 -0.965927 -0.06698578 -0.2499944 -0.9659274 -0.04049313 -0.1511225 -0.9876855 -0.04049378 -0.1511248 -0.9876849 -0.0135408 -0.05053502 -0.9986305 -0.01354068 -0.05053466 -0.9986305 2.31603e-7 -0.3420014 0.9396994 0 -0.3420193 0.9396929 0 -0.3420195 0.9396928 0 -0.3420205 0.9396924 -1.95514e-5 -0.3420748 0.9396727 4.97034e-7 -0.3420189 0.9396931 -4.78936e-7 -0.342022 0.939692 4.4271e-6 -0.3420044 0.9396983 4.79685e-6 -0.3420031 0.9396988 3.98733e-7 -0.3420197 0.9396927 -1.51613e-6 -0.3420283 0.9396897 6.28076e-5 -0.3416843 0.9398148 -1.4605e-7 -0.3420234 0.9396914 0 -0.3420867 0.9396684 0 -0.3421351 0.9396508 0 -0.3425519 0.9394989 1.24757e-7 -0.3420211 0.9396923 -1.20782e-6 -0.3420298 0.9396892 -4.80062e-7 -0.3420246 0.939691 1.41847e-7 -0.3420151 0.9396944 3.18316e-7 -0.3420076 0.9396972 1.66919e-7 -0.3420149 0.9396945 4.32094e-6 -0.3419829 0.9397062 -1.4826e-7 -0.3420238 0.9396913 5.67977e-7 -0.3420152 0.9396945 2.11101e-6 -0.34185 0.9397546 2.31072e-7 -0.3420238 0.9396913 0 -0.3420543 0.9396802 -2.84345e-5 -0.3424949 0.9395197 7.17631e-7 -0.3420093 0.9396966 -5.55079e-7 -0.3420337 0.9396877 0 -1 0 0 -1 0 0.2170646 0.8100972 -0.5446335 0.2584639 0.9646033 -0.05231595 0.2584646 0.9646011 -0.05235254 0.2556327 0.9540323 -0.156443 0.2556329 0.9540374 -0.1564111 0.2499996 0.9330136 -0.258816 0.2499992 0.9330106 -0.2588272 0.2416282 0.9017693 -0.3583683 0.2416285 0.901771 -0.3583639 0.2306075 0.86064 -0.4540032 0.2306083 0.8606444 -0.4539948 0.2170626 0.8100911 -0.5446431 0.1830106 0.6830061 -0.7071137 0.2011422 0.7506738 -0.6293095 0.2011409 0.7506678 -0.6293173 0.1830129 0.683013 -0.7071065 0.1628788 0.6078727 -0.7771495 0.1628755 0.6078584 -0.7771614 0.1409687 0.5261012 -0.8386568 0.1409711 0.5261116 -0.8386499 0.1175008 0.4385191 -0.8910076 0.117501 0.4385203 -0.891007 0.09275043 0.3461496 -0.9335833 0.09274917 0.3461444 -0.9335854 0.0669856 0.2499935 -0.9659277 0.06698584 0.2499944 -0.9659274 0.04049307 0.1511223 -0.9876853 0.04049342 0.1511234 -0.9876851 0.0135408 0.05053508 -0.9986305 0.01354056 0.05053424 -0.9986305 0 -0.3420196 -0.9396929 0 -0.3420196 -0.9396929 0.7071065 0.707107 0 0.7071065 0.707107 0 -1 0 0 -1 0 0 -1 0 0 -1 0 0 -1 0 0 -1 0 0 -1 0 0 -1 0 0 -1 0 0 -1 0 0 -1 0 0 -1 0 0 -1 0 0 -1 0 0 -1 0 0 -1 0 0 -1 0 0 -1 0 0 -1 0 0 -1 0 0 -1 0 0 -1 0 0 -1 0 0 -1 0 0 -1 0 0 -1 0 0 -1 0 0 -1 0 0 -1 0 0 -1 0 0 -1 0 0 -1 0 0 -1 0 0 -1 0 0 -1 0 0 -1 0 0 -1 0 0 -1 0 0 -1 0 0 -1 0 0 -1 0 0 -1 0 0 -1 0 0 -1 0 0 -1 0 0 -1 0 0 -1 0 0 -1 0 0 -1 0 0 -1 0 0 -1 0 0 -1 0 0 -1 0 0 -1 0 0 -1 0 0 -1 0 0 -1 0 0 -1 0 0 -1 0 0 -1 0 0 -1 0 0 -1 0 0 -1 0 0 -1 0 0 -1 0 0 -1 0 0 -1 0 0 -1 0 0 -1 0 0 -1 0 0 -1 0 0 -1 0 0 -1 0 0 -1 0 0 -1 0 0 -1 0 0 -1 0 0 -1 0 0 -1 0 0 -1 0 0 -0.6830121 0.1830126 -0.7071074 -0.683009 0.1830117 -0.7071106 0 -0.3420205 0.9396924 0 -0.3420205 0.9396924 1 0 0 1 0 0 0 -1 0 0 -1 0 1 0 0 1 0 0 1 0 0 1 0 0 1 0 0 1 0 0 1 0 0 1 0 0 1 0 0 1 0 0 1 0 0 1 0 0 1 0 0 1 0 0 1 0 0 1 0 0 1 0 0 1 0 0 1 0 0 1 0 0 1 0 0 1 0 0 1 0 0 1 0 0 1 0 0 1 0 0 1 0 0 1 0 0 1 0 0 1 0 0 1 0 0 1 0 0 1 0 0 1 0 0 1 0 0 1 0 0 -1 0 0 -1 0 0 -1 0 0 -1 0 0 0 -1 0 0 -1 0 0.1948543 -6.65446e-5 0.9808322 0.2851907 -9.44013e-6 0.9584708 0.9986295 0 0.05233556 0.9986295 0 0.05233556 0.9876883 0 0.156435 0.9876883 0 0.156435 0.9659271 0 0.2588143 0.966292 0.02100932 0.25659 0.9434365 -0.01032906 0.3313922 0.9292007 0.09672886 0.3566927 0.923797 0 0.3828829 0.8784589 0 0.477818 0.8902996 0.03981512 0.4536314 0.9015213 0.002703964 0.432726 0.9130358 0 0.4078795 0.8225686 0 0.5686659 0.8385387 0.01804906 0.5445431 0.8474462 0.005454838 0.5308535 0.863672 0 0.5040543 0.8049901 0 0.5932882 0.777132 0.005777776 0.6293111 0.7819126 0.01236093 0.6232654 0.6897205 7.39065e-4 0.7240754 0.7154917 0.00904268 0.6985628 0.7071044 0.002603113 0.7071044 0.7398618 0 0.6727589 0.7578642 0 0.6524124 0.5908327 0 0.8067941 0.6018282 2.98346e-4 0.7986255 0.6146225 0.001315772 0.7888203 0.6304225 0.003996491 0.7762418 0.6293066 0.003657281 0.7771485 0.6575255 0 0.7534322 0.6720467 0 0.7405088 0.5041266 1.78735e-6 0.8636298 0.5486453 1.76816e-4 0.8360553 0.5446399 -1.00723e-6 0.83867 0.5907632 2.67409e-7 0.806845 0.5946931 6.91297e-5 0.8039529 0.3781988 1.61958e-4 0.9257243 0.3985061 -3.98046e-6 0.9171656 0.4540196 1.21692e-5 0.8909918 0.4497444 2.08368e-4 0.8931574 0.4961024 -2.43529e-6 0.868264 0.3583518 1.99363e-5 0.9335866 0.3363031 0.001031756 0.9417533 0.3637513 4.34587e-4 0.931496 0.2588143 1.79909e-4 0.9659271 0.2200453 0.001849651 0.9754879 0.2414069 9.69644e-4 0.9704235 0.05235236 0 0.9986287 0.00359404 0.002473533 0.9999905 0.02456837 0.001444876 0.9996972 0.05939251 4.22664e-4 0.9982346 0.09001946 -3.9118e-6 0.99594 0.1564204 1.99603e-5 0.9876906 0.1110859 0.002207577 0.9938083 0.1432014 7.52074e-4 0.9896932 0.6830083 -0.1830114 -0.7071114 0.6830121 -0.1830126 -0.7071074 1 0 0 1 0 0 1 0 0 1 0 0 0 -0.3420209 -0.9396923 0 -0.3420209 -0.9396923 0.5908302 0 -0.806796 0.5907482 2.57599e-7 -0.806856 0.6317578 0.03372663 -0.7744318 0.6293216 0 -0.777145 0.7071068 0 -0.7071068 0.7071068 0 -0.7071068 0.777145 0 -0.6293216 0.777145 0 -0.6293216 0.83867 0 -0.54464 0.83867 0 -0.54464 0.8910061 0 -0.4539914 0.8910061 0 -0.4539914 0.9335807 0 -0.3583673 0.9335807 0 -0.3583673 0.9659271 0 -0.2588143 0.9659271 0 -0.2588143 0.9876883 0 -0.156435 0.9876883 0 -0.156435 0.9986295 0 -0.05233556 0.9986295 0 -0.05233556 0.00172013 0 -0.9999986 0.05233466 7.95589e-5 -0.9986296 0.02447712 0.001447558 -0.9996994 0.06603902 2.27262e-4 -0.997817 0.09662544 -9.46082e-7 -0.9953209 0.1564204 8.09621e-6 -0.9876906 0.1606341 -1.96976e-4 -0.9870141 0.2386313 1.01757e-4 -0.9711102 0.2588309 5.82064e-4 -0.9659224 0.2850828 -5.36177e-6 -0.9585028 0.3244959 2.9815e-6 -0.9458871 0.3583672 4.77001e-4 -0.9335806 0.3648592 2.70915e-4 -0.9310627 0.4082759 -8.52167e-5 -0.9128586 0.4539913 3.62097e-4 -0.8910061 0.4493588 5.27875e-4 -0.8933513 0.5698131 -6.43643e-7 -0.8217745 0.5273842 8.12188e-4 -0.8496266 0.5446399 2.16141e-5 -0.83867 0.5013555 4.39062e-7 -0.8652414 0.4851862 -2.51657e-6 -0.8744108 -0.1830121 -0.6830125 -0.7071071 -0.1830123 -0.6830128 -0.7071068 0 1 0 0 1 0 0 0 -1 0 0 -1 -1 0 0 -1 0 0 -1 0 0 -1 0 0 -1 0 0 -1 0 0 -1 0 0 -1 0 0 -1 0 0 -1 0 0 -1 0 0 -1 0 0 0.2588183 0.9659261 0 0.2588183 0.9659261 0 0.9659258 -0.2588191 0 0.9659258 -0.2588191 0 -0.2588184 -0.965926 0 -0.2588184 -0.965926 0 -0.9659259 0.2588189 0 -0.9659259 0.2588189 0 0 0 -1 0 0 -1 0.258819 0.9659259 0 0.258819 0.9659259 0 0.9659258 -0.258819 0 0.9659258 -0.258819 0 -0.2588195 -0.9659257 0 -0.2588195 -0.9659257 0 -0.9659258 0.258819 0 -0.9659258 0.258819 0 0 0 -1 0 0 -1 0.258819 0.9659259 0 0.258819 0.9659259 0 0.9659258 -0.2588191 0 0.9659258 -0.2588191 0 -0.2588181 -0.9659261 0 -0.2588181 -0.9659261 0 -0.9659258 0.2588191 0 -0.9659258 0.2588191 0 0 0 -1 0 0 -1 0.6830152 -0.1830134 -0.7071042 0.6830182 -0.1830143 -0.7071011 0 -0.3420199 0.9396927 0 -0.3420199 0.9396927 -1.5239e-5 0.05235332 -0.9986286 0 0.05264234 -0.9986135 3.85008e-6 0.1128476 -0.9936124 -3.60118e-4 0.1573612 -0.987541 7.23219e-4 0.1813243 -0.9834231 -6.06972e-4 0.4551087 -0.8904356 9.18589e-4 0.4127004 -0.9108664 -8.36657e-4 0.2750258 -0.9614365 0 0.2594335 -0.965761 0 0.3329744 -0.9429359 6.0485e-4 0.3102924 -0.950641 -6.88875e-4 0.3604282 -0.9327868 -0.01071262 0.6675643 -0.7444751 0.01083695 0.5007028 -0.8655515 -0.004321098 0.6198493 -0.784709 0 0.5359901 -0.8442242 0 0.4837886 -0.8751849 0.005194067 0.547537 -0.8367654 0 0.6307809 -0.775961 0 0.711733 -0.7024501 8.86206e-4 0.956959 -0.2902217 -4.4185e-4 0.9668949 -0.2551746 0 0.9755522 -0.2197681 0.003331303 0.6708541 -0.7415818 2.29905e-4 0.7104245 -0.7037734 -2.01811e-4 0.7812617 -0.6242036 0 0.7787271 -0.6273629 0 0.8177458 -0.5755797 1.81931e-4 0.8106966 -0.5854665 -8.85424e-4 0.8589503 -0.5120583 0.001476585 0.8419021 -0.5396283 -9.96681e-4 0.9013911 -0.4330048 0 0.8924345 -0.4511769 0 0.9260219 -0.3774698 9.09387e-4 0.914853 -0.403786 -6.89186e-4 0.9361515 -0.3515963 0 0.9988501 -0.04794353 3.88098e-4 0.9984291 -0.05602782 0 0.9870999 -0.160106 0.002177298 0.9789401 -0.2041359 -3.61417e-4 0.9889816 -0.1480377 0.1830121 0.6830125 -0.7071071 0.1830123 0.6830127 -0.7071068 0 -0.3420199 0.9396927 0 -0.3420199 0.9396927 -0.9995658 -0.02946311 0 -0.9995658 -0.02946311 0 -0.9966558 -0.08171445 0 -0.9966558 -0.08171445 0 -0.9907888 -0.1354171 0 -0.9907888 -0.1354171 0 -0.9823465 -0.1870705 0 -0.9823465 -0.1870705 0 -0.9708222 -0.2398007 0 -0.9708222 -0.2398007 0 -0.9569365 -0.2902972 0 -0.9569365 -0.2902972 0 -0.9398756 -0.3415167 0 -0.9398756 -0.3415167 0 -0.9207115 -0.390244 0 -0.9207115 -0.390244 0 -0.8983097 -0.4393626 0 -0.8983097 -0.4393626 0 -0.8740928 -0.485759 0 -0.8740928 -0.485759 0 -0.8465934 -0.5322402 0 -0.8465934 -0.5322402 0 -0.8175906 -0.5758001 0 -0.8175906 -0.5758001 0 -0.7853086 -0.6191046 0 -0.7853086 -0.6191046 0 -0.7518309 -0.659356 0 -0.7518309 -0.659356 0 -0.7151628 -0.6989579 0 -0.7151628 -0.6989579 0 -0.6775792 -0.7354498 0 -0.6775792 -0.7354498 0 -0.6369165 -0.7709327 0 -0.6369165 -0.7709327 0 -0.5956784 -0.803223 0 -0.5956784 -0.803223 0 -0.5514798 -0.8341884 0 -0.5514798 -0.8341884 0 -0.507045 -0.8619195 0 -0.507045 -0.8619195 0 -0.4598135 -0.8880155 0 -0.4598135 -0.8880155 0 -0.4126799 -0.9108761 0 -0.4126799 -0.9108761 0 -0.3629477 -0.9318095 0 -0.3629477 -0.9318095 0 -0.3136639 -0.9495341 0 -0.3136639 -0.9495341 0 -0.2619786 -0.9650737 0 -0.2619786 -0.9650737 0 -0.2110974 -0.9774649 0 -0.2110974 -0.9774649 0 -0.1580471 -0.9874316 0 -0.1580471 -0.9874316 0 -0.1060775 -0.9943579 0 -0.1060775 -0.9943579 0 -0.05234152 -0.9986292 0 -0.05234152 -0.9986292 0 0 -1 0 0 -1 0 0.683009 -0.1830117 -0.7071106 0.6830121 -0.1830126 -0.7071074 0 -1 0 0 -1 0 -0.683012 0.1830124 -0.7071075 -0.6830091 0.1830116 -0.7071105 0 -1 0 0 -1 0 0 -0.7071068 -0.7071068 0 -0.7071068 -0.7071068 -0.4999996 -0.4999996 -0.7071073 -0.4999993 -0.4999999 -0.7071074 -0.4999993 -0.4999999 -0.7071074 -0.4999996 -0.4999996 -0.7071073 0 -0.3420199 -0.9396927 0 -0.3420199 -0.9396927 -5.91945e-6 0.7071036 -0.70711 0 0.7071068 -0.7071068 0 0.7071068 -0.7071068 -5.31276e-6 0.7071035 -0.7071101 -1.9762e-5 0.7070986 -0.7071149 -3.09964e-6 0.7071038 -0.7071098 -4.2696e-6 0.7071035 -0.7071101 -1.36733e-5 0.7070966 -0.707117 1.52423e-5 0.7071147 -0.7070989 0 0.7071068 -0.7071068 -0.500009 -0.4999903 0.7071073 -0.4999993 -0.4999999 0.7071074 -0.4999993 -0.4999999 0.7071074 -0.4999903 -0.500009 0.7071073 0 -0.3420209 0.9396923 0 -0.3420209 0.9396923 0.7071437 0 -0.7070699 0.7070425 1.6585e-5 -0.7071711 0.707143 -6.09325e-6 -0.7070706 0.7070927 1.1632e-5 -0.7071209 0.70711 3.25093e-6 -0.7071036 0.7070718 2.70274e-5 -0.7071418 0.7071068 0 -0.7071068 0.7071678 -5.71166e-5 -0.7070457 0.7070954 2.40041e-5 -0.7071182 0.7071133 0 -0.7071002 0 -1 0 0 -1 0 -0.7071068 0 -0.7071068 -0.7071068 0 -0.7071068 0.500009 -0.4999903 0.7071073 0.4999993 -0.4999999 0.7071074 0.4999993 -0.4999999 0.7071074 0.4999903 -0.500009 0.7071073 0 -0.3420209 -0.9396923 0 -0.3420209 -0.9396923 0.7071133 0 -0.7071002 0.7070901 -1.07109e-4 -0.7071235 0.707116 0 -0.7070975 0.707143 6.09324e-6 -0.7070705 0.7070717 -2.70371e-5 -0.7071418 0.70711 -3.25093e-6 -0.7071036 0.7070927 -1.1632e-5 -0.707121 0.7070954 -2.40033e-5 -0.7071182 0.7071679 5.71181e-5 -0.7070458 0.7071068 0 -0.7071068 0 -1 0 0 -1 0 0 0.7071068 -0.7071068 0 0.7071068 -0.7071068 0 -0.3420189 0.939693 0 -0.3420189 0.939693 0.4999997 -0.4999994 -0.7071074 0.4999998 -0.4999995 -0.7071073 0.4999998 -0.4999996 -0.7071072 0 -0.7071068 -0.7071068 0 -0.7071068 -0.7071068 0 -0.7071068 -0.7071068 0 -0.7071068 -0.7071068 0 -0.7071068 -0.7071068 0 -0.7071068 -0.7071068 0 -0.7071068 -0.7071068 0 -0.7071068 -0.7071068 0 -0.7071067 -0.7071067 0 -0.7071068 -0.7071068 0 -0.7071068 -0.7071068 0 -0.7071068 -0.7071068 0 -0.7071068 -0.7071068 0 -0.7071068 -0.7071068 0 -0.7071068 -0.7071068 0 -0.7071068 -0.7071068 0 -0.7071068 -0.7071068 0 -0.7071068 -0.7071068 0.4999996 -0.4999996 -0.7071073 0.4999993 -0.4999999 -0.7071074 0.4999993 -0.4999999 -0.7071074 0.4999996 -0.4999996 -0.7071073 0 -1 0 0 -1 0 -0.7071068 0 -0.7071068 -0.7071068 0 -0.7071068 -0.7070893 -3.96294e-6 -0.7071243 -0.7071054 1.74409e-6 -0.7071081 -0.7071052 1.62138e-6 -0.7071084 -0.7071243 1.35241e-5 -0.7070893 -0.7071068 0 -0.7071068 -0.7070865 -1.90432e-5 -0.7071272 -0.7071243 2.33637e-5 -0.7070893 -0.7071068 0 -0.7071068 0.4385257 -0.1175026 -0.8910041 0.6078435 -0.1628713 -0.7771738 0.7506573 -0.2011381 -0.6293306 0.8101038 -0.2170667 -0.5446227 0.9330177 -0.2500013 -0.2587999 0.9540286 -0.2556312 -0.1564681 0.9646841 -0.2581628 -0.05231177 0.953944 -0.2559323 -0.1564915 0.9646017 -0.2584643 -0.05234253 0.9016448 -0.2419184 -0.3584858 0.9330804 -0.2496958 -0.2588686 0.901771 -0.2416287 -0.3583639 0.8606505 -0.2302906 -0.4541442 0.8099426 -0.2173454 -0.5447514 0.8606433 -0.2306086 -0.4539964 0.6827946 -0.1832745 -0.7072495 0.7506336 -0.200814 -0.6294625 0.6830009 -0.1830096 -0.7071191 0.5258283 -0.1412127 -0.838787 0.6077942 -0.1625432 -0.7772811 0.5260826 -0.1409634 -0.8386694 0.3458193 -0.09297668 -0.9336832 0.4383626 -0.1171476 -0.8911311 0.346157 -0.09275251 -0.9335803 0.2498004 -0.06662595 -0.9660025 0.1507585 -0.04070687 -0.9877322 0.2499852 -0.06698334 -0.9659299 0.1511269 -0.04049426 -0.9876846 0.05053377 -0.01354044 -0.9986306 0.05053645 -0.01354116 -0.9986304 -0.9540346 0.2556326 -0.156429 -0.901771 0.2416287 -0.3583639 -0.8606433 0.2306086 -0.4539964 -0.7506552 0.2011374 -0.6293334 -0.6078718 0.1628787 -0.7771502 -0.3461333 0.09274613 -0.9335898 -0.1511211 0.04049277 -0.9876856 -0.0505355 0.01354092 -0.9986305 -0.05053228 0.01354008 -0.9986306 -0.2498077 0.06662791 -0.9660004 -0.1507694 0.04070979 -0.9877303 -0.2499852 0.06698334 -0.9659299 -0.4383789 0.1171518 -0.8911225 -0.3458173 0.09297615 -0.9336841 -0.4385276 0.1175031 -0.8910031 -0.5258008 0.1412054 -0.8388054 -0.6077596 0.1625341 -0.7773101 -0.5260999 0.140968 -0.8386578 -0.6827986 0.1832754 -0.7072455 -0.7506173 0.2008097 -0.6294832 -0.683034 0.1830183 -0.7070848 -0.8099429 0.2173454 -0.5447508 -0.8606761 0.2302971 -0.4540924 -0.8100876 0.2170623 -0.5446485 -0.9330699 0.2496932 -0.258909 -0.9016497 0.2419196 -0.3584728 -0.9330155 0.2500006 -0.2588085 -0.9646804 0.258162 -0.052383 -0.953935 0.2559301 -0.1565496 -0.9646053 0.2584651 -0.05227398 0.2556322 0.9540324 -0.1564432 0.2584643 0.9646022 -0.05233341 0.2584643 0.9646022 -0.05233418 0.2556321 0.954032 -0.1564458 0.2170646 0.8100972 -0.5446335 0.2500014 0.9330176 -0.2587999 0.250001 0.9330147 -0.258811 0.2416287 0.9017692 -0.3583685 0.2416281 0.9017653 -0.3583785 0.2306084 0.8606394 -0.454004 0.2306093 0.8606442 -0.4539944 0.2170678 0.8101069 -0.5446177 0.1409686 0.5261023 -0.8386563 0.20114 0.7506656 -0.62932 0.2011386 0.7506591 -0.6293284 0.1830132 0.6830141 -0.7071054 0.183013 0.6830136 -0.7071058 0.1628767 0.6078637 -0.777157 0.1628773 0.6078665 -0.7771547 0.140969 0.5261034 -0.8386555 0.1175008 0.4385191 -0.8910076 0.1175011 0.4385207 -0.8910068 0.09275043 0.3461496 -0.9335833 0.09275048 0.3461499 -0.9335832 0.06698554 0.2499938 -0.9659276 0.06698465 0.24999 -0.9659286 0.04049313 0.1511225 -0.9876853 0.04049336 0.1511233 -0.9876852 0.01354104 0.05053597 -0.9986305 0.0135408 0.05053514 -0.9986305 0.346157 -0.09275245 -0.9335803 0.6078717 -0.1628788 -0.7771502 0.6829995 -0.1830092 -0.7071204 0.8101028 -0.2170664 -0.5446243 0.901771 -0.2416287 -0.3583639 0.9540294 -0.2556313 -0.1564625 0.9646971 -0.2581123 -0.0523228 0.9539306 -0.2559826 -0.1564906 0.9646018 -0.2584642 -0.05234253 0.9330887 -0.2496445 -0.2588881 0.9016298 -0.241968 -0.3584901 0.9330155 -0.2500007 -0.2588085 0.8606518 -0.2302382 -0.4541682 0.8099145 -0.2173911 -0.5447748 0.8606434 -0.2306085 -0.4539964 0.7506269 -0.2007603 -0.6294876 0.6827598 -0.1833177 -0.7072719 0.750653 -0.2011368 -0.6293362 0.5257518 -0.1412442 -0.8388295 0.6077459 -0.1624797 -0.7773321 0.5261151 -0.140972 -0.8386476 0.4383392 -0.1170917 -0.89115 0.3457633 -0.09301245 -0.9337005 0.4385258 -0.1175026 -0.8910041 0.2497706 -0.0665695 -0.9660141 0.1507009 -0.04074102 -0.9877396 0.2499852 -0.06698334 -0.9659299 0.151116 -0.0404914 -0.9876865 0.05053722 -0.0135414 -0.9986304 0.05053675 -0.01354128 -0.9986304 -0.9540293 0.2556315 -0.1564625 -0.9330177 0.2500014 -0.2587997 -0.8606433 0.2306087 -0.4539965 -0.7506876 0.2011461 -0.6292919 -0.6078739 0.1628793 -0.7771484 -0.4384988 0.1174954 -0.8910183 -0.1511262 0.04049414 -0.9876847 -0.05053377 0.01354044 -0.9986306 -0.05053323 0.01354032 -0.9986306 -0.2497727 0.06657016 -0.9660134 -0.1507009 0.04074108 -0.9877395 -0.2500018 0.06698775 -0.9659253 -0.3457674 0.09301352 -0.9336988 -0.4383498 0.1170944 -0.8911445 -0.3461474 0.09274989 -0.9335842 -0.5257778 0.141251 -0.8388121 -0.6077761 0.1624876 -0.7773069 -0.5260848 0.140964 -0.838668 -0.6827232 0.1833083 -0.7073097 -0.7506317 0.2007615 -0.6294815 -0.6830053 0.1830107 -0.7071144 -0.8098828 0.217383 -0.5448251 -0.8606792 0.2302451 -0.454113 -0.8100684 0.2170572 -0.5446791 -0.9016262 0.2419673 -0.3584993 -0.9330893 0.2496449 -0.2588858 -0.901771 0.2416288 -0.3583638 -0.9646936 0.2581119 -0.05238741 -0.9539299 0.2559824 -0.1564951 -0.9646018 0.2584642 -0.05234253 -0.2416285 -0.9017693 -0.3583683 -0.2584646 -0.9646011 -0.05235219 -0.2584643 -0.9646022 -0.05233418 -0.2556321 -0.9540324 -0.1564434 -0.2556322 -0.9540347 -0.1564291 -0.2500007 -0.9330178 -0.2588 -0.2499998 -0.9330105 -0.258827 -0.2416291 -0.9017709 -0.3583638 -0.2170673 -0.8101037 -0.5446226 -0.2306098 -0.8606469 -0.453989 -0.2306093 -0.8606442 -0.4539944 -0.2170656 -0.8100987 -0.5446306 -0.140966 -0.5260946 -0.8386615 -0.2011386 -0.7506571 -0.6293308 -0.2011392 -0.7506597 -0.6293274 -0.1830067 -0.6829888 -0.7071314 -0.1830121 -0.6830129 -0.7071068 -0.1628807 -0.6078811 -0.7771425 -0.1628755 -0.6078584 -0.7771614 -0.1409735 -0.5261192 -0.8386448 -0.1175032 -0.4385299 -0.8910019 -0.1174994 -0.4385136 -0.8910105 -0.09274816 -0.3461409 -0.9335867 -0.09274899 -0.3461444 -0.9335854 -0.06698554 -0.2499938 -0.9659276 -0.06698572 -0.2499943 -0.9659274 -0.04049307 -0.1511225 -0.9876853 -0.04049414 -0.1511262 -0.9876848 -0.0135408 -0.05053502 -0.9986305 -0.01354056 -0.05053424 -0.9986305 0.2584645 0.9646031 -0.05231618 0.2584649 0.9646021 -0.05233412 0.2556326 0.9540318 -0.1564456 0.2556315 0.9540297 -0.15646 0.2500002 0.9330132 -0.2588171 0.2500004 0.9330148 -0.2588112 0.2416271 0.9017655 -0.3583789 0.2416286 0.9017693 -0.358368 0.2306079 0.8606396 -0.4540039 0.23061 0.860651 -0.4539811 0.2170648 0.8100993 -0.5446302 0.2170668 0.8101054 -0.5446203 0.20114 0.7506656 -0.6293202 0.2011405 0.7506677 -0.6293175 0.1830102 0.6830046 -0.7071152 0.1830105 0.6830056 -0.7071141 0.1628764 0.6078639 -0.7771569 0.1628769 0.6078664 -0.7771548 0.1409708 0.5261114 -0.8386501 0.1409704 0.5261102 -0.838651 0.1175025 0.4385265 -0.8910037 0.117501 0.4385203 -0.891007 0.09274899 0.3461444 -0.9335854 0.09274876 0.3461435 -0.9335858 0.06698548 0.2499936 -0.9659277 0.06698566 0.2499943 -0.9659274 0.04049301 0.1511222 -0.9876854 0.04049336 0.1511235 -0.9876852 0.0135408 0.05053508 -0.9986305 0.0135408 0.05053514 -0.9986305 0.3461349 -0.09274655 -0.9335892 0.6078761 -0.16288 -0.7771466 0.682962 -0.1829991 -0.7071593 0.8606469 -0.2306097 -0.4539892 0.9330177 -0.2500013 -0.2587999 0.9540297 -0.2556315 -0.1564604 0.9646837 -0.2581627 -0.0523197 0.953944 -0.2559323 -0.1564915 0.9646017 -0.2584643 -0.05234253 0.9016448 -0.2419184 -0.3584858 0.9330626 -0.2496915 -0.258937 0.901771 -0.2416289 -0.3583638 0.8099079 -0.2173365 -0.5448065 0.8606492 -0.2302903 -0.4541468 0.8101332 -0.2170744 -0.5445759 0.7506389 -0.2008152 -0.6294558 0.6827598 -0.1832652 -0.7072857 0.7506899 -0.2011466 -0.6292891 0.5258248 -0.1412119 -0.8387893 0.6077619 -0.1625349 -0.7773081 0.5261131 -0.1409717 -0.8386489 0.4383909 -0.117155 -0.8911162 0.3457949 -0.09297031 -0.9336929 0.4385292 -0.1175037 -0.8910022 0.2498004 -0.06662601 -0.9660025 0.1507584 -0.04070687 -0.9877322 0.2500018 -0.06698775 -0.9659253 0.1511269 -0.04049432 -0.9876845 0.05053722 -0.0135414 -0.9986304 0.05053609 -0.0135411 -0.9986304 -0.9646017 0.2584643 -0.05234253 -0.9330165 0.250001 -0.2588042 -0.8101028 0.2170663 -0.5446243 -0.6830341 0.1830183 -0.7070847 -0.5261151 0.140972 -0.8386477 -0.3461363 0.09274697 -0.9335886 -0.2499845 0.06698316 -0.9659301 -0.05053269 0.0135402 -0.9986306 -0.05053377 0.01354044 -0.9986306 -0.1507682 0.04070943 -0.9877306 -0.2498177 0.06663054 -0.9659976 -0.151116 0.0404914 -0.9876865 -0.438361 0.117147 -0.891132 -0.3458173 0.09297609 -0.933684 -0.4385276 0.1175031 -0.8910031 -0.6077589 0.1625339 -0.7773106 -0.5257971 0.1412045 -0.8388079 -0.607874 0.1628792 -0.7771483 -0.7506019 0.2008056 -0.6295029 -0.6827954 0.1832745 -0.7072489 -0.7506552 0.2011373 -0.6293334 -0.8606752 0.2302968 -0.4540943 -0.8099099 0.217337 -0.5448032 -0.860645 0.2306092 -0.4539928 -0.9016475 0.2419191 -0.3584789 -0.9330626 0.2496915 -0.258937 -0.901771 0.2416289 -0.3583638 -0.9539454 0.2559326 -0.1564822 -0.9646798 0.2581621 -0.05239397 -0.9540411 0.2556345 -0.1563864 -0.2416283 -0.9017693 -0.3583683 -0.2584637 -0.9646033 -0.05231684 -0.258464 -0.9646022 -0.05233418 -0.2556312 -0.9540301 -0.1564581 -0.2556312 -0.9540295 -0.1564626 -0.2499999 -0.9330132 -0.2588172 -0.2500007 -0.9330191 -0.2587953 -0.2416248 -0.90176 -0.3583942 -0.2170644 -0.8100973 -0.5446333 -0.2306096 -0.8606469 -0.453989 -0.2306116 -0.8606577 -0.4539675 -0.2170625 -0.8100917 -0.5446423 -0.1830132 -0.6830148 -0.7071046 -0.2011396 -0.7506651 -0.6293209 -0.2011401 -0.7506672 -0.6293183 -0.1830102 -0.6830052 -0.7071147 -0.09274715 -0.3461381 -0.9335879 -0.1628798 -0.607876 -0.7771466 -0.1628795 -0.6078746 -0.7771479 -0.1409686 -0.526102 -0.8386564 -0.1409671 -0.5260959 -0.8386604 -0.1175028 -0.4385256 -0.8910042 -0.1175031 -0.4385271 -0.8910034 -0.09275078 -0.3461504 -0.933583 -0.06698662 -0.2499983 -0.9659263 -0.06698465 -0.24999 -0.9659286 -0.04049336 -0.1511234 -0.9876852 -0.04049319 -0.1511225 -0.9876853 -0.0135408 -0.05053502 -0.9986305 -0.01354056 -0.05053424 -0.9986305 0 -0.1014797 -0.9948376 0 -0.1014797 -0.9948376 0 -0.300273 -0.9538533 0 -0.300273 -0.9538533 0 -0.4866913 -0.873574 0 -0.4866913 -0.873574 0 -0.6530573 -0.7573086 0 -0.6530573 -0.7573086 0 -0.792521 -0.6098447 0 -0.792521 -0.6098447 -0.08787882 -0.1491824 -0.9848969 -0.2051681 -0.3277997 -0.9222003 -0.4167228 -0.5330225 -0.7363621 -0.8815659 -0.4343535 -0.1848745 -0.9582077 -0.2711385 -0.09122484 0.3623109 -0.9186587 -0.1574703 0.9947617 -0.02992194 -0.09774386 0.9947818 -0.03651535 -0.09526735 0.9955807 -0.04197734 -0.08400529 0.9969513 -0.03948086 -0.06730002 0.998292 -0.02004051 -0.05487835 0.9984343 -0.02597749 -0.0495404 0.9985292 -0.03834104 -0.03833186 0.9987393 -0.04797506 -0.01476907 0.9984862 -0.0544905 -0.007493793 0.9945645 -0.09960359 -0.03033894 0.9868218 -0.1547893 -0.0471484 0.9878593 -0.1531031 -0.02633589 0.9693924 -0.2306157 -0.08423095 0.9631786 -0.2629308 -0.05616402 0.9520165 -0.2934167 -0.08701223 0.945625 -0.3118367 -0.09247303 0.928749 -0.3587702 -0.09332358 0.9255741 -0.3619118 -0.1110513 0.8829999 -0.4522899 -0.1254794 0.8833485 -0.4513252 -0.1264951 0.8581671 -0.4936872 -0.140791 0.8275159 -0.5399166 -0.1539725 0.8314486 -0.5379283 -0.1390193 0.7929152 -0.58639 -0.1656267 0.7613447 -0.6293457 -0.1558141 0.7549607 -0.6331558 -0.1707278 0.5614793 -0.8122898 -0.1578805 0.6012263 -0.7843989 -0.1524637 0.6039388 -0.7903891 -0.1026794 0.6795502 -0.7047842 -0.2036929 0.4196158 -0.8946542 -0.1533504 0.402406 -0.9102728 -0.09732896 0.4558973 -0.8754978 -0.1601917 0.5153999 -0.8429541 -0.1542446 0.4876429 -0.8718861 -0.04493349 0.5442931 -0.8239213 -0.1577929 0.1823624 -0.9142181 0.3618692 0.1864951 -0.9776853 -0.09670156 0.1394464 -0.9853827 -0.09785455 0.1046409 -0.9836106 0.1468355 0.08550113 -0.9919292 -0.09362679 -0.02704137 -0.9982642 -0.05231833 -0.01983571 -0.9989549 -0.04117834 0 -0.9949544 0.1003281 0.01051151 -0.9996172 0.02559417 0.03810566 -0.9948487 -0.0939359 -0.9986215 -0.05109572 -0.01202088 -0.9985276 -0.05225509 -0.01456469 -0.9867739 -0.1560989 -0.04370921 -0.9875925 -0.1524406 -0.03772181 -0.9943715 -0.1028492 -0.0254451 -0.939737 -0.3240486 -0.1090266 -0.9289692 -0.3508241 -0.1180626 -0.9294275 -0.3474231 -0.1243449 -0.8535823 -0.4752801 -0.2133216 -0.8227164 -0.4650853 -0.3268538 -0.8244211 -0.5104255 -0.2445312 -0.7945393 -0.547474 -0.2626398 -0.7573388 -0.5772123 -0.3053912 -0.7519473 -0.5684449 -0.3338347 -0.7171885 -0.5999204 -0.3545928 -0.6862967 -0.5954982 -0.4175869 -0.6789812 -0.6169261 -0.3979784 -0.6018449 -0.6048353 -0.5214952 -0.5861279 -0.6331588 -0.5055334 -0.416176 -0.5481572 -0.72548 0.02704071 -0.05231744 -0.9982644 -0.003203034 -0.005547523 -0.9999795 0 -0.01108026 -0.9999387 -0.0571767 -0.09887814 -0.9934556 -0.05769139 -0.09888607 -0.993425 -0.9867908 -0.161778 -0.008478283 -0.9985292 -0.05414164 -0.002837359 -0.9985292 -0.05414158 -0.002837419 -0.9873924 -0.1582142 -0.004943966 -0.9773215 -0.2114707 -0.01108229 -0.9634574 -0.2674947 -0.01401829 -0.9649516 -0.2622988 -0.008223176 -0.9492687 -0.3140352 -0.01645815 -0.9288014 -0.3700701 -0.01939487 -0.9315668 -0.3634079 -0.01086634 -0.9103899 -0.4131845 -0.02165573 -0.8832437 -0.4682715 -0.02454292 -0.8876307 -0.4603809 -0.01269567 -0.8611764 -0.5076097 -0.02660161 -0.8273299 -0.5609467 -0.02939677 -0.833644 -0.5521367 -0.01352077 -0.8022038 -0.5962322 -0.03124445 -0.7617261 -0.6470114 -0.03390544 -0.7702131 -0.6376509 -0.01315277 -0.7341736 -0.6780311 -0.03553771 -0.687204 -0.7254688 -0.03802412 -0.698066 -0.7159435 -0.01134294 -0.6578285 -0.7521354 -0.03942221 -0.6046458 -0.7954027 -0.04168999 -0.6180076 -0.7861322 -0.007918596 -0.574042 -0.8177039 -0.0428515 -0.5150368 -0.8559935 -0.04485803 -0.5309317 -0.8474099 -0.002852499 -0.4837849 -0.8739873 -0.04580676 -0.4194144 -0.9065507 -0.04751342 -0.4378234 -0.8990531 0.003746628 -0.3880645 -0.9203689 -0.04823976 -0.318909 -0.9464861 -0.04960864 -0.3397305 -0.940454 0.01137709 -0.2879844 -0.9563224 -0.05012494 -0.2146892 -0.9753436 -0.05112195 -0.2377949 -0.9711242 0.01926958 -0.1846507 -0.9814576 -0.05143159 -0.1079726 -0.9927917 -0.05202555 -0.1331583 -0.9907475 0.02623492 -0.07925289 -0.9954883 -0.05217283 0.1079724 -0.05204254 -0.9927908 0.1331611 0.02622574 -0.9907473 0.07926315 -0.05217188 -0.9954876 0.3094142 -0.9428745 -0.1234928 0.3189415 -0.9357708 -0.1503643 0.2649501 -0.9520487 -0.152986 0.2145255 -0.9666593 -0.1398162 0.2097162 -0.9657139 -0.1530222 0.1079762 -0.9819138 -0.1555198 0.107974 -0.981913 -0.1555265 0 -0.9876874 -0.1564411 0 -0.9876874 -0.1564411 -0.1079763 -0.9819128 -0.1555265 -0.1079732 -0.9819145 -0.1555174 -0.2146881 -0.9646584 -0.1527844 -0.2146887 -0.964658 -0.1527861 -0.3189085 -0.9361168 -0.1482656 -0.3189086 -0.9361168 -0.148266 -0.419414 -0.8966187 -0.1420101 -0.4194141 -0.8966185 -0.1420105 -0.5150341 -0.8466165 -0.134091 -0.5150367 -0.846614 -0.1340971 -0.6046494 -0.7866846 -0.1246048 -0.6046458 -0.7866887 -0.1245967 -0.6872036 -0.7175213 -0.1136419 -0.6872038 -0.717521 -0.1136423 -0.7617244 -0.6399248 -0.1013525 -0.7617262 -0.6399219 -0.1013564 -0.8273289 -0.5548018 -0.08787429 -0.8273298 -0.5548002 -0.0878762 -0.8832451 -0.4631379 -0.07335758 -0.8832437 -0.4631411 -0.07335448 -0.9288018 -0.3660144 -0.05797106 -0.9288013 -0.3660158 -0.05796992 -0.9634572 -0.2645646 -0.041902 -0.9634574 -0.2645641 -0.0419023 -0.9867908 -0.1600058 -0.0253421 -0.9867908 -0.1600054 -0.02534234 -0.9985292 -0.05354827 -0.008481204 -0.9985293 -0.05354845 -0.008481085 0.3189137 -0.04958015 -0.9464861 0.3397364 0.01141035 -0.9404515 0.2879768 -0.05010896 -0.9563255 0.2146893 -0.05110549 -0.9753444 0.2377761 0.01922732 -0.9711297 0.1846506 -0.0514484 -0.9814566 0.515033 -0.04486715 -0.8559953 0.5309333 -0.002848148 -0.8474089 0.483797 -0.0457943 -0.8739813 0.4194093 -0.04750096 -0.9065536 0.4378234 0.003772974 -0.8990531 0.3880649 -0.04821211 -0.9203701 0.721185 -0.6688555 -0.1803451 0.6867982 -0.7053878 -0.1753174 0.6799914 -0.7082362 -0.1897716 0.6046455 -0.7693548 -0.2061483 0.6046491 -0.7693543 -0.2061391 0.515037 -0.8279631 -0.2218425 0.5150345 -0.8279629 -0.2218488 0.4194132 -0.876864 -0.2349516 0.4194138 -0.8768641 -0.2349499 0.3189115 -0.9154909 -0.2452997 0.3189088 -0.9154897 -0.2453073 0.2146908 -0.9434018 -0.2527864 0.2146878 -0.9434002 -0.252795 0.107969 -0.9602763 -0.2573171 0.107976 -0.9602811 -0.2572962 0 -0.9659285 -0.2588093 0 -0.9659285 -0.2588093 -0.1079689 -0.9602819 -0.2572964 -0.1079759 -0.9602755 -0.257317 -0.2146908 -0.9433995 -0.2527948 -0.2146878 -0.9434024 -0.2527866 -0.3189117 -0.9154888 -0.245307 -0.3189089 -0.9154917 -0.2452999 -0.4194132 -0.8768644 -0.23495 -0.4194138 -0.8768637 -0.2349516 -0.515037 -0.8279614 -0.2218484 -0.5150347 -0.8279643 -0.221843 -0.6046453 -0.7693572 -0.2061399 -0.6046489 -0.7693522 -0.2061477 -0.6872045 -0.7017103 -0.188023 -0.687204 -0.7017109 -0.1880221 -0.7617235 -0.6258258 -0.1676889 -0.7617241 -0.6258246 -0.1676902 -0.8273305 -0.5425754 -0.1453835 -0.8273287 -0.5425787 -0.1453803 -0.8832446 -0.4529354 -0.121361 -0.8832452 -0.4529339 -0.1213621 -0.9288014 -0.3579511 -0.0959118 -0.9288017 -0.35795 -0.09591257 -0.9581579 -0.2764867 -0.07408452 -0.9632288 -0.256203 -0.0809341 -0.9730916 -0.2229049 -0.05836153 -0.9777969 -0.2027239 -0.05306857 0.687201 -0.03803056 -0.7254711 0.6980781 -0.0113123 -0.7159323 0.6578198 -0.03940659 -0.7521438 0.6046524 -0.04167282 -0.7953985 0.6180054 -0.007924139 -0.7861339 0.5740365 -0.04286026 -0.8177071 0.8273319 -0.02940046 -0.5609436 0.8336462 -0.01352381 -0.5521333 0.8021934 -0.03125458 -0.5962457 0.7617239 -0.03391581 -0.6470134 0.7702239 -0.01313173 -0.6376386 0.7341377 -0.0355457 -0.6780696 0.9288014 -0.0193969 -0.3700699 0.9315668 -0.01086866 -0.3634079 0.9103971 -0.02165478 -0.4131683 0.8832437 -0.0245428 -0.4682715 0.8876307 -0.01269561 -0.4603809 0.8611674 -0.02660584 -0.5076247 0.9873923 -0.004944026 -0.1582152 0.9773254 -0.01108014 -0.211453 0.9634578 -0.01401668 -0.2674934 0.9649517 -0.008223116 -0.2622988 0.949263 -0.01646077 -0.3140522 0.9989199 -0.01064038 -0.04523193 0.9984781 -0.02153742 -0.05077052 0.9958643 -0.02351421 -0.08775663 0.9867908 -0.04192835 -0.1564794 0.9867906 -0.04192745 -0.1564813 0.9634568 -0.0693258 -0.2587372 0.9634578 -0.06932824 -0.2587329 0.9288018 -0.09591352 -0.3579493 0.9288011 -0.09591192 -0.3579517 0.8832449 -0.1213623 -0.4529345 0.883245 -0.1213625 -0.4529343 0.8273276 -0.1453828 -0.54258 0.8273283 -0.1453843 -0.5425783 0.7617247 -0.16769 -0.6258239 0.7617266 -0.1676934 -0.6258208 0.687206 -0.1880279 -0.7017075 0.6872029 -0.1880216 -0.7017123 0.6046454 -0.2061462 -0.7693553 0.6046512 -0.2061585 -0.7693476 0.5150341 -0.2218644 -0.827959 0.5150321 -0.2218597 -0.8279614 0.4194136 -0.2349627 -0.8768607 0.4194134 -0.2349624 -0.8768609 0.3189137 -0.2453125 -0.9154866 0.3189064 -0.2452933 -0.9154943 0.214688 -0.2527719 -0.9434062 0.2146961 -0.2527945 -0.9433984 0.1079759 -0.257317 -0.9602755 0.1079704 -0.2573007 -0.9602806 0 -0.2588137 -0.9659273 0 -0.2588137 -0.9659273 -0.08814245 -0.2578064 -0.9621677 -0.1076772 -0.2202898 -0.9694731 -0.1706849 -0.2868463 -0.9426483 -0.1731219 -0.2867625 -0.9422293 0.9947247 -0.03676146 -0.09576743 0.9867907 -0.05805557 -0.151241 0.9867909 -0.05805635 -0.1512389 0.9634577 -0.09599429 -0.2500686 0.9634574 -0.09599363 -0.2500701 0.9288011 -0.1328043 -0.3459646 0.9288004 -0.1328029 -0.3459672 0.8832451 -0.1680414 -0.4377675 0.8832448 -0.1680409 -0.4377682 0.8273285 -0.2012991 -0.5244104 0.8273291 -0.2013002 -0.5244091 0.7617263 -0.2321846 -0.6048665 0.7617262 -0.2321845 -0.6048666 0.6872029 -0.26034 -0.6782148 0.6872054 -0.2603447 -0.6782104 0.604651 -0.2854406 -0.7435865 0.6046454 -0.2854296 -0.7435952 0.5150321 -0.3071734 -0.8002415 0.5150343 -0.3071779 -0.8002384 0.4194133 -0.3253204 -0.8475017 0.4194175 -0.32533 -0.847496 0.318907 -0.3396623 -0.8848321 0.3189103 -0.3396705 -0.8848279 0.214695 -0.3500264 -0.9118046 0.2146874 -0.3500059 -0.9118143 0.1079707 -0.3562669 -0.9281252 0.1079764 -0.356283 -0.9281183 0 -0.3583782 -0.9335765 0 -0.3583782 -0.9335765 -0.1079707 -0.3562832 -0.9281188 -0.1079764 -0.3562666 -0.9281245 -0.1739054 -0.3529013 -0.9193572 -0.2036459 -0.3323093 -0.9209228 0.9949443 -0.04559314 -0.08948123 0.9867909 -0.0735464 -0.1443423 0.9867908 -0.0735464 -0.1443424 0.9634574 -0.121607 -0.2386663 0.9634571 -0.1216065 -0.2386676 0.9288004 -0.1682392 -0.3301899 0.9288011 -0.1682402 -0.3301876 0.8832448 -0.2128829 -0.4178031 0.8832441 -0.2128819 -0.417805 0.8273292 -0.255014 -0.5004941 0.8273313 -0.2550171 -0.5004891 0.761726 -0.2941448 -0.5772801 0.7617219 -0.2941385 -0.5772886 0.6872054 -0.3298031 -0.6472855 0.6872082 -0.3298076 -0.6472803 0.6046456 -0.3616027 -0.7096812 0.6046448 -0.3616014 -0.7096824 0.5150342 -0.3891469 -0.7637437 0.5150357 -0.3891499 -0.7637411 0.4194172 -0.4121333 -0.8088482 0.4194154 -0.4121294 -0.8088511 0.3189101 -0.4302846 -0.844483 0.31891 -0.4302842 -0.8444833 0.2146874 -0.4434034 -0.8702313 0.2146864 -0.443401 -0.8702329 0.1079761 -0.4513323 -0.8857993 0.1079774 -0.4513357 -0.8857974 0 -0.4539901 -0.8910068 0 -0.4539901 -0.8910068 -0.1079761 -0.4513357 -0.8857975 -0.1079774 -0.4513323 -0.8857992 -0.2074078 -0.4441144 -0.8716331 -0.2144456 -0.4268222 -0.8785419 -0.285077 -0.4473788 -0.8476929 -0.2927307 -0.4465726 -0.8455067 0.9957745 -0.05001503 -0.07701706 0.9867909 -0.08823072 -0.1358644 0.986791 -0.08823078 -0.1358639 0.9634572 -0.145888 -0.2246485 0.9634569 -0.1458878 -0.2246496 0.9288011 -0.2018302 -0.3107942 0.9288024 -0.2018316 -0.3107897 0.883244 -0.2553908 -0.3932626 0.883244 -0.2553908 -0.3932626 0.827331 -0.3059343 -0.4710919 0.827329 -0.3059319 -0.471097 0.7617222 -0.352872 -0.543379 0.7617248 -0.3528754 -0.543373 0.6872078 -0.3956629 -0.609259 0.6872069 -0.3956618 -0.6092606 0.6046451 -0.4338048 -0.6679952 0.6046457 -0.4338057 -0.6679942 0.5150353 -0.4668516 -0.7188798 0.5150346 -0.4668505 -0.7188811 0.4194152 -0.494423 -0.7613388 0.419417 -0.4944266 -0.7613354 0.3189098 -0.5162078 -0.7948749 0.3189024 -0.5161917 -0.7948883 0.2146869 -0.5319288 -0.8191222 0.2146924 -0.5319416 -0.8191124 0.1079773 -0.5414574 -0.8337655 0.1079714 -0.5414426 -0.8337758 0 -0.5446265 -0.8386788 0 -0.5446265 -0.8386788 -0.1079774 -0.5414422 -0.8337752 -0.1079715 -0.5414577 -0.833766 -0.2146868 -0.5319423 -0.8191135 -0.2146922 -0.5319283 -0.8191213 -0.2965335 -0.520132 -0.8009561 -0.3181448 -0.4863876 -0.8137634 -0.3679363 -0.5357907 -0.7599679 -0.3799788 -0.5340741 -0.7552356 0.9970706 -0.04813456 -0.05944079 0.986791 -0.1019498 -0.1258966 0.9867908 -0.1019498 -0.1258975 0.963457 -0.1685717 -0.2081687 0.9634572 -0.1685719 -0.2081671 0.9288023 -0.2332121 -0.2879904 0.9288007 -0.233211 -0.2879967 0.883244 -0.2950937 -0.3644168 0.8832458 -0.295095 -0.3644115 0.8273291 -0.3535006 -0.4365363 0.8273298 -0.3535013 -0.4365344 0.7617245 -0.4077392 -0.5035121 0.7617235 -0.4077381 -0.5035147 0.687207 -0.4571771 -0.5645669 0.6872056 -0.4571754 -0.5645699 0.6046458 -0.5012474 -0.6189948 0.6046456 -0.5012471 -0.6189952 0.5150345 -0.5394307 -0.6661486 0.515037 -0.5394346 -0.6661436 0.4194166 -0.5712946 -0.7054873 0.4194161 -0.5712939 -0.705488 0.3189029 -0.5964626 -0.7365686 0.3189043 -0.5964653 -0.7365659 0.2146922 -0.6146495 -0.7590213 0.2146881 -0.6146405 -0.7590297 0.1079717 -0.6256354 -0.7726075 0.1079726 -0.6256374 -0.7726059 0 -0.6293165 -0.7771492 0 -0.6293165 -0.7771492 -0.1079717 -0.6256375 -0.7726059 -0.1079725 -0.6256354 -0.7726075 -0.2146924 -0.6146399 -0.759029 -0.2146882 -0.61465 -0.7590219 -0.3189028 -0.5964656 -0.7365663 -0.3189042 -0.5964623 -0.7365683 -0.3831557 -0.5812936 -0.7178367 -0.4103621 -0.5609484 -0.7189854 0.9985297 -0.03833019 -0.03833073 0.9867908 -0.1145503 -0.1145519 0.986791 -0.1145502 -0.1145502 0.9634573 -0.1894071 -0.189407 0.963457 -0.189407 -0.1894086 0.9288007 -0.2620382 -0.2620404 0.9288013 -0.2620384 -0.2620384 0.8832457 -0.3315698 -0.3315698 0.8832457 -0.3315697 -0.3315697 0.8273299 -0.3971935 -0.3971935 0.8273285 -0.3971926 -0.3971972 0.7617235 -0.4581334 -0.4581387 0.7617232 -0.4581333 -0.4581392 0.6872057 -0.5136835 -0.5136902 0.6872077 -0.5136855 -0.5136855 0.6046458 -0.5632067 -0.5632067 0.604643 -0.5632035 -0.5632128 0.515037 -0.6061043 -0.6061143 0.5150398 -0.6061081 -0.6061081 0.419416 -0.6419074 -0.6419074 0.4194125 -0.6419019 -0.6419152 0.3189048 -0.6701795 -0.6701934 0.3189121 -0.6701923 -0.6701771 0.214688 -0.6906268 -0.6906112 0.2146922 -0.690635 -0.6906015 0.1079727 -0.7029899 -0.7029559 0.1079689 -0.7029821 -0.7029645 0 -0.7071157 -0.707098 0 -0.7071157 -0.707098 -0.1079728 -0.7029817 -0.7029641 -0.1079689 -0.7029902 -0.7029562 -0.2146878 -0.6906358 -0.6906022 -0.2146921 -0.6906262 -0.6906105 -0.3189045 -0.6701942 -0.6701789 -0.3189118 -0.6701778 -0.6701917 -0.4189748 -0.6420449 -0.6420581 -0.4193901 -0.6411242 -0.6427065 -0.4880111 -0.6181724 -0.6162046 -0.5101631 -0.6092833 -0.6070482 0.9867905 -0.008478283 -0.1617789 0.9985292 -0.002837359 -0.05414164 0.9985292 -0.002837359 -0.05414158 -0.08709096 -0.1558467 -0.9839344 0 -0.1564411 -0.9876874 0 -0.1564411 -0.9876874 0.1079763 -0.1555265 -0.9819128 0.1079724 -0.1555148 -0.981915 0.2146881 -0.1527818 -0.9646589 0.2146896 -0.152786 -0.9646579 0.3189136 -0.1482654 -0.9361152 0.3189137 -0.1482657 -0.936115 0.419414 -0.1420101 -0.8966187 0.4194097 -0.1419991 -0.8966224 0.5150338 -0.1340799 -0.8466184 0.5150336 -0.1340793 -0.8466187 0.6046454 -0.1245885 -0.7866903 0.6046522 -0.1246039 -0.7866826 0.6872063 -0.1136488 -0.7175176 0.687201 -0.1136372 -0.7175245 0.7617245 -0.1013475 -0.6399253 0.7617241 -0.1013465 -0.639926 0.8273272 -0.08786576 -0.5548055 0.8273317 -0.08787512 -0.5547976 0.8832449 -0.0733571 -0.4631384 0.8832437 -0.07335448 -0.4631411 0.928802 -0.057971 -0.3660141 0.9288013 -0.05796957 -0.3660158 0.9634568 -0.041902 -0.2645663 0.9634578 -0.04190504 -0.2645621 0.9867909 -0.02534371 -0.1600044 0.9867905 -0.02534252 -0.1600064 0.9985292 -0.008481204 -0.05354857 0.9985293 -0.008481323 -0.05354845 -0.5732825 -0.6401316 -0.5114476 -0.5148375 -0.6612197 -0.5456474 -0.5115477 -0.6677654 -0.540748 -0.4194098 -0.7054897 -0.5712965 -0.4194126 -0.705484 -0.5713015 -0.3189172 -0.7365594 -0.5964663 -0.3189121 -0.7365699 -0.5964562 -0.2146812 -0.7590294 -0.6146433 -0.2146919 -0.7590076 -0.6146664 -0.1079795 -0.772585 -0.6256619 -0.107969 -0.7726061 -0.6256377 0 -0.7771492 -0.6293165 0 -0.7771492 -0.6293165 0.1079797 -0.7726052 -0.625637 0.1079692 -0.7725859 -0.6256626 0.2146809 -0.7590095 -0.614668 0.2146915 -0.7590276 -0.6146419 0.3189175 -0.7365684 -0.596455 0.3189123 -0.7365607 -0.5964673 0.4194098 -0.7054851 -0.5713023 0.4194124 -0.7054888 -0.5712957 0.5150371 -0.6661436 -0.5394345 0.5150395 -0.6661463 -0.5394288 0.6046457 -0.6189951 -0.5012471 0.6046435 -0.6189929 -0.5012525 0.6872032 -0.5645687 -0.4571806 0.6872074 -0.5645719 -0.4571704 0.7617278 -0.5035154 -0.407729 0.7617235 -0.503513 -0.4077399 0.8273279 -0.4365366 -0.3535031 0.8273286 -0.4365368 -0.353501 0.8832458 -0.3644116 -0.2950952 0.8832457 -0.3644115 -0.2950956 0.9288017 -0.2879922 -0.2332122 0.9288013 -0.2879923 -0.2332136 0.9634564 -0.2081695 -0.1685738 0.963457 -0.2081692 -0.1685709 0.9867909 -0.1258974 -0.101949 0.986791 -0.1258972 -0.1019482 0.9985293 -0.04213392 -0.03411895 0.9985292 -0.04213404 -0.0341193 -0.6589623 -0.6318814 -0.4080377 -0.6046026 -0.6670771 -0.4352744 -0.6038822 -0.668484 -0.4341144 -0.5150365 -0.7188838 -0.4668441 -0.5150367 -0.7188833 -0.4668446 -0.4194128 -0.7613433 -0.4944182 -0.4194101 -0.7613482 -0.4944128 -0.3189101 -0.7948853 -0.5161917 -0.3189169 -0.7948727 -0.5162066 -0.2146883 -0.8191101 -0.5319469 -0.2146816 -0.8191221 -0.5319311 -0.1079726 -0.8337736 -0.5414457 -0.1079794 -0.8337618 -0.5414626 0 -0.8386654 -0.544647 0 -0.8386654 -0.544647 0.1079725 -0.8337624 -0.541463 0.1079792 -0.833773 -0.5414453 0.2146885 -0.8191208 -0.5319303 0.2146819 -0.8191114 -0.5319476 0.3189098 -0.7948748 -0.5162079 0.3189167 -0.7948834 -0.5161904 0.4194129 -0.7613471 -0.4944121 0.4194102 -0.7613442 -0.4944188 0.5150365 -0.7188835 -0.4668447 0.5150367 -0.7188837 -0.466844 0.6046475 -0.6679973 -0.4337984 0.6046456 -0.6679961 -0.4338029 0.6872044 -0.6092637 -0.3956615 0.6872037 -0.6092633 -0.3956634 0.7617241 -0.5433747 -0.3528745 0.7617272 -0.5433756 -0.3528664 0.8273296 -0.4710975 -0.3059293 0.827328 -0.4710975 -0.3059338 0.8832458 -0.3932613 -0.2553865 0.8832457 -0.3932613 -0.255387 0.9288011 -0.3107935 -0.2018316 0.9288017 -0.3107931 -0.2018295 0.9634573 -0.2246486 -0.1458871 0.9634565 -0.2246494 -0.145891 0.9867907 -0.1358643 -0.08823245 0.9867908 -0.1358639 -0.08823114 0.9985292 -0.0454694 -0.0295282 0.9985292 -0.04546934 -0.02952814 -0.761724 -0.5772842 -0.2941422 -0.6872053 -0.647283 -0.3298085 -0.687204 -0.6472854 -0.3298065 -0.6046456 -0.7096828 -0.3615994 -0.6046481 -0.7096783 -0.3616039 -0.5150398 -0.7637387 -0.3891493 -0.5150356 -0.7637459 -0.389141 -0.4194089 -0.8088564 -0.4121255 -0.4194134 -0.8088492 -0.4121351 -0.3189124 -0.8444794 -0.4302899 -0.31891 -0.8444833 -0.4302842 -0.2146874 -0.8702313 -0.4434034 -0.2146888 -0.8702291 -0.4434072 -0.1079736 -0.8857961 -0.4513391 -0.1079723 -0.885798 -0.4513356 0 -0.8910069 -0.4539897 0 -0.8910069 -0.4539897 0.1079736 -0.8857979 -0.4513356 0.1079724 -0.8857963 -0.4513391 0.2146874 -0.8702295 -0.4434073 0.2146888 -0.8702311 -0.4434033 0.3189125 -0.8444825 -0.4302839 0.3189101 -0.8444802 -0.4302903 0.4194087 -0.8088511 -0.4121361 0.4194131 -0.8088546 -0.4121246 0.51504 -0.7637434 -0.3891397 0.5150358 -0.7637408 -0.3891505 0.6046454 -0.7096802 -0.3616048 0.6046479 -0.7096812 -0.3615986 0.6872053 -0.6472843 -0.3298059 0.6872041 -0.647284 -0.329809 0.761724 -0.5772842 -0.2941422 0.7617242 -0.5772841 -0.2941416 0.8273292 -0.5004937 -0.2550148 0.8273295 -0.5004936 -0.2550138 0.8832449 -0.4178038 -0.2128813 0.8832458 -0.4178034 -0.2128784 0.9288018 -0.3301873 -0.1682364 0.928801 -0.330188 -0.1682394 0.9634572 -0.238667 -0.121607 0.9634573 -0.2386668 -0.1216065 0.9867909 -0.1443425 -0.07354599 0.9867908 -0.1443429 -0.07354712 0.9985292 -0.04830664 -0.02461367 0.9985293 -0.0483067 -0.02461379 -0.9080589 -0.3943225 -0.1412054 -0.8833288 -0.4391248 -0.1640108 -0.884332 -0.4358494 -0.1673091 -0.8273306 -0.5244055 -0.201303 -0.827329 -0.5244092 -0.2013002 -0.7617232 -0.6048699 -0.2321859 -0.7617241 -0.6048682 -0.2321874 -0.687205 -0.6782121 -0.2603415 -0.6872053 -0.6782114 -0.2603421 -0.604645 -0.7435917 -0.2854394 -0.6046457 -0.7435907 -0.2854408 -0.5150372 -0.800234 -0.3071844 -0.51504 -0.8002299 -0.3071903 -0.419413 -0.8474963 -0.3253349 -0.4194095 -0.847501 -0.3253268 -0.3189119 -0.8848323 -0.339657 -0.3189119 -0.8848323 -0.339657 -0.2146901 -0.9118108 -0.3500131 -0.2146874 -0.9118143 -0.3500059 -0.1079687 -0.9281253 -0.356267 -0.1079732 -0.92812 -0.3562796 0 -0.9335779 -0.3583747 0 -0.9335779 -0.3583747 0.1079686 -0.9281204 -0.3562797 0.1079731 -0.9281249 -0.3562668 0.2146902 -0.9118137 -0.3500056 0.2146875 -0.9118114 -0.3500133 0.3189119 -0.8848323 -0.339657 0.3189119 -0.8848323 -0.339657 0.4194132 -0.8474995 -0.3253262 0.4194098 -0.8474977 -0.3253354 0.5150371 -0.8002316 -0.307191 0.5150399 -0.8002325 -0.3071838 0.604645 -0.7435913 -0.285441 0.6046457 -0.7435913 -0.2854393 0.687205 -0.6782118 -0.2603422 0.6872053 -0.6782118 -0.2603414 0.7617231 -0.6048692 -0.2321877 0.7617239 -0.604869 -0.2321856 0.8273308 -0.5244067 -0.2012992 0.8273292 -0.5244076 -0.2013037 0.8832445 -0.4377671 -0.1680451 0.8832449 -0.4377668 -0.1680441 0.9288014 -0.3459639 -0.132804 0.9288018 -0.3459634 -0.1328025 0.9634572 -0.250071 -0.09599298 0.9634571 -0.2500712 -0.09599334 0.9867907 -0.1512401 -0.05805563 0.986791 -0.1512396 -0.0580548 0.9985292 -0.05061495 -0.01942902 0.9985293 -0.05061501 -0.01942908 0 -0.7071068 0.7071068 0 -0.7071068 0.7071068 0 0.05231785 0.9986305 2.07265e-5 0.4539914 0.8910061 -9.48286e-6 0.4397355 0.8981273 1.07066e-5 0.3583207 0.9335985 0 0.3537052 0.935357 0 0.2588143 0.9659271 1.97775e-6 0.2596127 0.9657127 -1.7078e-6 0.1564523 0.9876856 0 0.1571477 0.9875751 0 0.05231785 0.9986305 2.76448e-4 0.7803106 0.6253921 2.81329e-5 0.718264 0.6957707 0 0.6769346 0.7360432 -1.75523e-7 0.6293109 0.7771537 1.15014e-6 0.6297388 0.776807 -1.05784e-6 0.5446649 0.8386538 0 0.5450311 0.8384158 0 0.4903822 0.8715075 2.82306e-4 0.8937561 0.4485533 -2.51806e-4 0.7071068 0.7071068 0 0.777145 0.6293216 0 0.8166933 0.5770722 3.59698e-5 0.8491915 0.5280849 2.72868e-4 0.9669567 0.25494 -2.52419e-4 0.8386647 0.544648 1.39107e-7 0.8910135 0.4539769 0 0.9170601 0.398749 2.31275e-5 0.9381601 0.346202 2.44984e-4 0.9985316 0.05417114 -2.53885e-4 0.9876882 0.156435 0 0.9986296 0.05233556 -2.53276e-4 0.9335806 0.3583673 0 0.965927 0.2588143 0 0.9785061 0.2062178 4.76539e-6 0.9877316 0.1561614 0.7071068 0 -0.7071068 0.7071068 0 -0.7071068 0.7253112 0.6884212 0 0.6790445 0.734097 4.31068e-4 0.7071068 0.7071068 -2.18574e-4 0.6293216 0.777145 1.30946e-4 0.7771885 0.6292678 0 0.7771885 0.6292678 0 0.8386538 0.544665 0 0.8386538 0.544665 0 0.8910061 0.4539914 0 0.8910061 0.4539914 0 0.9335508 0.3584448 0 0.9335509 0.3584448 0 0.9659271 0.2588143 0 0.9659271 0.2588143 0 0.9877075 0.1563134 0 0.9877075 0.1563134 0 0.9986268 0.05238884 0 0.9986268 0.05238884 0 0.6191073 0.7853064 0 0.5446481 0.8386647 0 0.544648 0.8386647 0 0.4539769 0.8910134 0 0.4539769 0.8910134 0 0.3583673 0.9335806 0 0.3583673 0.9335807 0 0.2588143 0.9659271 0 0.2588143 0.9659271 0 0.156435 0.9876882 0 0.156435 0.9876883 0 0.05233371 0.9986296 0 0.05233371 0.9986297 0 0 -0.4879515 -0.8728707 0 -0.4879515 -0.8728707 0 -0.5800676 -0.8145683 0 -0.5800676 -0.8145683 0 -0.6653409 -0.7465397 0 -0.6653409 -0.7465397 0 -0.742727 -0.6695944 0 -0.742727 -0.6695944 0 -0.8112899 -0.5846441 0 -0.8112899 -0.5846441 0 -0.8701907 -0.492715 0 -0.8701907 -0.492715 0 -0.9187269 -0.3948937 0 -0.9187269 -0.3948937 0 -0.9563084 -0.2923598 0 -0.9563084 -0.2923598 0 -0.9824867 -0.1863327 0 -0.9824867 -0.1863327 0 -0.9969471 -0.07808071 0 -0.9969471 -0.07808071 0 -0.9995161 0.03110414 0 -0.9995161 0.03110414 0 -0.9901635 0.1399154 0 -0.9901635 0.1399154 0 -0.9690008 0.2470577 0 -0.9690008 0.2470577 0 -0.936282 0.3512493 0 -0.936282 0.3512493 0 -0.8923995 0.4512462 0 -0.8923995 0.4512462 0 -0.8378816 0.545852 0 -0.8378816 0.545852 0 -0.7733848 0.6339368 0 -0.7733848 0.6339368 0 -0.699689 0.7144475 0 -0.699689 0.7144475 0 -0.6176897 0.786422 0 -0.6176897 0.786422 0 -0.5283865 0.8490039 0 -0.5283865 0.8490039 0 -0.4615415 0.8871186 0 -0.4615415 0.8871186 0 0.07308256 0.9973259 0 0.07308256 0.9973259 0 -0.3302663 0.9438878 0 -0.3302663 0.9438878 0 -0.6789451 0.7341891 0 -0.6789451 0.7341891 0 -0.8933901 0.4492818 0 -0.8933901 0.4492818 0 0.9999793 -0.006428301 0 0.9999793 -0.006428301 0 0.9197672 0.3924645 0 0.9197672 0.3924645 0 0.6872938 0.7263795 0 0.6872938 0.7263795 0 0.3887112 0.9213597 0 0.3887112 0.9213597 0 0.2588159 0.9659267 0 0.2588159 0.9659267 0 -0.9447585 0.3277671 0 -0.9447585 0.3277671 0 -0.8904299 0.4551205 0 -0.8904299 0.4551205 0 -0.841345 0.5404984 0 -0.841345 0.5404984 0 -0.7872303 0.6166592 0 -0.7872303 0.6166592 0 -0.7285548 0.6849876 0 -0.7285548 0.6849876 0 -0.664479 0.7473069 0 -0.664479 0.7473069 0 0.9491099 0.3149452 0 0.9491099 0.3149452 0 0.9734404 0.2289405 0 0.9734404 0.2289405 0 0.9900912 0.1404259 0 0.9900912 0.1404259 0 0.9988753 0.04741394 0 0.9988753 0.04741394 0 0.9986952 -0.051068 0 0.9986952 -0.051068 0 0.9820703 -0.1885153 0 0.9820703 -0.1885153 0 0.3287206 0.9444273 0 0.3287206 0.9444273 0 -0.07472902 0.9972039 0 -0.07472902 0.9972039 0 -0.4657876 0.8848966 0 -0.4657876 0.8848966 0 -0.74667 0.6651947 0 -0.74667 0.6651947 0 0.9642431 -0.2650196 0 0.9642431 -0.2650196 0 0.9900048 0.1410336 0 0.9900048 0.1410336 0 0.8518718 0.5237503 0 0.8518718 0.5237503 0 0.6139299 0.7893605 0 0.6139299 0.7893605 0 0.5000046 0.8660228 0 0.5000046 0.8660228 0 -0.8277314 0.5611245 0 -0.8277314 0.5611245 0 -0.7422908 0.6700779 0 -0.7422908 0.6700779 0 -0.6727852 0.7398379 0 -0.6727852 0.7398379 0 -0.6008015 0.7993981 0 -0.6008015 0.7993981 0 -0.5264413 0.8502115 0 -0.5264413 0.8502115 0 -0.4484209 0.8938226 0 -0.4484209 0.8938226 0 0.9982835 0.0585674 0 0.9982835 0.0585674 0 0.9995253 -0.03080594 0 0.9995253 -0.03080594 0 0.9926997 -0.1206119 0 0.9926997 -0.1206119 0 0.9771109 -0.2127303 0 0.9771109 -0.2127303 0 0.951449 -0.3078064 0 0.951449 -0.3078064 0 0.8998131 -0.4362754 0 0.8998131 -0.4362754 0 0.7568888 0.6535437 0 0.7568888 0.6535437 0 0.4339019 0.9009602 0 0.4339019 0.9009602 0 0.03905266 0.9992371 0 0.03905266 0.9992371 0 -0.3140282 0.9494137 0 -0.3140282 0.9494137 0 0.702539 -0.7116453 0 0.702539 -0.7116453 0 0.9278882 -0.3728584 0 0.9278882 -0.3728584 0 0.9996179 0.02764284 0 0.9996179 0.02764284 0 0.9263576 0.3766451 0 0.9263576 0.3766451 0 0.8660267 0.4999979 0 0.8660267 0.4999979 0 -0.4362705 0.8998156 0 -0.4362705 0.8998156 0 -0.3078064 0.951449 0 -0.3078064 0.951449 0 -0.2127355 0.9771098 0 -0.2127355 0.9771098 0 -0.1206085 0.9927001 0 -0.1206085 0.9927001 0 -0.03080868 0.9995253 0 -0.03080868 0.9995253 0 0.0585674 0.9982835 0 0.0585674 0.9982835 0 0.8938223 -0.4484213 0 0.8938223 -0.4484213 0 0.8502128 -0.5264393 0 0.8502128 -0.5264393 0 0.7993944 -0.6008066 0 0.7993944 -0.6008066 0 0.7398389 -0.6727841 0 0.7398389 -0.6727841 0 0.6700779 -0.7422908 0 0.6700779 -0.7422908 0 0.5611286 -0.8277287 0 0.5611286 -0.8277287 0 0.5619544 0.8271683 0 0.5619544 0.8271683 0 0.1859319 0.9825627 0 0.1859319 0.9825627 0 -0.2208937 0.9752979 0 -0.2208937 0.9752979 0 -0.5490627 0.8357812 0 -0.5490627 0.8357812 0 0.8627958 -0.5055526 0 0.8627958 -0.5055526 0 0.9927743 -0.1199969 0 0.9927743 -0.1199969 0 0.958403 0.2854186 0 0.958403 0.2854186 0 0.7973098 0.6035704 0 0.7973098 0.6035704 0 0.7071068 0.7071068 0 0.7071068 0.7071068 0 -0.6542973 0.7562374 0 -0.6542973 0.7562374 0 -0.5435642 0.8393675 0 -0.5435642 0.8393675 0 -0.4583797 0.8887565 0 -0.4583797 0.8887565 0 -0.3734315 0.9276578 0 -0.3734315 0.9276578 0 -0.2884536 0.9574939 0 -0.2884536 0.9574939 0 -0.2018055 0.9794256 0 -0.2018055 0.9794256 0 0.9794259 -0.2018041 0 0.9794259 -0.2018041 0 0.9574943 -0.2884523 0 0.9574943 -0.2884523 0 0.9276582 -0.3734305 0 0.9276582 -0.3734305 0 0.8887574 -0.458378 0 0.8887574 -0.458378 0 0.8393637 -0.5435702 0 0.8393637 -0.5435702 0 0.7562347 -0.6543006 0 0.7562347 -0.6543006 0 -0.1875301 0.9822589 0 -0.1875301 0.9822589 0 -0.5633082 0.8262469 0 -0.5633082 0.8262469 0 -0.8458337 0.5334466 0 -0.8458337 0.5334466 0 -0.9792335 0.2027357 0 -0.9792335 0.2027357 0 0.9675678 0.2526115 0 0.9675678 0.2526115 0 0.7868479 0.617147 0 0.7868479 0.617147 0 0.4758866 0.8795066 0 0.4758866 0.8795066 0 0.1369845 0.9905732 0 0.1369845 0.9905732 0 0 1 0 0 1 0 -0.9973988 0.07208138 0 -0.9973988 0.07208138 0 -0.9778804 0.2091647 0 -0.9778804 0.2091647 0 -0.9525685 0.3043244 0 -0.9525685 0.3043244 0 -0.9200099 0.3918952 0 -0.9200099 0.3918952 0 -0.8810173 0.4730841 0 -0.8810173 0.4730841 0 -0.8352553 0.5498622 0 -0.8352553 0.5498622 0 0.8352553 0.5498622 0 0.8352553 0.5498622 0 0.8810161 0.4730863 0 0.8810161 0.4730863 0 0.9200099 0.3918952 0 0.9200099 0.3918952 0 0.9525686 0.3043242 0 0.9525686 0.3043242 0 0.9778819 0.2091576 0 0.9778819 0.2091576 0 0.9973988 0.07208138 0 0.9973988 0.07208138 0 -0.4353825 0.9002456 0 -0.4353825 0.9002456 0 -0.7579596 0.6523016 0 -0.7579596 0.6523016 0 -0.9550771 0.2963576 0 -0.9550771 0.2963576 0 -0.9983389 -0.0576145 0 -0.9983389 -0.0576145 0 0.869219 0.4944275 0 0.869219 0.4944275 0 0.6003113 0.7997664 0 0.6003113 0.7997664 0 0.2320196 0.9727112 0 0.2320196 0.9727112 0 -0.124051 0.9922759 0 -0.124051 0.9922759 0 -0.2588157 0.9659267 0 -0.2588157 0.9659267 0 -0.9820691 -0.1885211 0 -0.9820691 -0.1885211 0 -0.9986956 -0.05106055 0 -0.9986956 -0.05106055 0 -0.9988753 0.04741394 0 -0.9988753 0.04741394 0 -0.9900912 0.1404259 0 -0.9900912 0.1404259 0 -0.9734404 0.2289405 0 -0.9734404 0.2289405 0 -0.9491099 0.3149452 0 -0.9491099 0.3149452 0 0.664479 0.7473069 0 0.664479 0.7473069 0 0.7285548 0.6849876 0 0.7285548 0.6849876 0 0.7872303 0.6166592 0 0.7872303 0.6166592 0 0.841345 0.5404984 0 0.841345 0.5404984 0 0.8904299 0.4551205 0 0.8904299 0.4551205 0 0.9447585 0.3277671 0 0.9447585 0.3277671 0 -0.827172 0.5619488 0 -0.827172 0.5619488 0 -0.9825628 0.1859312 0 -0.9825628 0.1859312 0 -0.9752981 -0.2208928 0 -0.9752981 -0.2208928 0 -0.835793 -0.5490446 0 -0.835793 -0.5490446 0 0.5055599 0.8627915 0 0.5055599 0.8627915 0 0.120001 0.9927738 0 0.120001 0.9927738 0 -0.2854262 0.9584007 0 -0.2854262 0.9584007 0 -0.6035704 0.7973098 0 -0.6035704 0.7973098 0 -0.7071031 0.7071105 0 -0.7071031 0.7071105 0 -0.7562302 -0.6543058 0 -0.7562302 -0.6543058 0 -0.8393654 -0.5435676 0 -0.8393654 -0.5435676 0 -0.8887565 -0.4583797 0 -0.8887565 -0.4583797 0 -0.9276588 -0.3734289 0 -0.9276588 -0.3734289 0 -0.9574939 -0.2884536 0 -0.9574939 -0.2884536 0 -0.9794264 -0.2018017 0 -0.9794264 -0.2018017 0 0.2018055 0.9794256 0 0.2018055 0.9794256 0 0.2884536 0.9574939 0 0.2884536 0.9574939 0 0.3734315 0.9276578 0 0.3734315 0.9276578 0 0.4583797 0.8887565 0 0.4583797 0.8887565 0 0.5435676 0.8393654 0 0.5435676 0.8393654 0 0.6542928 0.7562413 0 0.6542928 0.7562413 0 -0.6535348 0.7568964 0 -0.6535348 0.7568964 0 -0.9009649 0.4338918 0 -0.9009649 0.4338918 0 -0.9992365 0.03906929 0 -0.9992365 0.03906929 0 -0.9494093 -0.3140415 0 -0.9494093 -0.3140415 0 0.7116494 0.7025348 0 0.7116494 0.7025348 0 0.3728441 0.9278939 0 0.3728441 0.9278939 0 -0.02762621 0.9996183 0 -0.02762621 0.9996183 0 -0.3766413 0.9263592 0 -0.3766413 0.9263592 0 -0.5000038 0.8660232 0 -0.5000038 0.8660232 0 -0.8998131 -0.4362754 0 -0.8998131 -0.4362754 0 -0.951449 -0.3078064 0 -0.951449 -0.3078064 0 -0.9771109 -0.2127303 0 -0.9771109 -0.2127303 0 -0.9926997 -0.1206119 0 -0.9926997 -0.1206119 0 -0.9995253 -0.03080594 0 -0.9995253 -0.03080594 0 -0.9982835 0.0585674 0 -0.9982835 0.0585674 0 0.4484214 0.8938223 0 0.4484214 0.8938223 0 0.5264413 0.8502115 0 0.5264413 0.8502115 0 0.6008043 0.7993962 0 0.6008043 0.7993962 0 0.6727797 0.7398429 0 0.6727797 0.7398429 0 0.7422983 0.6700698 0 0.7422983 0.6700698 0 0.8277287 0.5611286 0 0.8277287 0.5611286 0 -0.9444258 0.3287245 0 -0.9444258 0.3287245 0 -0.9972039 -0.07472872 0 -0.9972039 -0.07472872 0 -0.8848984 -0.4657841 0 -0.8848984 -0.4657841 0 -0.6651854 -0.7466782 0 -0.6651854 -0.7466782 0 0.2650196 0.9642431 0 0.2650196 0.9642431 0 -0.1410418 0.9900037 0 -0.1410418 0.9900037 0 -0.5237308 0.8518838 0 -0.5237308 0.8518838 0 -0.7893605 0.6139299 0 -0.7893605 0.6139299 0 -0.8660267 0.4999979 0 -0.8660267 0.4999979 0 -0.5611286 -0.8277287 0 -0.5611286 -0.8277287 0 -0.6700779 -0.7422908 0 -0.6700779 -0.7422908 0 -0.7398389 -0.6727841 0 -0.7398389 -0.6727841 0 -0.7993962 -0.6008043 0 -0.7993962 -0.6008043 0 -0.8502115 -0.5264413 0 -0.8502115 -0.5264413 0 -0.8938233 -0.4484193 0 -0.8938233 -0.4484193 0 -0.0585674 0.9982835 0 -0.0585674 0.9982835 0 0.03080862 0.9995253 0 0.03080862 0.9995253 0 0.1206089 0.9927001 0 0.1206089 0.9927001 0 0.2127364 0.9771096 0 0.2127364 0.9771096 0 0.3078064 0.951449 0 0.3078064 0.951449 0 0.4362705 0.8998156 0 0.4362705 0.8998156 0 -0.9973259 0.07308256 0 -0.9973259 0.07308256 0 -0.9438869 -0.3302689 0 -0.9438869 -0.3302689 0 -0.7341929 -0.6789409 0 -0.7341929 -0.6789409 0 -0.4492729 -0.8933946 0 -0.4492729 -0.8933946 0 0.006420016 0.9999794 0 0.006420016 0.9999794 0 -0.3924574 0.9197702 0 -0.3924574 0.9197702 0 -0.7263795 0.6872938 0 -0.7263795 0.6872938 0 -0.921358 0.3887152 0 -0.921358 0.3887152 0 -0.9659269 0.2588148 0 -0.9659269 0.2588148 0 -0.327778 -0.9447547 0 -0.327778 -0.9447547 0 -0.4551252 -0.8904275 0 -0.4551252 -0.8904275 0 -0.5404984 -0.841345 0 -0.5404984 -0.841345 0 -0.6166615 -0.7872285 0 -0.6166615 -0.7872285 0 -0.6849876 -0.7285548 0 -0.6849876 -0.7285548 0 -0.7473034 -0.6644831 0 -0.7473034 -0.6644831 0 -0.3149452 0.9491099 0 -0.3149452 0.9491099 0 -0.2289378 0.973441 0 -0.2289378 0.973441 0 -0.1404342 0.99009 0 -0.1404342 0.99009 0 -0.04740512 0.9988757 0 -0.04740512 0.9988757 0 0.05105239 0.998696 0 0.05105239 0.998696 0 0.1885234 0.9820687 0 0.1885234 0.9820687 0 -0.9822564 -0.1875431 0 -0.9822564 -0.1875431 0 -0.8262501 -0.5633035 0 -0.8262501 -0.5633035 0 -0.5334466 -0.8458337 0 -0.5334466 -0.8458337 0 -0.2027357 -0.9792335 0 -0.2027357 -0.9792335 0 -0.2526115 0.9675678 0 -0.2526115 0.9675678 0 -0.6171389 0.7868542 0 -0.6171389 0.7868542 0 -0.8795188 0.4758641 0 -0.8795188 0.4758641 0 -0.9905702 0.1370062 0 -0.9905702 0.1370062 0 -1 0 0 -1 0 0 -0.07208138 -0.9973988 0 -0.07208138 -0.9973988 0 -0.2091576 -0.9778819 0 -0.2091576 -0.9778819 0 -0.3043283 -0.9525672 0 -0.3043283 -0.9525672 0 -0.3918948 -0.92001 0 -0.3918948 -0.92001 0 -0.4730863 -0.8810161 0 -0.4730863 -0.8810161 0 -0.54986 -0.8352569 0 -0.54986 -0.8352569 0 -0.54986 0.8352569 0 -0.54986 0.8352569 0 -0.4730863 0.8810161 0 -0.4730863 0.8810161 0 -0.3918948 0.92001 0 -0.3918948 0.92001 0 -0.3043283 0.9525672 0 -0.3043283 0.9525672 0 -0.2091576 0.9778819 0 -0.2091576 0.9778819 0 -0.07208138 0.9973988 0 -0.07208138 0.9973988 0 -0.9002521 -0.435369 0 -0.9002521 -0.435369 0 -0.6522981 -0.7579625 0 -0.6522981 -0.7579625 0 -0.2963548 -0.9550779 0 -0.2963548 -0.9550779 0 0.0576142 -0.9983389 0 0.0576142 -0.9983389 0 -0.4944275 0.869219 0 -0.4944275 0.869219 0 -0.7997664 0.6003113 0 -0.7997664 0.6003113 0 -0.9727112 0.2320196 0 -0.9727112 0.2320196 0 -0.9922759 -0.124051 0 -0.9922759 -0.124051 0 -0.9659267 -0.2588158 0 -0.9659267 -0.2588158 0 0.1885234 -0.9820687 0 0.1885234 -0.9820687 0 0.05105984 -0.9986957 0 0.05105984 -0.9986957 0 -0.04741394 -0.9988753 0 -0.04741394 -0.9988753 0 -0.1404269 -0.9900911 0 -0.1404269 -0.9900911 0 -0.2289405 -0.9734404 0 -0.2289405 -0.9734404 0 -0.3149452 -0.9491099 0 -0.3149452 -0.9491099 0 -0.7473044 0.6644818 0 -0.7473044 0.6644818 0 -0.6849876 0.7285548 0 -0.6849876 0.7285548 0 -0.6166592 0.7872303 0 -0.6166592 0.7872303 0 -0.5404984 0.841345 0 -0.5404984 0.841345 0 -0.4551311 0.8904245 0 -0.4551311 0.8904245 0 -0.3277671 0.9447585 0 -0.3277671 0.9447585 0 -0.2588157 -0.9659267 0 -0.2588157 -0.9659267 0 0.9447585 -0.3277671 0 0.9447585 -0.3277671 0 0.8904275 -0.455125 0 0.8904275 -0.455125 0 0.841345 -0.5404984 0 0.841345 -0.5404984 0 0.7872274 -0.6166628 0 0.7872274 -0.6166628 0 0.7285548 -0.6849876 0 0.7285548 -0.6849876 0 0.6644818 -0.7473044 0 0.6644818 -0.7473044 0 -0.9491099 -0.3149452 0 -0.9491099 -0.3149452 0 -0.9734404 -0.2289405 0 -0.9734404 -0.2289405 0 -0.9900911 -0.1404269 0 -0.9900911 -0.1404269 0 -0.9988753 -0.04741394 0 -0.9988753 -0.04741394 0 -0.9986956 0.05106055 0 -0.9986956 0.05106055 0 -0.9820691 0.1885211 0 -0.9820691 0.1885211 0 -0.3287219 -0.9444268 0 -0.3287219 -0.9444268 0 0.07472872 -0.9972039 0 0.07472872 -0.9972039 0 0.4657841 -0.8848984 0 0.4657841 -0.8848984 0 0.7466782 -0.6651854 0 0.7466782 -0.6651854 0 -0.9642431 0.2650196 0 -0.9642431 0.2650196 0 -0.9900048 -0.1410336 0 -0.9900048 -0.1410336 0 -0.8518718 -0.5237503 0 -0.8518718 -0.5237503 0 -0.6139299 -0.7893605 0 -0.6139299 -0.7893605 0 -0.5000038 -0.8660232 0 -0.5000038 -0.8660232 0 0.8277287 -0.5611286 0 0.8277287 -0.5611286 0 0.7422983 -0.6700698 0 0.7422983 -0.6700698 0 0.6727797 -0.7398429 0 0.6727797 -0.7398429 0 0.6008043 -0.7993962 0 0.6008043 -0.7993962 0 0.5264413 -0.8502115 0 0.5264413 -0.8502115 0 0.4484214 -0.8938223 0 0.4484214 -0.8938223 0 -0.9982835 -0.0585674 0 -0.9982835 -0.0585674 0 -0.9995253 0.03080594 0 -0.9995253 0.03080594 0 -0.9926996 0.1206126 0 -0.9926996 0.1206126 0 -0.9771109 0.2127303 0 -0.9771109 0.2127303 0 -0.951449 0.3078064 0 -0.951449 0.3078064 0 -0.8998131 0.4362754 0 -0.8998131 0.4362754 -1 0 0 -1 0 0 -1 0 0 -1 0 0 -1 0 0 -1 0 0 -1 0 0 -1 0 0 -1 0 0 -1 0 0 -1 0 0 -1 0 0 -1 0 0 -1 0 0 -1 0 0 -1 0 0 -1 0 0 -1 0 0 -1 0 0 -1 0 0 -1 0 0 -1 0 0 -1 0 0 -1 0 0 -1 0 0 -1 0 0 -1 0 0 -1 0 0 -1 0 0 -1 0 0 -1 0 0 -1 0 0 -1 0 0 -1 0 0 -1 0 0 -1 0 0 -1 0 0 -1 0 0 -1 0 0 -1 0 0 -1 0 0 -1 0 0 -1 0 0 -1 0 0 -1 0 0 -1 0 0 -1 0 0 -1 0 0 -1 0 0 -1 0 0 -1 0 0 -1 0 0 -1 0 0 -1 0 0 -1 0 0 -1 0 0 -1 0 0 -1 0 0 -1 0 0 -1 0 0 -1 0 0 -1 0 0 -1 0 0 -1 0 0 -1 0 0 -1 0 0 -1 0 0 -1 0 0 -1 0 0 -1 0 0 -1 0 0 -1 0 0 -1 0 0 -1 0 0 -1 0 0 -1 0 0 -1 0 0 -1 0 0 -1 0 0 -1 0 0 -1 0 0 -1 0 0 -1 0 0 -1 0 0 -1 0 0 -1 0 0 -1 0 0 -1 0 0 -1 0 0 -1 0 0 -1 0 0 -1 0 0 -1 0 0 -1 0 0 -1 0 0 -1 0 0 -1 0 0 -1 0 0 -1 0 0 -1 0 0 -1 0 0 -1 0 0 -1 0 0 -1 0 0 -1 0 0 -1 0 0 -1 0 0 -1 0 0 -1 0 0 -1 0 0 -1 0 0 -1 0 0 -1 0 0 -1 0 0 -1 0 0 -1 0 0 -1 0 0 -1 0 0 -1 0 0 -1 0 0 -1 0 0 -1 0 0 -1 0 0 -1 0 0 -1 0 0 -1 0 0 -1 0 0 -1 0 0 -1 0 0 -1 0 0 -1 0 0 -1 0 0 -1 0 0 -1 0 0 -1 0 0 -1 0 0 -1 0 0 -1 0 0 -1 0 0 -1 0 0 -1 0 0 -1 0 0 -1 0 0 -1 0 0 -1 0 0 -1 0 0 -1 0 0 -1 0 0 -1 0 0 -1 0 0 -1 0 0 -1 0 0 -1 0 0 -1 0 0 -1 0 0 -1 0 0 -1 0 0 -1 0 0 -1 0 0 -1 0 0 -1 0 0 -1 0 0 0 0.1875286 -0.9822592 0 0.1875286 -0.9822592 0 0.5633035 -0.8262501 0 0.5633035 -0.8262501 0 0.8458337 -0.5334466 0 0.8458337 -0.5334466 0 0.9792313 -0.2027463 0 0.9792313 -0.2027463 0 0 1 0 0 1 0 -0.9675698 -0.2526037 0 -0.9675698 -0.2526037 0 -0.7868479 -0.617147 0 -0.7868479 -0.617147 0 -0.4758769 -0.8795118 0 -0.4758769 -0.8795118 0 -0.1369845 -0.9905732 0 -0.1369845 -0.9905732 0 0 -1 0 0 -1 0 0.9973988 -0.07208138 0 0.9973988 -0.07208138 0 0.9778819 -0.2091576 0 0.9778819 -0.2091576 0 0.9525686 -0.3043242 0 0.9525686 -0.3043242 0 0.9200099 -0.3918952 0 0.9200099 -0.3918952 0 0.8810148 -0.4730886 0 0.8810148 -0.4730886 0 0.8352569 -0.54986 0 0.8352569 -0.54986 0 0.4879515 0.8728707 0 0.4879515 0.8728707 0 0.5800685 0.8145677 0 0.5800685 0.8145677 0 0.665342 0.7465388 0 0.665342 0.7465388 0 0.7427269 0.6695945 0 0.7427269 0.6695945 0 0.8112879 0.5846467 0 0.8112879 0.5846467 0 0.8701929 0.4927113 0 0.8701929 0.4927113 0 0.9187253 0.3948973 0 0.9187253 0.3948973 0 0.9563084 0.2923598 0 0.9563084 0.2923598 0 0.982486 0.1863362 0 0.982486 0.1863362 0 0.9969473 0.07807695 0 0.9969473 0.07807695 0 0.999516 -0.03110605 0 0.999516 -0.03110605 0 0.9901638 -0.1399136 0 0.9901638 -0.1399136 0 0.9690012 -0.247056 0 0.9690012 -0.247056 0 0.9362825 -0.3512479 0 0.9362825 -0.3512479 0 0.8923963 -0.4512526 0 0.8923963 -0.4512526 0 0.8378823 -0.545851 0 0.8378823 -0.545851 0 0.7733851 -0.6339365 0 0.7733851 -0.6339365 0 0.6996897 -0.714447 0 0.6996897 -0.714447 0 0.6176885 -0.7864229 0 0.6176885 -0.7864229 0 0.5283878 -0.8490031 0 0.5283878 -0.8490031 0 0.4615386 -0.8871201 0 0.4615386 -0.8871201 0 -0.8352569 -0.54986 0 -0.8352569 -0.54986 0 -0.881016 -0.4730865 0 -0.881016 -0.4730865 0 -0.9200099 -0.3918952 0 -0.9200099 -0.3918952 0 -0.9525685 -0.3043244 0 -0.9525685 -0.3043244 0 -0.9778804 -0.2091647 0 -0.9778804 -0.2091647 0 -0.9973988 -0.07208138 0 -0.9973988 -0.07208138 0 0.9914448 0.1305259 0 0.9914448 0.1305259 0 0.9914448 -0.1305261 0 0.9914448 -0.1305261 0 0.9238793 -0.3826839 0 0.9238793 -0.3826839 0 0.6087619 -0.7933531 0 0.6087619 -0.7933531 0 0.7933531 -0.6087619 0 0.7933531 -0.6087619 0 0.3826839 -0.9238793 0 0.3826839 -0.9238793 0 0.9659261 0.2588183 0 0.9659261 0.2588183 0 -0.7933531 -0.6087619 0 -0.7933531 -0.6087619 1 0 0 1 0 0 1 0 0 1 0 0 1 0 0 1 0 0 1 0 0 1 0 0 1 0 0 1 0 0 1 0 0 1 0 0 1 0 0 1 0 0 1 0 0 1 0 0 1 0 0 1 0 0 1 0 0 1 0 0 1 0 0 1 0 0 1 0 0 1 0 0 1 0 0 1 0 0 1 0 0 1 0 0 1 0 0 1 0 0 1 0 0 1 0 0 1 0 0 1 0 0 1 0 0 1 0 0 1 0 0 1 0 0 1 0 0 1 0 0 1 0 0 1 0 0 1 0 0 1 0 0 1 0 0 1 0 0 1 0 0 1 0 0 1 0 0 1 0 0 1 0 0 1 0 0 1 0 0 1 0 0 1 0 0 1 0 0 1 0 0 1 0 0 1 0 0 1 0 0 1 0 0 1 0 0 1 0 0 1 0 0 1 0 0 1 0 0 1 0 0 1 0 0 1 0 0 1 0 0 1 0 0 1 0 0 1 0 0 1 0 0 1 0 0 1 0 0 1 0 0 1 0 0 1 0 0 1 0 0 1 0 0 1 0 0 1 0 0 1 0 0 1 0 0 1 0 0 1 0 0 1 0 0 1 0 0 1 0 0 1 0 0 1 0 0 1 0 0 1 0 0 1 0 0 1 0 0 1 0 0 1 0 0 1 0 0 1 0 0 1 0 0 1 0 0 1 0 0 1 0 0 1 0 0 1 0 0 1 0 0 1 0 0 1 0 0 1 0 0 1 0 0 1 0 0 1 0 0 1 0 0 1 0 0 1 0 0 0 0.1305241 0.9914451 0 0.1305241 0.9914451 0 0.9238793 0.3826839 0 0.9238793 0.3826839 1 0 0 1 0 0 1 0 0 1 0 0 1 0 0 1 0 0 1 0 0 1 0 0 1 0 0 1 0 0 1 0 0 1 0 0 1 0 0 1 0 0 1 0 0 1 0 0 1 0 0 1 0 0 1 0 0 1 0 0 1 0 0 1 0 0 1 0 0 1 0 0 1 0 0 1 0 0 1 0 0 1 0 0 1 0 0 1 0 0 1 0 0 1 0 0 1 0 0 1 0 0 1 0 0 1 0 0 1 0 0 1 0 0 1 0 0 1 0 0 1 0 0 1 0 0 1 0 0 1 0 0 1 0 0 1 0 0 1 0 0 1 0 0 1 0 0 1 0 0 1 0 0 1 0 0 1 0 0 1 0 0 1 0 0 1 0 0 1 0 0 1 0 0 1 0 0 1 0 0 1 0 0 1 0 0 1 0 0 1 0 0 1 0 0 1 0 0 1 0 0 1 0 0 1 0 0 1 0 0 1 0 0 1 0 0 1 0 0 1 0 0 1 0 0 1 0 0 1 0 0 1 0 0 1 0 0 1 0 0 1 0 0 1 0 0 1 0 0 1 0 0 1 0 0 1 0 0 1 0 0 1 0 0 1 0 0 1 0 0 1 0 0 1 0 0 1 0 0 1 0 0 1 0 0 1 0 0 1 0 0 1 0 0 1 0 0 1 0 0 1 0 0 1 0 0 1 0 0 1 0 0 1 0 0 1 0 0 1 0 0 1 0 0 1 0 0 1 0 0 1 0 0 1 0 0 1 0 0 1 0 0 1 0 0 1 0 0 1 0 0 1 0 0 1 0 0 1 0 0 1 0 0 1 0 0 1 0 0 1 0 0 1 0 0 1 0 0 1 0 0 1 0 0 1 0 0 1 0 0 1 0 0 1 0 0 1 0 0 1 0 0 1 0 0 1 0 0 1 0 0 1 0 0 1 0 0 1 0 0 1 0 0 1 0 0 1 0 0 1 0 0 1 0 0 1 0 0 1 0 0 1 0 0 1 0 0 1 0 0 1 0 0 1 0 0 1 0 0 1 0 0 1 0 0 1 0 0 1 0 0 1 0 0 1 0 0 1 0 0 1 0 0 1 0 0 1 0 0 1 0 0 1 0 0 1 0 0 1 0 0 1 0 0 1 0 0 1 0 0 1 0 0 1 0 0 1 0 0 1 0 0 1 0 0 1 0 0 1 0 0 1 0 0 1 0 0 1 0 0 1 0 0 1 0 0 1 0 0 1 0 0 1 0 0 1 0 0 1 0 0 1 0 0 1 0 0 1 0 0 1 0 0 1 0 0 1 0 0 1 0 0 1 0 0 1 0 0 1 0 0 1 0 0 1 0 0 1 0 0 1 0 0 1 0 0 1 0 0 1 0 0 1 0 0 1 0 0 1 0 0 1 0 0 1 0 0 1 0 0 1 0 0 1 0 0 1 0 0 1 0 0 1 0 0 1 0 0 1 0 0 1 0 0 1 0 0 1 0 0 1 0 0 1 0 0 1 0 0 1 0 0 1 0 0 1 0 0 1 0 0 1 0 0 1 0 0 1 0 0 1 0 0 1 0 0 1 0 0 1 0 0 1 0 0 1 0 0 1 0 0 1 0 0 1 0 0 1 0 0 1 0 0 1 0 0 1 0 0 1 0 0 1 0 0 1 0 0 1 0 0 1 0 0 1 0 0 1 0 0 1 0 0 1 0 0 1 0 0 1 0 0 1 0 0 1 0 0 1 0 0 1 0 0 1 0 0 1 0 0 1 0 0 1 0 0 1 0 0 1 0 0 1 0 0 1 0 0 1 0 0 1 0 0 1 0 0 1 0 0 1 0 0 1 0 0 1 0 0 1 0 0 1 0 0 1 0 0 1 0 0 1 0 0 1 0 0 1 0 0 1 0 0 1 0 0 1 0 0 1 0 0 1 0 0 1 0 0 1 0 0 1 0 0 1 0 0 1 0 0 1 0 0 1 0 0 1 0 0 1 0 0 1 0 0 1 0 0 1 0 0 1 0 0 1 0 0 1 0 0 1 0 0 1 0 0 1 0 0 1 0 0 1 0 0 1 0 0 1 0 0 1 0 0 1 0 0 1 0 0 1 0 0 1 0 0 1 0 0 1 0 0 1 0 0 1 0 0 1 0 0 1 0 0 1 0 0 1 0 0 1 0 0 1 0 0 1 0 0 1 0 0 1 0 0 1 0 0 1 0 0 1 0 0 1 0 0 1 0 0 1 0 0 1 0 0 1 0 0 1 0 0 1 0 0 1 0 0 1 0 0 1 0 0 1 0 0 1 0 0 1 0 0 1 0 0 1 0 0 1 0 0 1 0 0 1 0 0 1 0 0 1 0 0 1 0 0 1 0 0 1 0 0 1 0 0 1 0 0 1 0 0 1 0 0 1 0 0 1 0 0 1 0 0 1 0 0 1 0 0 1 0 0 1 0 0 1 0 0 1 0 0 1 0 0 1 0 0 1 0 0 1 0 0 1 0 0 1 0 0 1 0 0 1 0 0 1 0 0 1 0 0 1 0 0 1 0 0 1 0 0 1 0 0 1 0 0 1 0 0 1 0 0 1 0 0 1 0 0 1 0 0 1 0 0 1 0 0 1 0 0 1 0 0 1 0 0 1 0 0 1 0 0 1 0 0 1 0 0 1 0 0 1 0 0 1 0 0 1 0 0 1 0 0 1 0 0 1 0 0 1 0 0 1 0 0 1 0 0 1 0 0 1 0 0 1 0 0 1 0 0 1 0 0 1 0 0 1 0 0 1 0 0 1 0 0 1 0 0 1 0 0 1 0 0 1 0 0 1 0 0 1 0 0 1 0 0 1 0 0 1 0 0 1 0 0 1 0 0 1 0 0 1 0 0 1 0 0 1 0 0 1 0 0 1 0 0 1 0 0 1 0 0 1 0 0 1 0 0 1 0 0 1 0 0 1 0 0 1 0 0 1 0 0 1 0 0 1 0 0 1 0 0 1 0 0 1 0 0 1 0 0 1 0 0 1 0 0 1 0 0 1 0 0 1 0 0 1 0 0 1 0 0 1 0 0 1 0 0 1 0 0 1 0 0 1 0 0 1 0 0 1 0 0 1 0 0 1 0 0 1 0 0 1 0 0 1 0 0 1 0 0 1 0 0 1 0 0 1 0 0 1 0 0 1 0 0 1 0 0 1 0 0 1 0 0 1 0 0 1 0 0 1 0 0 1 0 0 1 0 0 1 0 0 1 0 0 1 0 0 1 0 0 1 0 0 1 0 0 1 0 0 1 0 0 1 0 0 1 0 0 1 0 0 1 0 0 1 0 0 1 0 0 1 0 0 1 0 0 1 0 0 1 0 0 1 0 0 1 0 0 1 0 0 1 0 0 1 0 0 1 0 0 1 0 0 1 0 0 1 0 0 1 0 0 1 0 0 1 0 0 1 0 0 1 0 0 1 0 0 1 0 0 1 0 0 1 0 0 1 0 0 1 0 0 1 0 0 1 0 0 1 0 0 1 0 0 1 0 0 1 0 0 1 0 0 1 0 0 1 0 0 1 0 0 1 0 0 1 0 0 1 0 0 1 0 0 1 0 0 1 0 0 1 0 0 1 0 0 1 0 0 1 0 0 1 0 0 1 0 0 1 0 0 1 0 0 1 0 0 1 0 0 1 0 0 1 0 0 1 0 0 1 0 0 1 0 0 1 0 0 1 0 0 1 0 0 1 0 0 1 0 0 1 0 0 1 0 0 1 0 0 1 0 0 1 0 0 1 0 0 1 0 0 1 0 0 1 0 0 1 0 0 1 0 0 1 0 0 1 0 0 1 0 0 1 0 0 1 0 0 1 0 0 1 0 0 1 0 0 1 0 0 1 0 0 1 0 0 1 0 0 1 0 0 1 0 0 1 0 0 1 0 0 1 0 0 1 0 0 1 0 0 1 0 0 1 0 0 1 0 0 1 0 0 1 0 0 1 0 0 1 0 0 1 0 0 1 0 0 1 0 0 1 0 0 1 0 0 1 0 0 1 0 0 1 0 0 1 0 0 1 0 0 1 0 0 1 0 0 1 0 0 1 0 0 1 0 0 1 0 0 1 0 0 1 0 0 1 0 0 1 0 0 1 0 0 1 0 0 1 0 0 1 0 0 1 0 0 1 0 0 1 0 0 1 0 0 1 0 0 1 0 0 1 0 0 1 0 0 1 0 0 1 0 0 1 0 0 1 0 0 1 0 0 1 0 0 1 0 0 1 0 0 1 0 0 1 0 0 1 0 0 1 0 0 1 0 0 1 0 0 1 0 0 1 0 0 1 0 0 1 0 0 1 0 0 1 0 0 1 0 0 1 0 0 1 0 0 1 0 0 1 0 0 1 0 0 0 -0.9914446 -0.1305279 0 -0.9914446 -0.1305279 1 0 0 1 0 0 1 0 0 1 0 0 1 0 0 1 0 0 1 0 0 1 0 0 1 0 0 1 0 0 1 0 0 1 0 0 1 0 0 1 0 0 1 0 0 1 0 0 1 0 0 1 0 0 1 0 0 1 0 0 1 0 0 1 0 0 1 0 0 1 0 0 1 0 0 1 0 0 1 0 0 1 0 0 1 0 0 1 0 0 1 0 0 1 0 0 1 0 0 1 0 0 1 0 0 1 0 0 1 0 0 1 0 0 1 0 0 1 0 0 1 0 0 1 0 0 1 0 0 1 0 0 1 0 0 1 0 0 1 0 0 1 0 0 1 0 0 1 0 0 1 0 0 1 0 0 1 0 0 1 0 0 1 0 0 1 0 0 1 0 0 1 0 0 1 0 0 1 0 0 1 0 0 1 0 0 1 0 0 1 0 0 1 0 0 1 0 0 1 0 0 1 0 0 1 0 0 1 0 0 1 0 0 1 0 0 1 0 0 1 0 0 1 0 0 1 0 0 1 0 0 1 0 0 1 0 0 1 0 0 1 0 0 1 0 0 1 0 0 1 0 0 1 0 0 1 0 0 1 0 0 1 0 0 1 0 0 1 0 0 1 0 0 1 0 0 1 0 0 1 0 0 1 0 0 1 0 0 1 0 0 1 0 0 1 0 0 1 0 0 1 0 0 1 0 0 1 0 0 1 0 0 1 0 0 1 0 0 1 0 0 1 0 0 1 0 0 1 0 0 1 0 0 1 0 0 1 0 0 1 0 0 1 0 0 1 0 0 0 0.3826839 0.9238793 0 0.3826839 0.9238793 0 0.1305277 -0.9914447 0 0.1305277 -0.9914447 0 0 -1 0 0 -1 0 -0.9985334 0.05413913 0 -0.9985334 0.05413913 0 -0.9868257 0.1617873 0 -0.9868257 0.1617873 0 -0.9635512 0.2675239 0 -0.9635512 0.2675239 0 -0.9289732 0.370147 0 -0.9289732 0.370147 0 -0.883516 0.4684011 0 -0.883516 0.4684011 0 -0.8276899 0.5611857 0 -0.8276899 0.5611857 0 -0.7621566 0.6473928 0 -0.7621566 0.6473928 0 -0.6877049 0.7259903 0 -0.6877049 0.7259903 0 -0.6051729 0.7960941 0 -0.6051729 0.7960941 0 -0.5155498 0.8568596 0 -0.5155498 0.8568596 0 -0.4199028 0.9075691 0 -0.4199028 0.9075691 0 -0.319306 0.9476517 0 -0.319306 0.9476517 0 -0.2149599 0.9766229 0 -0.2149599 0.9766229 0 -0.1081141 0.9941385 0 -0.1081141 0.9941385 0 0 1 0 0 1 0 0.1081141 0.9941385 0 0.1081141 0.9941385 0 0.2149628 0.9766222 0 0.2149628 0.9766222 0 0.319306 0.9476517 0 0.319306 0.9476517 0 0.4199028 0.9075691 0 0.4199028 0.9075691 0 0.5155498 0.8568596 0 0.5155498 0.8568596 0 0.6051729 0.7960941 0 0.6051729 0.7960941 0 0.6877049 0.7259903 0 0.6877049 0.7259903 0 0.7621498 0.6474007 0 0.7621498 0.6474007 0 0.8276931 0.561181 0 0.8276931 0.561181 0 0.883516 0.4684011 0 0.883516 0.4684011 0 0.9289732 0.370147 0 0.9289732 0.370147 0 0.9635494 0.2675303 0 0.9635494 0.2675303 0 0.9868279 0.1617739 0 0.9868279 0.1617739 0 0.9985334 0.05413913 0 0.9985334 0.05413913 0 0.9985334 -0.05413913 0 0.9985334 -0.05413913 0 0.9868279 -0.1617739 0 0.9868279 -0.1617739 0 0.9635494 -0.2675303 0 0.9635494 -0.2675303 0 0.928977 -0.3701375 0 0.928977 -0.3701375 0 0.8835099 -0.4684125 0 0.8835099 -0.4684125 0 0.8276931 -0.561181 0 0.8276931 -0.561181 0 0.7621614 -0.6473872 0 0.7621614 -0.6473872 0 0.6876904 -0.726004 0 0.6876904 -0.726004 0 0.6051903 -0.7960808 0 0.6051903 -0.7960808 0 0.5155498 -0.8568596 0 0.5155498 -0.8568596 0 0.4198801 -0.9075796 0 0.4198801 -0.9075796 0 0.319306 -0.9476517 0 0.319306 -0.9476517 0 0.2149628 -0.9766222 0 0.2149628 -0.9766222 0 0.1081141 -0.9941385 0 0.1081141 -0.9941385 0 0 -1 0 0 -1 0 -0.1081141 -0.9941385 0 -0.1081141 -0.9941385 0 -0.2149599 -0.9766229 0 -0.2149599 -0.9766229 0 -0.319306 -0.9476517 0 -0.319306 -0.9476517 0 -0.4198801 -0.9075796 0 -0.4198801 -0.9075796 0 -0.5155498 -0.8568596 0 -0.5155498 -0.8568596 0 -0.6051903 -0.7960808 0 -0.6051903 -0.7960808 0 -0.6876904 -0.726004 0 -0.6876904 -0.726004 0 -0.7621681 -0.6473792 0 -0.7621681 -0.6473792 0 -0.8276899 -0.5611857 0 -0.8276899 -0.5611857 0 -0.8835099 -0.4684125 0 -0.8835099 -0.4684125 0 -0.928977 -0.3701375 0 -0.928977 -0.3701375 0 -0.9635512 -0.2675239 0 -0.9635512 -0.2675239 0 -0.9868256 -0.1617872 0 -0.9868256 -0.1617872 0 -0.9985334 -0.05413913 0 -0.9985334 -0.05413913 0 0.0585674 -0.9982835 0 0.0585674 -0.9982835 0 -0.03080588 -0.9995254 0 -0.03080588 -0.9995254 0 -0.1206121 -0.9926997 0 -0.1206121 -0.9926997 0 -0.2127313 -0.9771108 0 -0.2127313 -0.9771108 0 -0.3078064 -0.951449 0 -0.3078064 -0.951449 0 -0.4362754 -0.8998131 0 -0.4362754 -0.8998131 0 -0.8660275 -0.4999962 0 -0.8660275 -0.4999962 0 -0.7933531 0.6087619 0 -0.7933531 0.6087619 0 0.7933531 0.6087619 0 0.7933531 0.6087619 0 0.7473046 -0.6644816 0 0.7473046 -0.6644816 0 0.6849876 -0.7285548 0 0.6849876 -0.7285548 0 0.6166615 -0.7872285 0 0.6166615 -0.7872285 0 0.5404984 -0.841345 0 0.5404984 -0.841345 0 0.4551221 -0.890429 0 0.4551221 -0.890429 0 0.327778 -0.9447547 0 0.327778 -0.9447547 0 -0.6087619 -0.7933531 0 -0.6087619 -0.7933531 0 -0.9999793 0.00642836 0 -0.9999793 0.00642836 0 -0.9197672 -0.3924645 0 -0.9197672 -0.3924645 0 -0.6872938 -0.7263795 0 -0.6872938 -0.7263795 0 -0.3887112 -0.9213597 0 -0.3887112 -0.9213597 -1 0 0 -1 0 0 -1 0 0 -1 0 0 -1 0 0 -1 0 0 -1 0 0 -1 0 0 -1 0 0 -1 0 0 -1 0 0 -1 0 0 -1 0 0 -1 0 0 -1 0 0 -1 0 0 -1 0 0 -1 0 0 -1 0 0 -1 0 0 -1 0 0 -1 0 0 -1 0 0 -1 0 0 -1 0 0 -1 0 0 -1 0 0 -1 0 0 -1 0 0 -1 0 0 -1 0 0 -1 0 0 -1 0 0 -1 0 0 -1 0 0 -1 0 0 -1 0 0 -1 0 0 -1 0 0 -1 0 0 -1 0 0 -1 0 0 -1 0 0 -1 0 0 -1 0 0 -1 0 0 -1 0 0 -1 0 0 -1 0 0 -1 0 0 -1 0 0 -1 0 0 -1 0 0 -1 0 0 -1 0 0 -1 0 0 -1 0 0 -1 0 0 -1 0 0 -1 0 0 -1 0 0 -1 0 0 -1 0 0 -1 0 0 -1 0 0 -1 0 0 -1 0 0 -1 0 0 -1 0 0 -1 0 0 -1 0 0 -1 0 0 -1 0 0 -1 0 0 -1 0 0 -1 0 0 -1 0 0 -1 0 0 -1 0 0 -1 0 0 -1 0 0 -1 0 0 -1 0 0 -1 0 0 -1 0 0 -1 0 0 -1 0 0 -1 0 0 -1 0 0 -1 0 0 -1 0 0 -1 0 0 -1 0 0 -1 0 0 -1 0 0 -1 0 0 -1 0 0 -1 0 0 -1 0 0 -1 0 0 -1 0 0 -1 0 0 -1 0 0 -1 0 0 -1 0 0 -1 0 0 -1 0 0 -1 0 0 -1 0 0 -1 0 0 -1 0 0 -1 0 0 -1 0 0 -1 0 0 -1 0 0 -1 0 0 -1 0 0 -1 0 0 -1 0 0 -1 0 0 -1 0 0 -1 0 0 -1 0 0 -1 0 0 -1 0 0 -1 0 0 -1 0 0 -1 0 0 -1 0 0 -1 0 0 -1 0 0 -1 0 0 -1 0 0 -1 0 0 -1 0 0 -1 0 0 -1 0 0 -1 0 0 -1 0 0 -1 0 0 -1 0 0 -1 0 0 -1 0 0 -1 0 0 -1 0 0 -1 0 0 -1 0 0 -1 0 0 -1 0 0 -1 0 0 -1 0 0 -1 0 0 -1 0 0 -1 0 0 -1 0 0 -1 0 0 -1 0 0 -1 0 0 -1 0 0 -1 0 0 -1 0 0 -1 0 0 -1 0 0 -1 0 0 -1 0 0 -1 0 0 -1 0 0 -1 0 0 -1 0 0 -1 0 0 -1 0 0 -1 0 0 -1 0 0 -1 0 0 -1 0 0 -1 0 0 -1 0 0 -1 0 0 -1 0 0 -1 0 0 -1 0 0 -1 0 0 -1 0 0 -1 0 0 -1 0 0 -1 0 0 -1 0 0 -1 0 0 -1 0 0 -1 0 0 -1 0 0 -1 0 0 -1 0 0 -1 0 0 -1 0 0 -1 0 0 -1 0 0 -1 0 0 -1 0 0 -1 0 0 -1 0 0 -1 0 0 -1 0 0 -1 0 0 -1 0 0 -1 0 0 -1 0 0 -1 0 0 -1 0 0 -1 0 0 -1 0 0 -1 0 0 -1 0 0 -1 0 0 -1 0 0 -1 0 0 -1 0 0 -1 0 0 -1 0 0 -1 0 0 -1 0 0 -1 0 0 -1 0 0 -1 0 0 -1 0 0 -1 0 0 -1 0 0 -1 0 0 -1 0 0 -1 0 0 -1 0 0 -1 0 0 -1 0 0 -1 0 0 -1 0 0 -1 0 0 -1 0 0 -1 0 0 -1 0 0 -1 0 0 -1 0 0 -1 0 0 -1 0 0 -1 0 0 -1 0 0 -1 0 0 -1 0 0 -1 0 0 -1 0 0 -1 0 0 -1 0 0 -1 0 0 -1 0 0 -1 0 0 -1 0 0 -1 0 0 -1 0 0 -1 0 0 -1 0 0 -1 0 0 -1 0 0 -1 0 0 -1 0 0 -1 0 0 -1 0 0 -1 0 0 -1 0 0 -1 0 0 -1 0 0 -1 0 0 -1 0 0 -1 0 0 -1 0 0 -1 0 0 -1 0 0 -1 0 0 -1 0 0 -1 0 0 -1 0 0 -1 0 0 -1 0 0 -1 0 0 -1 0 0 -1 0 0 -1 0 0 -1 0 0 -1 0 0 -1 0 0 -1 0 0 -1 0 0 -1 0 0 -1 0 0 -1 0 0 -1 0 0 -1 0 0 -1 0 0 -1 0 0 -1 0 0 -1 0 0 -1 0 0 -1 0 0 -1 0 0 -1 0 0 -1 0 0 -1 0 0 -1 0 0 -1 0 0 -1 0 0 -1 0 0 -1 0 0 -1 0 0 -1 0 0 -1 0 0 -1 0 0 -1 0 0 -1 0 0 -1 0 0 -1 0 0 -1 0 0 -1 0 0 -1 0 0 -1 0 0 -1 0 0 -1 0 0 -1 0 0 -1 0 0 -1 0 0 -1 0 0 -1 0 0 -1 0 0 -1 0 0 -1 0 0 -1 0 0 -1 0 0 -1 0 0 -1 0 0 -1 0 0 -1 0 0 -1 0 0 -1 0 0 -1 0 0 -1 0 0 -1 0 0 -1 0 0 -1 0 0 -1 0 0 -1 0 0 -1 0 0 -1 0 0 -1 0 0 -1 0 0 -1 0 0 -1 0 0 -1 0 0 -1 0 0 -1 0 0 -1 0 0 -1 0 0 -1 0 0 -1 0 0 -1 0 0 -1 0 0 -1 0 0 -1 0 0 -1 0 0 -1 0 0 -1 0 0 -1 0 0 -1 0 0 -1 0 0 -1 0 0 -1 0 0 -1 0 0 -1 0 0 -1 0 0 -1 0 0 -1 0 0 -1 0 0 -1 0 0 -1 0 0 -1 0 0 -1 0 0 -1 0 0 -1 0 0 -1 0 0 -1 0 0 -1 0 0 -1 0 0 -1 0 0 -1 0 0 -1 0 0 -1 0 0 -1 0 0 -1 0 0 -1 0 0 -1 0 0 -1 0 0 -1 0 0 -1 0 0 -1 0 0 -1 0 0 -1 0 0 -1 0 0 -1 0 0 -1 0 0 -1 0 0 -1 0 0 -1 0 0 -1 0 0 -1 0 0 -1 0 0 -1 0 0 -1 0 0 -1 0 0 -1 0 0 -1 0 0 -1 0 0 -1 0 0 -1 0 0 -1 0 0 -1 0 0 -1 0 0 -1 0 0 -1 0 0 -1 0 0 -1 0 0 -1 0 0 -1 0 0 -1 0 0 -1 0 0 -1 0 0 -1 0 0 -1 0 0 -1 0 0 -1 0 0 -1 0 0 -1 0 0 -1 0 0 -1 0 0 -1 0 0 -1 0 0 -1 0 0 -1 0 0 -1 0 0 -1 0 0 -1 0 0 -1 0 0 -1 0 0 -1 0 0 -1 0 0 -1 0 0 -1 0 0 -1 0 0 -1 0 0 -1 0 0 -1 0 0 -1 0 0 -1 0 0 -1 0 0 -1 0 0 -1 0 0 -1 0 0 -1 0 0 -1 0 0 -1 0 0 -1 0 0 -1 0 0 -1 0 0 -1 0 0 -1 0 0 -1 0 0 -1 0 0 -1 0 0 -1 0 0 -1 0 0 -1 0 0 -1 0 0 -1 0 0 -1 0 0 -1 0 0 -1 0 0 -1 0 0 -1 0 0 -1 0 0 -1 0 0 -1 0 0 -1 0 0 -1 0 0 -1 0 0 -1 0 0 -1 0 0 -1 0 0 -1 0 0 -1 0 0 -1 0 0 -1 0 0 -1 0 0 -1 0 0 -1 0 0 -1 0 0 -1 0 0 -1 0 0 -1 0 0 -1 0 0 -1 0 0 -1 0 0 -1 0 0 -1 0 0 -1 0 0 -1 0 0 -1 0 0 -1 0 0 -1 0 0 -1 0 0 -1 0 0 -1 0 0 -1 0 0 -1 0 0 -1 0 0 -1 0 0 -1 0 0 -1 0 0 -1 0 0 -1 0 0 -1 0 0 -1 0 0 -1 0 0 -1 0 0 -1 0 0 -1 0 0 -1 0 0 -1 0 0 -1 0 0 -1 0 0 -1 0 0 -1 0 0 -1 0 0 -1 0 0 -1 0 0 -1 0 0 -1 0 0 -1 0 0 -1 0 0 -1 0 0 -1 0 0 -1 0 0 -1 0 0 -1 0 0 -1 0 0 -1 0 0 -1 0 0 -1 0 0 -1 0 0 -1 0 0 -1 0 0 -1 0 0 -1 0 0 -1 0 0 -1 0 0 -1 0 0 -1 0 0 -1 0 0 -1 0 0 -1 0 0 -1 0 0 -1 0 0 -1 0 0 -1 0 0 -1 0 0 -1 0 0 -1 0 0 -1 0 0 0 0.8271663 -0.5619573 0 0.8271663 -0.5619573 0 0.9825643 -0.1859231 0 0.9825643 -0.1859231 0 0.975299 0.2208889 0 0.975299 0.2208889 0 0.8357854 0.5490562 0 0.8357854 0.5490562 0 -0.9985335 0.05413782 0 -0.9985335 0.05413782 0 -0.9868265 0.1617822 0 -0.9868265 0.1617822 0 -0.9635502 0.2675275 0 -0.9635502 0.2675275 0 -0.9289763 0.3701392 0 -0.9289763 0.3701392 0 -0.8835129 0.4684069 0 -0.8835129 0.4684069 0 -0.8276887 0.5611875 0 -0.8276887 0.5611875 0 -0.7621627 0.6473855 0 -0.7621627 0.6473855 0 -0.6876984 0.7259964 0 -0.6876984 0.7259964 0 -0.6051763 0.7960916 0 -0.6051763 0.7960916 0 -0.5155509 0.856859 0 -0.5155509 0.856859 0 -0.4198884 0.9075757 0 -0.4198884 0.9075757 0 -0.3193043 0.9476523 0 -0.3193043 0.9476523 0 -0.2149718 0.9766202 0 -0.2149718 0.9766202 0 -0.1081162 0.9941383 0 -0.1081162 0.9941383 0 0 1 0 0 1 0 0.1081162 0.9941383 0 0.1081162 0.9941383 0 0.2149729 0.97662 0 0.2149729 0.97662 0 0.3193035 0.9476526 0 0.3193035 0.9476526 0 0.4198884 0.9075757 0 0.4198884 0.9075757 0 0.5155509 0.856859 0 0.5155509 0.856859 0 0.6051763 0.7960916 0 0.6051763 0.7960916 0 0.6876971 0.7259978 0 0.6876971 0.7259978 0 0.762164 0.647384 0 0.762164 0.647384 0 0.8276887 0.5611875 0 0.8276887 0.5611875 0 0.8835132 0.4684063 0 0.8835132 0.4684063 0 0.9289763 0.3701392 0 0.9289763 0.3701392 0 0.9635502 0.2675275 0 0.9635502 0.2675275 0 0.9868265 0.1617822 0 0.9868265 0.1617822 0 0.9985335 0.05413782 0 0.9985335 0.05413782 0 0.9985335 -0.05413728 0 0.9985335 -0.05413728 0 0.9868265 -0.1617822 0 0.9868265 -0.1617822 0 0.9635502 -0.2675275 0 0.9635502 -0.2675275 0 0.9289763 -0.3701392 0 0.9289763 -0.3701392 0 0.8835109 -0.4684107 0 0.8835109 -0.4684107 0 0.8276885 -0.5611878 0 0.8276885 -0.5611878 0 0.7621663 -0.6473813 0 0.7621663 -0.6473813 0 0.6876971 -0.7259978 0 0.6876971 -0.7259978 0 0.6051763 -0.7960916 0 0.6051763 -0.7960916 0 0.5155548 -0.8568567 0 0.5155548 -0.8568567 0 0.4198884 -0.9075757 0 0.4198884 -0.9075757 0 0.3192987 -0.9476541 0 0.3192987 -0.9476541 0 0.2149729 -0.97662 0 0.2149729 -0.97662 0 0.1081162 -0.9941383 0 0.1081162 -0.9941383 0 0 -1 0 0 -1 0 -0.1081162 -0.9941383 0 -0.1081162 -0.9941383 0 -0.2149718 -0.9766202 0 -0.2149718 -0.9766202 0 -0.3192995 -0.9476538 0 -0.3192995 -0.9476538 0 -0.4198884 -0.9075757 0 -0.4198884 -0.9075757 0 -0.5155548 -0.8568567 0 -0.5155548 -0.8568567 0 -0.6051763 -0.7960916 0 -0.6051763 -0.7960916 0 -0.6876984 -0.7259964 0 -0.6876984 -0.7259964 0 -0.762165 -0.6473829 0 -0.762165 -0.6473829 0 -0.8276885 -0.5611878 0 -0.8276885 -0.5611878 0 -0.8835105 -0.4684112 0 -0.8835105 -0.4684112 0 -0.9289763 -0.3701392 0 -0.9289763 -0.3701392 0 -0.9635502 -0.2675275 0 -0.9635502 -0.2675275 0 -0.9868265 -0.1617822 0 -0.9868265 -0.1617822 0 -0.9985335 -0.05413728 0 -0.9985335 -0.05413728 0 -0.3826839 0.9238793 0 -0.3826839 0.9238793 0 -0.1885222 0.9820688 0 -0.1885222 0.9820688 0 -0.05105274 0.998696 0 -0.05105274 0.998696 0 0.04740512 0.9988757 0 0.04740512 0.9988757 0 0.1404337 0.9900901 0 0.1404337 0.9900901 0 0.2289378 0.973441 0 0.2289378 0.973441 0 0.3149452 0.9491099 0 0.3149452 0.9491099 0 -0.3826839 -0.9238793 0 -0.3826839 -0.9238793 0 -0.07308256 -0.9973259 0 -0.07308256 -0.9973259 0 0.3302663 -0.9438878 0 0.3302663 -0.9438878 0 0.6789451 -0.7341891 0 0.6789451 -0.7341891 0 0.8933901 -0.4492818 0 0.8933901 -0.4492818 0 -0.9985334 0.05413913 0 -0.9985334 0.05413913 0 -0.9868279 0.1617739 0 -0.9868279 0.1617739 0 -0.9635494 0.2675303 0 -0.9635494 0.2675303 0 -0.9289732 0.370147 0 -0.9289732 0.370147 0 -0.883516 0.4684011 0 -0.883516 0.4684011 0 -0.8276931 0.561181 0 -0.8276931 0.561181 0 -0.7621498 0.6474007 0 -0.7621498 0.6474007 0 -0.6877049 0.7259903 0 -0.6877049 0.7259903 0 -0.6051729 0.7960941 0 -0.6051729 0.7960941 0 -0.5155498 0.8568596 0 -0.5155498 0.8568596 0 -0.4199028 0.9075691 0 -0.4199028 0.9075691 0 -0.319306 0.9476517 0 -0.319306 0.9476517 0 -0.2149628 0.9766222 0 -0.2149628 0.9766222 0 -0.1081141 0.9941385 0 -0.1081141 0.9941385 0 0 1 0 0 1 0 0.1081141 0.9941385 0 0.1081141 0.9941385 0 0.2149599 0.9766229 0 0.2149599 0.9766229 0 0.319306 0.9476517 0 0.319306 0.9476517 0 0.4199028 0.9075691 0 0.4199028 0.9075691 0 0.5155498 0.8568596 0 0.5155498 0.8568596 0 0.6051729 0.7960941 0 0.6051729 0.7960941 0 0.6877049 0.7259903 0 0.6877049 0.7259903 0 0.7621566 0.6473928 0 0.7621566 0.6473928 0 0.8276867 0.5611904 0 0.8276867 0.5611904 0 0.883516 0.4684011 0 0.883516 0.4684011 0 0.9289732 0.370147 0 0.9289732 0.370147 0 0.963553 0.2675175 0 0.963553 0.2675175 0 0.9868257 0.1617873 0 0.9868257 0.1617873 0 0.9985334 0.05413913 0 0.9985334 0.05413913 0 0.9985334 -0.05413913 0 0.9985334 -0.05413913 0 0.9868256 -0.1617872 0 0.9868256 -0.1617872 0 0.963553 -0.2675175 0 0.963553 -0.2675175 0 0.928977 -0.3701375 0 0.928977 -0.3701375 0 0.8835099 -0.4684125 0 0.8835099 -0.4684125 0 0.8276867 -0.5611904 0 0.8276867 -0.5611904 0 0.7621681 -0.6473792 0 0.7621681 -0.6473792 0 0.6876904 -0.726004 0 0.6876904 -0.726004 0 0.6051903 -0.7960808 0 0.6051903 -0.7960808 0 0.5155498 -0.8568596 0 0.5155498 -0.8568596 0 0.4198801 -0.9075796 0 0.4198801 -0.9075796 0 0.319306 -0.9476517 0 0.319306 -0.9476517 0 0.2149599 -0.9766229 0 0.2149599 -0.9766229 0 0.1081141 -0.9941385 0 0.1081141 -0.9941385 0 0 -1 0 0 -1 0 -0.1081141 -0.9941385 0 -0.1081141 -0.9941385 0 -0.2149628 -0.9766222 0 -0.2149628 -0.9766222 0 -0.319306 -0.9476517 0 -0.319306 -0.9476517 0 -0.4198801 -0.9075796 0 -0.4198801 -0.9075796 0 -0.5155498 -0.8568596 0 -0.5155498 -0.8568596 0 -0.6051903 -0.7960808 0 -0.6051903 -0.7960808 0 -0.6876904 -0.726004 0 -0.6876904 -0.726004 0 -0.7621614 -0.6473872 0 -0.7621614 -0.6473872 0 -0.8276931 -0.561181 0 -0.8276931 -0.561181 0 -0.8835099 -0.4684125 0 -0.8835099 -0.4684125 0 -0.928977 -0.3701375 0 -0.928977 -0.3701375 0 -0.9635494 -0.2675303 0 -0.9635494 -0.2675303 0 -0.9868279 -0.1617739 0 -0.9868279 -0.1617739 0 -0.9985334 -0.05413913 0 -0.9985334 -0.05413913 0 0.8660275 -0.4999962 0 0.8660275 -0.4999962 0 -0.6087619 0.7933531 0 -0.6087619 0.7933531 0 0.6087619 0.7933531 0 0.6087619 0.7933531 0 -0.9985335 0.05413782 0 -0.9985335 0.05413782 0 -0.9868265 0.1617822 0 -0.9868265 0.1617822 0 -0.9635502 0.2675275 0 -0.9635502 0.2675275 0 -0.9289763 0.3701392 0 -0.9289763 0.3701392 0 -0.8835126 0.4684073 0 -0.8835126 0.4684073 0 -0.8276887 0.5611875 0 -0.8276887 0.5611875 0 -0.762164 0.647384 0 -0.762164 0.647384 0 -0.6876971 0.7259978 0 -0.6876971 0.7259978 0 -0.6051763 0.7960916 0 -0.6051763 0.7960916 0 -0.5155509 0.856859 0 -0.5155509 0.856859 0 -0.4198884 0.9075757 0 -0.4198884 0.9075757 0 -0.3193035 0.9476526 0 -0.3193035 0.9476526 0 -0.2149729 0.97662 0 -0.2149729 0.97662 0 -0.1081162 0.9941383 0 -0.1081162 0.9941383 0 0 1 0 0 1 0 0.1081162 0.9941383 0 0.1081162 0.9941383 0 0.2149718 0.9766202 0 0.2149718 0.9766202 0 0.3193035 0.9476526 0 0.3193035 0.9476526 0 0.4198884 0.9075757 0 0.4198884 0.9075757 0 0.5155486 0.8568604 0 0.5155486 0.8568604 0 0.6051788 0.7960896 0 0.6051788 0.7960896 0 0.6877024 0.7259927 0 0.6877024 0.7259927 0 0.7621588 0.6473901 0 0.7621588 0.6473901 0 0.8276912 0.5611839 0 0.8276912 0.5611839 0 0.8835107 0.468411 0 0.8835107 0.468411 0 0.9289781 0.3701346 0 0.9289781 0.3701346 0 0.9635488 0.2675325 0 0.9635488 0.2675325 0 0.9868273 0.161777 0 0.9868273 0.161777 0 0.9985335 0.05413782 0 0.9985335 0.05413782 0 0.9985335 -0.05413728 0 0.9985335 -0.05413728 0 0.9868273 -0.161777 0 0.9868273 -0.161777 0 0.9635488 -0.2675325 0 0.9635488 -0.2675325 0 0.9289781 -0.3701346 0 0.9289781 -0.3701346 0 0.8835083 -0.4684153 0 0.8835083 -0.4684153 0 0.827691 -0.5611842 0 0.827691 -0.5611842 0 0.7621611 -0.6473875 0 0.7621611 -0.6473875 0 0.6877024 -0.7259927 0 0.6877024 -0.7259927 0 0.6051788 -0.7960896 0 0.6051788 -0.7960896 0 0.5155525 -0.8568581 0 0.5155525 -0.8568581 0 0.4198884 -0.9075757 0 0.4198884 -0.9075757 0 0.3192987 -0.9476541 0 0.3192987 -0.9476541 0 0.2149718 -0.9766202 0 0.2149718 -0.9766202 0 0.1081162 -0.9941383 0 0.1081162 -0.9941383 0 0 -1 0 0 -1 0 -0.1081162 -0.9941383 0 -0.1081162 -0.9941383 0 -0.2149729 -0.97662 0 -0.2149729 -0.97662 0 -0.3192987 -0.9476541 0 -0.3192987 -0.9476541 0 -0.4198884 -0.9075757 0 -0.4198884 -0.9075757 0 -0.5155548 -0.8568567 0 -0.5155548 -0.8568567 0 -0.6051763 -0.7960916 0 -0.6051763 -0.7960916 0 -0.6876971 -0.7259978 0 -0.6876971 -0.7259978 0 -0.7621663 -0.6473813 0 -0.7621663 -0.6473813 0 -0.8276885 -0.5611878 0 -0.8276885 -0.5611878 0 -0.8835103 -0.4684118 0 -0.8835103 -0.4684118 0 -0.9289763 -0.3701392 0 -0.9289763 -0.3701392 0 -0.9635502 -0.2675275 0 -0.9635502 -0.2675275 0 -0.9868265 -0.1617822 0 -0.9868265 -0.1617822 0 -0.9985335 -0.05413728 0 -0.9985335 -0.05413728 0 -0.1305243 0.9914451 0 -0.1305243 0.9914451 0 -0.9238793 0.3826839 0 -0.9238793 0.3826839 0 -0.9914447 0.1305277 0 -0.9914447 0.1305277 0 -0.9238793 -0.3826839 0 -0.9238793 -0.3826839 0 -0.1305279 -0.9914446 0 -0.1305279 -0.9914446 0 0.4944238 -0.869221 0 0.4944238 -0.869221 0 0.7997664 -0.6003113 0 0.7997664 -0.6003113 0 0.9727107 -0.2320215 0 0.9727107 -0.2320215 0 0.9922759 0.124051 0 0.9922759 0.124051 0 0.9002506 0.4353722 0 0.9002506 0.4353722 0 0.6522981 0.7579625 0 0.6522981 0.7579625 0 0.2963548 0.9550779 0 0.2963548 0.9550779 0 -0.0576142 0.9983389 0 -0.0576142 0.9983389 0 0.5498611 -0.8352561 0 0.5498611 -0.8352561 0 0.4730863 -0.8810161 0 0.4730863 -0.8810161 0 0.3918935 -0.9200106 0 0.3918935 -0.9200106 0 0.3043283 -0.9525672 0 0.3043283 -0.9525672 0 0.2091576 -0.9778819 0 0.2091576 -0.9778819 0 0.07208138 -0.9973988 0 0.07208138 -0.9973988 0 0.07208138 0.9973988 0 0.07208138 0.9973988 0 0.2091576 0.9778819 0 0.2091576 0.9778819 0 0.3043283 0.9525672 0 0.3043283 0.9525672 0 0.3918935 0.9200106 0 0.3918935 0.9200106 0 0.4730863 0.8810161 0 0.4730863 0.8810161 0 0.5498611 0.8352561 0 0.5498611 0.8352561 0 1 0 0 1 0 0 -0.5619602 -0.8271643 0 -0.5619602 -0.8271643 0 -0.1859312 -0.9825628 0 -0.1859312 -0.9825628 0 0.2208928 -0.9752981 0 0.2208928 -0.9752981 0 0.5490702 -0.8357762 0 0.5490702 -0.8357762 0 0.2525959 -0.9675719 0 0.2525959 -0.9675719 0 0.6171532 -0.786843 0 0.6171532 -0.786843 0 0.8795153 -0.4758705 0 0.8795153 -0.4758705 0 0.9905702 -0.1370062 0 0.9905702 -0.1370062 0 0.9822574 0.1875382 0 0.9822574 0.1875382 0 0.8262462 0.5633092 0 0.8262462 0.5633092 0 0.5334585 0.8458263 0 0.5334585 0.8458263 0 0.2027357 0.9792335 0 0.2027357 0.9792335 0 0.3149452 -0.9491099 0 0.3149452 -0.9491099 0 0.2289405 -0.9734404 0 0.2289405 -0.9734404 0 0.1404265 -0.9900911 0 0.1404265 -0.9900911 0 0.04741394 -0.9988753 0 0.04741394 -0.9988753 0 -0.05106019 -0.9986956 0 -0.05106019 -0.9986956 0 -0.1885222 -0.9820688 0 -0.1885222 -0.9820688 0 -0.7071031 -0.7071105 0 -0.7071031 -0.7071105 0 0.3277671 0.9447585 0 0.3277671 0.9447585 0 0.4551281 0.890426 0 0.4551281 0.890426 0 0.5404984 0.841345 0 0.5404984 0.841345 0 0.6166592 0.7872303 0 0.6166592 0.7872303 0 0.6849876 0.7285548 0 0.6849876 0.7285548 0 0.7473056 0.6644805 0 0.7473056 0.6644805 0 -0.9794264 0.2018017 0 -0.9794264 0.2018017 0 -0.9574939 0.2884536 0 -0.9574939 0.2884536 0 -0.9276588 0.3734289 0 -0.9276588 0.3734289 0 -0.8887565 0.4583797 0 -0.8887565 0.4583797 0 -0.8393654 0.5435676 0 -0.8393654 0.5435676 0 -0.7562302 0.6543058 0 -0.7562302 0.6543058 0 0.9659258 -0.2588193 0 0.9659258 -0.2588193 0 -0.7568883 -0.6535443 0 -0.7568883 -0.6535443 0 -0.4338984 -0.9009618 0 -0.4338984 -0.9009618 0 -0.03906929 -0.9992365 0 -0.03906929 -0.9992365 0 0.3140349 -0.9494115 0 0.3140349 -0.9494115 0 -0.006428301 -0.9999793 0 -0.006428301 -0.9999793 0 0.3924645 -0.9197672 0 0.3924645 -0.9197672 0 0.7263837 -0.6872894 0 0.7263837 -0.6872894 0 0.9213597 -0.3887112 0 0.9213597 -0.3887112 0 0.6542928 -0.7562413 0 0.6542928 -0.7562413 0 0.5435676 -0.8393654 0 0.5435676 -0.8393654 0 0.4583797 -0.8887565 0 0.4583797 -0.8887565 0 0.3734315 -0.9276578 0 0.3734315 -0.9276578 0 0.2884536 -0.9574939 0 0.2884536 -0.9574939 0 0.2018055 -0.9794256 0 0.2018055 -0.9794256 0 0.9973259 -0.07308256 0 0.9973259 -0.07308256 0 0.9438878 0.3302663 0 0.9438878 0.3302663 0 0.7341891 0.6789451 0 0.7341891 0.6789451 0 0.4492773 0.8933923 0 0.4492773 0.8933923 0 -0.8627958 0.5055526 0 -0.8627958 0.5055526 0 -0.9927757 0.1199846 0 -0.9927757 0.1199846 0 -0.9584053 -0.2854109 0 -0.9584053 -0.2854109 0 -0.7973098 -0.6035704 0 -0.7973098 -0.6035704 0 0.5611286 0.8277287 0 0.5611286 0.8277287 0 0.6700779 0.7422908 0 0.6700779 0.7422908 0 0.7398389 0.6727841 0 0.7398389 0.6727841 0 0.7993944 0.6008066 0 0.7993944 0.6008066 0 0.8502128 0.5264393 0 0.8502128 0.5264393 0 0.8938223 0.4484213 0 0.8938223 0.4484213 0 -0.8938233 0.4484193 0 -0.8938233 0.4484193 0 -0.8502115 0.5264413 0 -0.8502115 0.5264413 0 -0.7993962 0.6008043 0 -0.7993962 0.6008043 0 -0.7398389 0.6727841 0 -0.7398389 0.6727841 0 -0.6700779 0.7422908 0 -0.6700779 0.7422908 0 -0.5611286 0.8277287 0 -0.5611286 0.8277287 0 -0.2650196 -0.9642431 0 -0.2650196 -0.9642431 0 0.1410336 -0.9900048 0 0.1410336 -0.9900048 0 0.5237466 -0.8518741 0 0.5237466 -0.8518741 0 0.7893605 -0.6139299 0 0.7893605 -0.6139299 0 0.4362754 -0.8998131 0 0.4362754 -0.8998131 0 0.3078064 -0.951449 0 0.3078064 -0.951449 0 0.2127321 -0.9771106 0 0.2127321 -0.9771106 0 0.1206126 -0.9926996 0 0.1206126 -0.9926996 0 0.03080582 -0.9995254 0 0.03080582 -0.9995254 0 -0.0585674 -0.9982835 0 -0.0585674 -0.9982835 0 0.9444258 -0.3287245 0 0.9444258 -0.3287245 0 0.9972046 0.07472044 0 0.9972046 0.07472044 0 0.8848984 0.4657841 0 0.8848984 0.4657841 0 0.6651854 0.7466782 0 0.6651854 0.7466782 0 -0.7025348 0.7116494 0 -0.7025348 0.7116494 0 -0.9278882 0.3728584 0 -0.9278882 0.3728584 0 -0.9996179 -0.02764284 0 -0.9996179 -0.02764284 0 -0.9263576 -0.3766451 0 -0.9263576 -0.3766451 0 -0.4484209 -0.8938226 0 -0.4484209 -0.8938226 0 -0.5264413 -0.8502115 0 -0.5264413 -0.8502115 0 -0.6008015 -0.7993981 0 -0.6008015 -0.7993981 0 -0.6727852 -0.7398379 0 -0.6727852 -0.7398379 0 -0.7422908 -0.6700779 0 -0.7422908 -0.6700779 0 -0.8277314 -0.5611245 0 -0.8277314 -0.5611245 0 0.8998131 0.4362754 0 0.8998131 0.4362754 0 0.951449 0.3078064 0 0.951449 0.3078064 0 0.9771109 0.2127303 0 0.9771109 0.2127303 0 0.9926996 0.1206126 0 0.9926996 0.1206126 0 0.9995253 0.03080594 0 0.9995253 0.03080594 0 0.9982835 -0.0585674 0 0.9982835 -0.0585674 0 0.5000046 -0.8660228 0 0.5000046 -0.8660228 0 -0.7116431 -0.7025411 0 -0.7116431 -0.7025411 0 -0.372847 -0.9278928 0 -0.372847 -0.9278928 0 0.02762621 -0.9996183 0 0.02762621 -0.9996183 0 0.3766413 -0.9263592 0 0.3766413 -0.9263592 0 0.6535348 -0.7568964 0 0.6535348 -0.7568964 0 0.9009649 -0.4338918 0 0.9009649 -0.4338918 0 0.9992365 -0.03906929 0 0.9992365 -0.03906929 0 0.9494093 0.3140415 0 0.9494093 0.3140415 0 -0.2018055 -0.9794256 0 -0.2018055 -0.9794256 0 -0.2884536 -0.9574939 0 -0.2884536 -0.9574939 0 -0.3734315 -0.9276578 0 -0.3734315 -0.9276578 0 -0.4583797 -0.8887565 0 -0.4583797 -0.8887565 0 -0.5435642 -0.8393675 0 -0.5435642 -0.8393675 0 -0.6542973 -0.7562374 0 -0.6542973 -0.7562374 0 0.7562347 0.6543006 0 0.7562347 0.6543006 0 0.8393637 0.5435702 0 0.8393637 0.5435702 0 0.8887574 0.458378 0 0.8887574 0.458378 0 0.9276582 0.3734305 0 0.9276582 0.3734305 0 0.9574943 0.2884523 0 0.9574943 0.2884523 0 0.9794259 0.2018041 0 0.9794259 0.2018041 0 0.7071068 -0.7071068 0 0.7071068 -0.7071068 0 -0.5055544 -0.8627947 0 -0.5055544 -0.8627947 0 -0.120002 -0.9927737 0 -0.120002 -0.9927737 0 0.2854262 -0.9584007 0 0.2854262 -0.9584007 0 0.6035623 -0.7973158 0 0.6035623 -0.7973158 0 -0.6644818 -0.7473044 0 -0.6644818 -0.7473044 0 -0.7285548 -0.6849876 0 -0.7285548 -0.6849876 0 -0.7872274 -0.6166628 0 -0.7872274 -0.6166628 0 -0.841345 -0.5404984 0 -0.841345 -0.5404984 0 -0.8904275 -0.455125 0 -0.8904275 -0.455125 0 -0.9447585 -0.3277671 0 -0.9447585 -0.3277671 0 0.9820703 0.1885153 0 0.9820703 0.1885153 0 0.9986952 0.051068 0 0.9986952 0.051068 0 0.9988753 -0.04741394 0 0.9988753 -0.04741394 0 0.9900911 -0.1404269 0 0.9900911 -0.1404269 0 0.9734404 -0.2289405 0 0.9734404 -0.2289405 0 0.9491099 -0.3149452 0 0.9491099 -0.3149452 0 0.2588159 -0.9659267 0 0.2588159 -0.9659267 0 -0.869219 -0.4944275 0 -0.869219 -0.4944275 0 -0.6003113 -0.7997664 0 -0.6003113 -0.7997664 0 -0.2320196 -0.9727112 0 -0.2320196 -0.9727112 0 0.124051 -0.9922759 0 0.124051 -0.9922759 0 0.4353792 -0.9002472 0 0.4353792 -0.9002472 0 0.7579596 -0.6523016 0 0.7579596 -0.6523016 0 0.9550794 -0.29635 0 0.9550794 -0.29635 0 0.9983389 0.05761545 0 0.9983389 0.05761545 -0.867915 0.05309373 -0.4938669 -0.86792 0.0531004 -0.4938575 -0.8679201 0.08818238 -0.4888134 -0.8679216 0.08818405 -0.4888105 -0.8679213 0.1228489 -0.4812699 -0.8679171 0.1228444 -0.4812787 -0.8679172 0.1568512 -0.4712934 -0.8679233 0.1568568 -0.4712802 -0.8679234 0.190079 -0.4588888 -0.8679242 0.1900796 -0.4588871 -0.8679242 0.2223332 -0.4441571 -0.8679165 0.2223286 -0.4441744 -0.8679168 0.2534521 -0.4271796 -0.8679233 0.253455 -0.4271647 -0.8679229 0.2832834 -0.4079954 -0.867914 0.283281 -0.408016 -0.8679143 0.3116699 -0.3867644 -0.8679181 0.3116703 -0.3867557 -0.8679181 0.3384642 -0.3635385 -0.8679207 0.338464 -0.3635324 -0.8679203 0.363537 -0.3384599 -0.8679196 0.3635372 -0.3384615 -0.8679195 0.3867543 -0.311668 -0.8679208 0.3867538 -0.3116651 -0.8679205 0.4080044 -0.2832779 -0.8679173 0.4080063 -0.2832852 -0.8679172 0.4271759 -0.2534568 -0.8679162 0.4271766 -0.2534591 -0.8679168 0.4441688 -0.2223391 -0.8679202 0.4441658 -0.2223317 -0.8679199 0.4588944 -0.1900813 -0.8679191 0.4588953 -0.190083 -0.8679189 0.4712885 -0.1568565 -0.8679186 0.4712889 -0.1568572 -0.8679182 0.4812782 -0.1228387 -0.8679193 0.4812768 -0.1228367 -0.8679194 0.4888128 -0.0881927 -0.86792 0.4888119 -0.08819162 -0.8679198 0.4938585 -0.05309283 -0.8679172 0.4938626 -0.0530973 -0.867917 0.4963927 -0.01772928 -0.8679173 0.4963922 -0.0177288 -0.8679174 0.4963922 0.01772928 -0.8679167 0.4963933 0.01772832 -0.8679163 0.4938647 0.05309349 -0.8679189 0.4938597 0.053097 -0.8679184 0.488815 0.08819061 -0.8679194 0.4888129 0.0881918 -0.8679192 0.4812756 0.1228417 -0.8679159 0.4812825 0.1228381 -0.8679156 0.4712939 0.1568583 -0.867919 0.4712868 0.1568614 -0.8679191 0.4588958 0.1900818 -0.8679199 0.458894 0.1900824 -0.8679201 0.4441636 0.2223365 -0.8679167 0.4441713 0.2223344 -0.8679164 0.4271808 0.2534515 -0.8679172 0.427179 0.2534518 -0.8679173 0.4080046 0.2832877 -0.8679153 0.408009 0.2832871 -0.8679149 0.3867605 0.311673 -0.8679136 0.3867635 0.3116729 -0.8679134 0.363546 0.3384682 -0.8679205 0.3635293 0.3384678 -0.8679206 0.3384612 0.3635352 -0.867918 0.3384672 0.3635358 -0.8679181 0.3116741 0.3867524 -0.8679214 0.3116666 0.3867511 -0.8679217 0.2832753 0.4080038 -0.8679153 0.2832896 0.4080073 -0.8679154 0.2534637 0.4271757 -0.8679248 0.2534429 0.4271689 -0.8679248 0.2223216 0.4441617 -0.8679159 0.2223408 0.4441695 -0.8679156 0.1900842 0.4589014 -0.8679148 0.1900859 0.4589022 -0.8679146 0.1568652 0.4712936 -0.8679171 0.1568602 0.4712907 -0.867917 0.1228377 0.4812806 -0.8679216 0.1228287 0.4812745 -0.8679217 0.08819538 0.4888082 -0.8679199 0.08819872 0.4888108 -0.8679199 0.05309283 0.4938585 -0.8679243 0.05308514 0.4938515 -0.8679239 0.01772511 0.4963808 -0.8679149 0.01773965 0.4963961 -0.867915 -0.01772594 0.4963963 -0.8679239 -0.01773905 0.4963802 -0.8679237 -0.05309212 0.4938518 -0.8679193 -0.0530861 0.4938603 -0.8679192 -0.08819496 0.4888129 -0.8679218 -0.08819818 0.4888076 -0.8679215 -0.1228357 0.4812729 -0.8679169 -0.1228308 0.4812825 -0.867917 -0.156866 0.4712889 -0.8679131 -0.1568624 0.4712973 -0.8679131 -0.1900858 0.4589055 -0.8679139 -0.1900865 0.4589037 -0.8679141 -0.22233 0.4441785 -0.8679251 -0.2223366 0.4441536 -0.8679246 -0.2534524 0.4271636 -0.8679151 -0.2534483 0.4271854 -0.8679155 -0.2832815 0.4080126 -0.8679245 -0.2832839 0.4079917 -0.8679242 -0.3116691 0.3867428 -0.8679165 -0.3116683 0.3867606 -0.8679165 -0.3384661 0.3635405 -0.8679207 -0.3384658 0.3635306 -0.8679203 -0.3635353 0.3384617 -0.8679131 -0.3635369 0.3384785 -0.8679137 -0.3867604 0.3116765 -0.8679149 -0.38676 0.3116737 -0.8679153 -0.4080073 0.2832896 -0.8679193 -0.4080051 0.2832808 -0.8679192 -0.4271767 0.253449 -0.8679184 -0.4271773 0.2534508 -0.8679187 -0.444167 0.2223347 -0.8679202 -0.4441658 0.2223317 -0.8679199 -0.4588944 0.1900813 -0.8679191 -0.4588953 0.190083 -0.8679189 -0.4712885 0.1568565 -0.8679155 -0.4712924 0.1568632 -0.8679159 -0.4812821 0.1228398 -0.867917 -0.4812806 0.1228376 -0.8679172 -0.4888165 0.08819437 -0.8679184 -0.4888147 0.0881921 -0.8679188 -0.4938603 0.05309301 -0.8679187 -0.4938607 0.05309343 -0.8679191 -0.496389 0.01773262 -0.8679196 -0.4963881 0.01773178 -0.8679196 -0.4963881 -0.01773262 -0.8679195 -0.4963885 -0.01773232 -0.8679196 -0.493859 -0.05309289 -0.8679199 -0.4938585 -0.05309319 -0.8679199 -0.4888113 -0.08819591 -0.8679171 -0.4888169 -0.08819252 -0.8679171 -0.4812809 -0.1228359 -0.8679182 -0.4812787 -0.1228371 -0.8679186 -0.471289 -0.1568567 -0.8679189 -0.4712883 -0.156857 -0.8679191 -0.4588958 -0.1900818 -0.8679199 -0.458894 -0.1900824 -0.8679201 -0.4441649 -0.2223336 -0.8679187 -0.444168 -0.2223328 -0.8679183 -0.4271743 -0.2534559 -0.8679193 -0.4271721 -0.2534564 -0.8679193 -0.4080063 -0.2832791 -0.8679206 -0.4080032 -0.2832795 -0.8679206 -0.3867509 -0.3116688 -0.8679195 -0.3867537 -0.3116686 -0.8679196 -0.3635362 -0.3384627 -0.8679204 -0.3635344 -0.3384625 -0.8679206 -0.3384612 -0.3635352 -0.8679164 -0.338471 -0.3635361 -0.8679165 -0.3116691 -0.3867599 -0.8679172 -0.3116676 -0.3867598 -0.867917 -0.2832895 -0.4080041 -0.867923 -0.2832754 -0.4080007 -0.8679232 -0.2534434 -0.427172 -0.8679167 -0.2534577 -0.4271766 -0.8679167 -0.222339 -0.4441688 -0.8679223 -0.2223271 -0.4441639 -0.8679224 -0.1900796 -0.4588904 -0.8679217 -0.1900814 -0.4588913 -0.8679217 -0.1568508 -0.4712852 -0.8679171 -0.1568602 -0.4712907 -0.8679172 -0.1228507 -0.4812769 -0.8679214 -0.1228426 -0.4812713 -0.8679215 -0.08818066 -0.4888112 -0.8679193 -0.08818477 -0.4888144 -0.8679193 -0.05309295 -0.4938594 -0.8679144 -0.05310148 -0.4938672 -0.8679147 -0.01773989 -0.4963964 -0.8679243 -0.01772445 -0.4963801 -0.8679242 0.01773905 -0.49638 -0.8679146 0.01772505 -0.496397 -0.5126342 -0.06125003 -0.8564197 -0.5067756 -0.09216094 -0.8571376 -0.5067757 -0.1530528 -0.8483827 -0.5126338 -0.182507 -0.8389861 -0.5067752 -0.2132064 -0.8352975 -0.5067751 -0.2722434 -0.8179624 -0.5126331 -0.30006 -0.8044696 -0.5067775 -0.3299061 -0.7964538 -0.5067777 -0.3858728 -0.7708947 -0.5126346 -0.4114819 -0.7535837 -0.5067767 -0.439895 -0.7413972 -0.5067768 -0.491657 -0.7081319 -0.5126341 -0.5145433 -0.6873511 -0.5067784 -0.540923 -0.6712511 -0.5067784 -0.5874406 -0.630943 -0.5126321 -0.6071241 -0.6071314 -0.5067749 -0.6309505 -0.5874357 -0.5067752 -0.6712476 -0.5409305 -0.5126342 -0.6873564 -0.5145362 -0.506779 -0.708129 -0.4916588 -0.5067791 -0.7413949 -0.4398961 -0.5126348 -0.7535772 -0.4114938 -0.5067763 -0.7708929 -0.3858783 -0.5067764 -0.7964543 -0.3299063 -0.5126343 -0.8044732 -0.3000484 -0.5067778 -0.8179622 -0.2722392 -0.5067776 -0.8352992 -0.2131941 -0.5126335 -0.838986 -0.1825086 -0.5067777 -0.8483793 -0.1530649 -0.5067778 -0.8571377 -0.09214824 -0.5126326 -0.8564201 -0.06125748 -0.5067768 -0.8615278 -0.03077608 -0.5067768 -0.8615279 0.03077518 -0.512633 -0.8564199 0.06125742 -0.5067784 -0.8571373 0.09214818 -0.5067786 -0.8483788 0.1530648 -0.512634 -0.8389863 0.1825054 -0.5067776 -0.8352992 0.2131941 -0.5067777 -0.8179598 0.2722468 -0.5126334 -0.8044719 0.3000534 -0.5067764 -0.7964543 0.3299063 -0.5067763 -0.7708929 0.3858783 -0.5126335 -0.7535812 0.4114879 -0.5067788 -0.7414017 0.4398849 -0.506779 -0.708129 0.4916588 -0.5126358 -0.6873503 0.5145427 -0.5067785 -0.671246 0.5409292 -0.5067784 -0.6309372 0.5874471 -0.5126321 -0.6071241 0.6071314 -0.5067784 -0.5874406 0.630943 -0.5067784 -0.5409229 0.671251 -0.5126341 -0.5145433 0.6873511 -0.5067809 -0.4916726 0.708118 -0.5067811 -0.4398749 0.7414062 -0.5126323 -0.4114939 0.7535787 -0.5067773 -0.3858932 0.7708846 -0.5067775 -0.3299061 0.7964538 -0.5126357 -0.3000465 0.8044731 -0.5067803 -0.2722425 0.8179595 -0.50678 -0.2131818 0.8353009 -0.5126338 -0.182507 0.8389861 -0.5067806 -0.1530769 0.8483754 -0.5067806 -0.09213548 0.8571373 -0.5126314 -0.06126481 0.8564202 -0.5067766 -0.0307883 0.8615275 -0.5067766 0.0307883 0.8615275 -0.5126314 0.06126481 0.8564202 -0.5067806 0.09213548 0.8571373 -0.5067806 0.1530769 0.8483754 -0.5126338 0.182507 0.8389861 -0.50678 0.2131818 0.8353009 -0.5067803 0.2722425 0.8179595 -0.5126351 0.3000441 0.8044742 -0.5067764 0.3299063 0.7964543 -0.5067761 0.3858884 0.7708878 -0.5126329 0.4114969 0.7535767 -0.5067811 0.4398804 0.7414028 -0.5067811 0.4916667 0.708122 -0.5126349 0.5145395 0.6873534 -0.5067768 0.5409298 0.6712467 -0.5067767 0.5874382 0.6309468 -0.5126326 0.6071295 0.6071257 -0.5067794 0.6309399 0.5874432 -0.5067796 0.6712486 0.5409249 -0.5126346 0.6873472 0.5145478 -0.5067778 0.7081266 0.4916635 -0.5067777 0.7414022 0.4398853 -0.5126329 0.7535831 0.4114852 -0.5067763 0.7708929 0.3858783 -0.5067764 0.7964543 0.3299063 -0.5126334 0.8044719 0.3000534 -0.5067777 0.8179598 0.2722468 -0.5067776 0.8352992 0.2131941 -0.5126334 0.8389859 0.182509 -0.5067773 0.8483795 0.1530649 -0.5067771 0.8571373 0.09215456 -0.5126343 0.8564196 0.06124997 -0.5067782 0.8615272 0.03076881 -0.5067782 0.8615272 -0.0307697 -0.512634 0.8564198 -0.06125003 -0.5067765 0.8571377 -0.09215462 -0.5067763 0.8483801 -0.153065 -0.5126329 0.8389856 -0.1825122 -0.5067776 0.8352992 -0.2131941 -0.5067778 0.8179622 -0.2722392 -0.5126343 0.8044732 -0.3000484 -0.5067764 0.7964543 -0.3299063 -0.5067763 0.7708929 -0.3858783 -0.5126341 0.753579 -0.411491 -0.5067778 0.7413955 -0.4398964 -0.5067778 0.7081266 -0.4916635 -0.512633 0.6873533 -0.5145413 -0.5067761 0.6712502 -0.5409262 -0.5067759 0.6309531 -0.5874319 -0.5126326 0.6071295 -0.6071257 -0.5067767 0.5874382 -0.6309468 -0.5067768 0.5409298 -0.6712467 -0.5126349 0.5145395 -0.6873534 -0.5067769 0.4916509 -0.7081359 -0.5067768 0.4399005 -0.7413939 -0.5126352 0.4114848 -0.7535817 -0.5067765 0.385868 -0.7708978 -0.5067764 0.3299063 -0.7964543 -0.5126326 0.3000577 -0.8044708 -0.5067752 0.2722434 -0.8179624 -0.5067752 0.2132064 -0.8352975 -0.5126338 0.182507 -0.8389861 -0.5067757 0.1530528 -0.8483827 -0.5067755 0.09216094 -0.8571376 -0.5126342 0.06125003 -0.8564197 -0.506777 0.03076297 -0.8615282 -0.506777 -0.03076297 -0.8615282 -0.7065869 0.03830409 -0.7065889 -0.7065868 0.1144844 -0.6983039 -0.7065852 0.1144905 -0.6983045 -0.7065852 0.1893024 -0.6818372 -0.7065824 0.1893131 -0.6818372 -0.7065824 0.2619229 -0.6573718 -0.7065849 0.2619136 -0.6573728 -0.7065853 0.3314534 -0.6252006 -0.7065827 0.3314633 -0.6251984 -0.7065823 0.3971222 -0.5856923 -0.7065849 0.3971127 -0.5856955 -0.7065849 0.4581115 -0.5393252 -0.7065858 0.4581086 -0.5393266 -0.7065857 0.5137306 -0.486639 -0.7065846 0.5137341 -0.486637 -0.7065846 0.5633391 -0.4282375 -0.7065855 0.5633362 -0.4282397 -0.7065854 0.606338 -0.3648167 -0.7065863 0.6063356 -0.3648191 -0.7065863 0.642223 -0.2971289 -0.7065848 0.6422266 -0.2971245 -0.7065851 0.6705856 -0.2259479 -0.7065848 0.6705861 -0.225947 -0.7065849 0.691085 -0.1521161 -0.7065853 0.6910842 -0.1521176 -0.7065854 0.7034794 -0.07651078 -0.7065843 0.7034809 -0.07650679 -0.7065842 0.7076289 0 -0.7065842 0.7076289 0 -0.7065842 0.7034806 0.0765109 -0.7065853 0.7034799 0.07650667 -0.7065854 0.6910845 0.152116 -0.7065849 0.6910846 0.1521176 -0.7065848 0.6705859 0.2259479 -0.7065865 0.6705862 0.2259417 -0.7065868 0.6422259 0.2971211 -0.7065843 0.6422242 0.2971309 -0.7065836 0.6063343 0.3648264 -0.7065855 0.6063364 0.3648195 -0.7065857 0.5633382 0.4282369 -0.7065846 0.5633369 0.4282402 -0.7065849 0.5137405 0.4866297 -0.7065854 0.5137413 0.4866284 -0.7065854 0.4580997 0.5393345 -0.7065887 0.4581067 0.5393243 -0.7065892 0.3971183 0.5856866 -0.7065829 0.3971028 0.5857047 -0.7065824 0.3314548 0.6252033 -0.7065849 0.3314622 0.6251963 -0.7065851 0.2619219 0.6573693 -0.7065867 0.261927 0.6573656 -0.7065873 0.1893202 0.68183 -0.7065849 0.1893123 0.6818348 -0.7065846 0.1144655 0.6983094 -0.7065871 0.1144744 0.6983053 -0.7065873 0.0383197 0.7065876 -0.706583 0.03830426 0.7065927 -0.7065826 -0.03831994 0.7065923 -0.7065869 -0.03830409 0.7065889 -0.7065874 -0.1144651 0.6983066 -0.7065849 -0.1144748 0.6983076 -0.7065846 -0.1893234 0.681832 -0.7065871 -0.1893138 0.681832 -0.706587 -0.2619212 0.6573676 -0.7065854 -0.2619274 0.6573669 -0.7065853 -0.3314534 0.6252006 -0.7065837 -0.3314594 0.6251993 -0.7065838 -0.3971167 0.5856941 -0.7065874 -0.397104 0.5856986 -0.7065872 -0.4581034 0.539329 -0.7065871 -0.4581036 0.5393288 -0.7065871 -0.5137389 0.4866281 -0.7065867 -0.5137403 0.4866274 -0.7065868 -0.5633326 0.4282425 -0.7065855 -0.5633362 0.4282397 -0.7065857 -0.6063326 0.3648253 -0.7065837 -0.6063377 0.3648203 -0.706584 -0.6422285 0.2971222 -0.7065867 -0.6422221 0.2971299 -0.7065867 -0.6705842 0.2259473 -0.7065849 -0.6705877 0.2259421 -0.7065851 -0.6910838 0.1521208 -0.7065853 -0.6910835 0.1521214 -0.7065851 -0.7034807 0.07650101 -0.7065856 -0.70348 0.07650268 -0.7065855 -0.7076277 0 -0.7065855 -0.7076277 0 -0.7065857 -0.7034802 -0.07650095 -0.7065852 -0.7034804 -0.07650256 -0.7065852 -0.6910836 -0.1521208 -0.706585 -0.6910836 -0.1521215 -0.7065848 -0.6705859 -0.2259479 -0.7065851 -0.6705859 -0.225947 -0.7065846 -0.6422244 -0.2971295 -0.7065861 -0.6422254 -0.2971239 -0.7065864 -0.6063372 -0.3648163 -0.7065855 -0.6063364 -0.3648195 -0.7065854 -0.5633336 -0.4282432 -0.7065866 -0.5633354 -0.428239 -0.7065863 -0.5137302 -0.4866386 -0.7065874 -0.5137321 -0.486635 -0.7065876 -0.4581147 -0.539319 -0.7065836 -0.4581061 -0.5393316 -0.7065836 -0.3971168 -0.5856943 -0.7065838 -0.3971172 -0.5856939 -0.7065835 -0.3314542 -0.6252022 -0.7065852 -0.3314589 -0.625198 -0.7065851 -0.2619219 -0.6573693 -0.7065827 -0.2619144 -0.657375 -0.7065821 -0.1893057 -0.6818394 -0.7065849 -0.1893145 -0.6818342 -0.7065851 -0.1144847 -0.6983056 -0.7065867 -0.1144903 -0.6983031 -0.7065873 -0.0383197 -0.7065876 -0.706583 -0.03830426 -0.7065927 -0.7065826 0.03831994 -0.7065923 0.9388162 -0.1267878 0.3202326 0.9388161 -0.0431649 0.3417034 0.9389572 -0.2051219 0.2761962 0.9388163 -0.3383179 0.06453764 0.9388162 -0.311639 0.146647 0.9388162 -0.2653796 0.2195399 0.9392014 -0.341843 -0.03231197 0.9388162 -0.2357722 -0.2510691 0.9388161 -0.2908028 -0.1845484 0.9388161 -0.3275607 -0.1064339 0.9393959 -0.1492119 -0.3086603 0.9388163 0.08565479 -0.3335977 0.9388163 0 -0.3444184 0.9388163 -0.08565413 -0.3335977 0.9395412 0.1865015 -0.2871925 0.9388161 0.3275617 -0.1064317 0.9388162 0.2908028 -0.1845484 0.9388162 0.2357722 -0.2510691 0.9396378 0.3420018 0.0107541 0.9388161 0.2653785 0.2195416 0.9388161 0.3116402 0.146645 0.938816 0.3383184 0.06453776 0.9388161 0.1267879 0.3202328 0.9396861 0.1679133 0.2979853 0.9388161 0.04316526 0.3417034 0.938957 0.2051221 0.2761965 0.9392014 0.341843 -0.03231537 0.9393959 0.149212 -0.3086605 0.9395413 -0.1865042 -0.2871906 0.9396378 -0.3420019 0.01074397 0.9396862 -0.1679131 0.297985 1 0 0 1 0 0 1 0 0 1 0 0 1 0 0 1 0 0 0 0.500001 0.8660249 -7.71237e-7 0.4999992 0.8660258 0 0.4999975 0.8660268 1 0 0 1 0 0 1 0 0 1 0 0 1 0 0 0 0.05414682 0.998533 0 0.1617792 0.986827 0 0.1617792 0.986827 0 0.2675322 0.9635488 0 0.2675322 0.9635488 0 0.3701349 0.928978 0 0.3701349 0.928978 0 0.4684076 0.8835125 0 0.4684076 0.8835125 0 0.5611879 0.8276884 0 0.5611879 0.8276884 0 0.6473869 0.7621616 0 0.6473869 0.7621616 0 0.7259953 0.6876997 0 0.7259953 0.6876997 0 0.7960918 0.6051759 0 0.7960918 0.6051759 0 0.8568583 0.5155519 0 0.8568583 0.5155519 0 0.9075753 0.4198895 0 0.9075753 0.4198895 0 0.9476524 0.3193038 0 0.9476524 0.3193038 0 0.9766212 0.2149675 0 0.9766212 0.2149675 0 0.994138 0.1081188 0 0.994138 0.1081188 0 1 0 0 1 0 0 0.994138 -0.1081188 0 0.994138 -0.1081188 0 0.9766212 -0.2149675 0 0.9766212 -0.2149675 0 0.9476524 -0.3193038 0 0.9476524 -0.3193038 0 0.9075753 -0.4198895 0 0.9075753 -0.4198895 0 0.8568583 -0.5155519 0 0.8568583 -0.5155519 0 0.7960918 -0.6051759 0 0.7960918 -0.6051759 0 0.7259957 -0.6876994 0 0.7259957 -0.6876994 0 0.6473833 -0.7621646 0 0.6473833 -0.7621646 0 0.5611879 -0.8276884 0 0.5611879 -0.8276884 0 0.4684076 -0.8835125 0 0.4684076 -0.8835125 0 0.3701403 -0.9289758 0 0.3701403 -0.9289758 0 0.2675264 -0.9635505 0 0.2675264 -0.9635505 0 0.1617853 -0.986826 0 0.1617853 -0.986826 0 0.05414062 -0.9985333 0 0.05414062 -0.9985333 0 -0.05414092 -0.9985333 0 -0.05414092 -0.9985333 0 -0.1617843 -0.9868262 0 -0.1617843 -0.9868262 0 -0.2675264 -0.9635505 0 -0.2675264 -0.9635505 0 -0.3701403 -0.9289758 0 -0.3701403 -0.9289758 0 -0.4684076 -0.8835125 0 -0.4684076 -0.8835125 0 -0.5611879 -0.8276884 0 -0.5611879 -0.8276884 0 -0.6473833 -0.7621646 0 -0.6473833 -0.7621646 0 -0.7259957 -0.6876994 0 -0.7259957 -0.6876994 0 -0.7960918 -0.6051759 0 -0.7960918 -0.6051759 0 -0.856857 -0.5155542 0 -0.856857 -0.5155542 0 -0.9075776 -0.4198843 0 -0.9075776 -0.4198843 0 -0.9476524 -0.3193038 0 -0.9476524 -0.3193038 0 -0.9766199 -0.2149735 0 -0.9766199 -0.2149735 0 -0.994138 -0.1081188 0 -0.994138 -0.1081188 0 -1 0 0 -1 0 0 -0.994138 0.1081188 0 -0.994138 0.1081188 0 -0.9766199 0.2149735 0 -0.9766199 0.2149735 0 -0.9476524 0.3193038 0 -0.9476524 0.3193038 0 -0.9075776 0.4198843 0 -0.9075776 0.4198843 0 -0.856857 0.5155542 0 -0.856857 0.5155542 0 -0.7960918 0.6051759 0 -0.7960918 0.6051759 0 -0.7259953 0.6876997 0 -0.7259953 0.6876997 0 -0.6473869 0.7621616 0 -0.6473869 0.7621616 0 -0.5611879 0.8276884 0 -0.5611879 0.8276884 0 -0.4684076 0.8835125 0 -0.4684076 0.8835125 0 -0.3701349 0.928978 0 -0.3701349 0.928978 0 -0.2675322 0.9635488 0 -0.2675322 0.9635488 0 -0.1617782 0.9868271 0 -0.1617782 0.9868271 0 -0.05414718 0.998533 0 -0.05414718 0.998533 0 0.05414682 0.998533 1 0 0 1 0 0 1 0 0 1 0 0 1 0 0 0 -1 0 0 -1 0 0 -1 0 1 0 0 1 0 0 1 0 0 1 0 0 1 0 0 1 0 0 1 0 0 1 0 0 1 0 0 1 0 0 1 0 0 1 0 0 1 0 0 1 0 0 1 0 0 -1.89862e-4 -0.9369464 0.3494728 1.4819e-4 -0.9766198 0.2149737 1.97807e-4 -0.9771482 0.2125593 -1.42273e-4 -0.9941388 0.1081114 3.91548e-4 -0.9974521 0.07133978 -2.39312e-4 -1 0 7.17198e-4 -0.9941385 -0.1081114 -2.60663e-4 -0.997452 -0.07134103 2.05822e-4 -0.9766198 -0.2149738 1.54223e-4 -0.9771482 -0.2125594 -1.12704e-4 -0.9476531 -0.3193019 3.75776e-4 -0.9369485 -0.3494671 -2.37249e-4 -0.907576 -0.4198878 8.06199e-4 -0.8568575 -0.5155526 -3.36024e-4 -0.8776829 -0.4792417 2.66819e-4 -0.7960912 -0.6051766 1.06654e-4 -0.8005407 -0.5992785 -7.92154e-5 -0.725994 -0.6877011 3.55874e-4 -0.7071024 -0.7071111 -2.31489e-4 -0.6473811 -0.7621665 0 -0.630329 -0.7763282 0 -0.5611938 -0.8276845 -2.60883e-4 -0.5733534 -0.8193082 3.32206e-4 -0.4684082 -0.8835121 5.53824e-5 -0.4792521 -0.8776773 -4.15029e-5 -0.3701288 -0.9289805 3.31943e-4 -0.34947 -0.9369475 -2.21769e-4 -0.2675338 -0.9635484 0 -0.2484828 -0.9686363 0 -0.1617948 -0.9868245 -3.04637e-4 -0.1787848 -0.9838882 4.01269e-4 -0.05413037 -0.9985339 0 -0.07133173 -0.9974527 0 0.05413037 -0.9985339 3.04522e-4 0.07133179 -0.9974527 -2.07762e-4 0.1617948 -0.9868245 0 0.1787848 -0.9838882 0 0.2675309 -0.9635493 -3.48342e-4 0.2484828 -0.9686362 4.74061e-4 0.3701288 -0.9289804 -5.92619e-5 0.3494672 -0.9369486 4.55115e-5 0.468413 -0.8835096 2.7286e-4 0.4792521 -0.8776773 -1.89861e-4 0.5611884 -0.8276881 0 0.5733534 -0.8193082 0 0.6473867 -0.7621616 -3.91759e-4 0.6303289 -0.7763282 5.5121e-4 0.7259939 -0.6877009 -1.22651e-4 0.7071068 -0.7071068 9.48031e-5 0.7960913 -0.6051766 2.37262e-4 0.8005427 -0.5992756 -1.68096e-4 0.8568577 -0.5155528 4.03418e-4 0.8776792 -0.4792484 -2.37341e-4 0.907576 -0.4198878 6.32347e-4 0.9476528 -0.3193019 -1.89591e-4 0.9369515 -0.3494595 1.48389e-4 0.976621 -0.2149683 1.97723e-4 0.9771463 -0.2125677 -1.42412e-4 0.9941382 -0.1081171 3.91457e-4 0.997452 -0.07134103 -2.39413e-4 1 0 7.17147e-4 0.994138 0.1081171 -2.60898e-4 0.9974521 0.07133978 2.05519e-4 0.976621 0.2149683 1.54215e-4 0.9771464 0.2125676 -1.1272e-4 0.9476553 0.3192949 3.75839e-4 0.9369493 0.3494652 -2.37248e-4 0.907572 0.4198965 8.06113e-4 0.8568575 0.5155526 -3.35904e-4 0.8776792 0.4792484 2.669e-4 0.7960912 0.6051766 1.06659e-4 0.8005427 0.5992757 -7.91903e-5 0.7260048 0.6876896 3.56062e-4 0.7071067 0.7071067 -2.31257e-4 0.6473867 0.7621616 0 0.6303523 0.7763093 0 0.5611727 0.8276988 -2.61332e-4 0.5733534 0.8193082 3.31727e-4 0.4684129 0.8835095 5.53702e-5 0.4792387 0.8776847 -4.14859e-5 0.3701486 0.9289726 3.32374e-4 0.3494671 0.9369486 -2.21344e-4 0.2675309 0.9635493 0 0.2485166 0.9686276 0 0.1617724 0.9868282 -3.04451e-4 0.1787523 0.9838941 4.01269e-4 0.05413037 0.9985339 0 0.07133173 0.9974527 0 -0.05413037 0.9985339 3.04522e-4 -0.07133179 0.9974527 -2.07635e-4 -0.1617724 0.986828 0 -0.1787522 0.9838941 0 -0.2675338 0.9635484 -3.47776e-4 -0.2485166 0.9686276 4.74499e-4 -0.3701485 0.9289724 -5.92595e-5 -0.34947 0.9369476 4.55075e-5 -0.4684082 0.8835121 2.72675e-4 -0.4792387 0.8776847 -1.90022e-4 -0.561178 0.8276951 0 -0.5733534 0.8193082 0 -0.6473811 0.7621665 -3.911e-4 -0.6303523 0.7763091 5.5175e-4 -0.7260047 0.6876896 -1.22661e-4 -0.7071024 0.7071111 9.48031e-5 -0.7960913 0.6051766 2.37195e-4 -0.8005407 0.5992785 -1.68182e-4 -0.8568577 0.5155528 4.03433e-4 -0.8776829 0.4792417 -2.37156e-4 -0.907572 0.4198965 6.32631e-4 -0.9476552 0.3192949 -1 0 0 -1 0 0 -1 0 0 -1 0 0 -1 0 0 -1 0 0 -1 0 0 -1 0 0 -1 0 0 -1 0 0 -1 0 0 -1 0 0 -1 0 0 -1 0 0 -1 0 0 -1 0 0 -1 0 0 -1 0 0 -1 0 0 -1 0 0 -1 0 0 -1 0 0 -1 0 0 -1 0 0 -1 0 0 -1 0 0 -1 0 0 -1 0 0 -1 0 0 -1 0 0 -1 0 0 -1 0 0 -1 0 0 -1 0 0 -1 0 0 -1 0 0 -1 0 0 -1 0 0 -1 0 0 -1 0 0 -1 0 0 -1 0 0 -1 0 0 -1 0 0 -1 0 0 -1 0 0 -1 0 0 -1 0 0 -1 0 0 -1 0 0 -1 0 0 -1 0 0 -1 0 0 -1 0 0 -1 0 0 -1 0 0 -1 0 0 -1 0 0 -1 0 0 -1 0 0 -1 0 0 -1 0 0 -1 0 0 -1 0 0 -1 0 0 -1 0 0 -1 0 0 -1 0 0 -1 0 0 -1 0 0 -1 0 0 -1 0 0 -1 0 0 -1 0 0 -1 0 0 -1 0 0 -1 0 0 -1 0 0 -1 0 0 -1 0 0 -1 0 0 -1 0 0 -1 0 0 -1 0 0 -1 0 0 -1 0 0 -1 0 0 -1 0 0 -1 0 0 -1 0 0 -1 0 0 -1 0 0 -1 0 0 -1 0 0 -1 0 0 -1 0 0 -1 0 0 -1 0 0 -1 0 0 -1 0 0 -1 0 0 -1 0 0 -1 0 0 -1 0 0 -1 0 0 -1 0 0 -1 0 0 -1 0 0 -1 0 0 -1 0 0 -1 0 0 -1 0 0 -1 0 0 -1 0 0 -1 0 0 -1 0 0 -1 0 0 -1 0 0 -1 0 0 -1 0 0 -1 0 0 -1 0 0 -1 0 0 -1 0 0 -1 0 0 -1 0 0 -1 0 0 -1 0 0 -1 0 0 -1 0 0 -1 0 0 -1 0 0 -1 0 0 -1 0 0 -1 0 0 -1 0 0 -1 0 0 -1 0 0 -1 0 0 -1 0 0 -1 0 0 -1 0 0 -1 0 0 -1 0 0 -1 0 0 -1 0 0 -1 0 0 -1 0 0 -1 0 0 -1 0 0 -1 0 0 -1 0 0 -1 0 0 -1 0 0 -1 0 0 -1 0 0 -1 0 0 -1 0 0 -1 0 0 -1 0 0 -1 0 0 -1 0 0 -1 0 0 -1 0 0 -1 0 0 -1 0 0 -1 0 0 -1 0 0 -1 0 0 -1 0 0 -1 0 0 -1 0 0 -1 0 0 -1 0 0 -1 0 0 -1 0 0 -1 0 0 -1 0 0 -1 0 0 -1 0 0 -1 0 0 -1 0 0 -1 0 0 -1 0 0 -1 0 0 -1 0 0 -1 0 0 -1 0 0 -1 0 0 -1 0 0 -1 0 0 -1 0 0 -1 0 0 -1 0 0 -1 0 0 -1 0 0 -1 0 0 -1 0 0 -1 0 0 -1 0 0 -1 0 0 -1 0 0 -1 0 0 -1 0 0 1 0 0 1 0 0 1 0 0 1 0 0 1 0 0 1 0 0 1 0 0 1 0 0 1 0 0 1 0 0 1 0 0 1 0 0 1 0 0 1 0 0 1 0 0 1 0 0 1 0 0 1 0 0 1 0 0 1 0 0 1 0 0 1 0 0 1 0 0 1 0 0 1 0 0 1 0 0 1 0 0 1 0 0 1 0 0 1 0 0 1 0 0 1 0 0 1 0 0 1 0 0 1 0 0 1 0 0 1 0 0 1 0 0 1 0 0 1 0 0 1 0 0 1 0 0 1 0 0 1 0 0 1 0 0 1 0 0 1 0 0 1 0 0 1 0 0 1 0 0 1 0 0 1 0 0 1 0 0 1 0 0 1 0 0 1 0 0 1 0 0 1 0 0 1 0 0 1 0 0 1 0 0 1 0 0 1 0 0 1 0 0 -0.2621152 -0.3372394 0.9041931 -0.2621655 -0.3372465 0.9041759 -0.2621614 -0.4624944 0.8469771 -0.2620823 -0.4624872 0.8470056 -0.2620891 -0.5783282 0.7725579 -0.1345151 -0.5681425 0.811862 -0.2626217 -0.6082262 0.7490599 -0.2621232 -0.6823782 0.6823866 -0.262123 -0.6823783 0.6823866 -0.2621237 -0.7725504 0.5783226 -0.2621155 -0.772551 0.5783255 -0.2621116 -0.8469926 0.4624946 -0.2621486 -0.8469882 0.4624814 -0.262146 -0.9041826 0.3372438 -0.262115 -0.9041877 0.3372541 -0.2621163 -0.9429834 0.205128 -0.2621186 -0.9429829 0.2051273 -0.2621228 -0.9625753 0.06885045 -0.262143 -0.9625702 0.06884497 -0.2621429 -0.9625699 -0.0688501 -0.2621275 -0.9625744 -0.06884646 -0.2621326 -0.9429783 -0.2051306 -0.2621163 -0.9429835 -0.2051275 -0.2621152 -0.9041925 -0.3372412 -0.262146 -0.9041818 -0.3372457 -0.2621483 -0.84698 -0.4624967 -0.2620797 -0.8470047 -0.4624904 -0.2620761 -0.7725667 -0.5783224 -0.2621237 -0.7725492 -0.5783242 -0.262123 -0.6823782 -0.6823866 -0.2621232 -0.6823782 -0.6823865 -0.2626214 -0.6082037 -0.7490783 -0.1933558 -0.5879676 -0.7854347 -0.2625753 -0.5532352 -0.79056 -0.2621404 -0.4624844 -0.8469892 -0.2621036 -0.4624973 -0.8469935 -0.2621037 -0.3372551 -0.9041907 -0.262115 -0.3372513 -0.9041887 -0.2625939 -0.2397627 -0.9346433 -0.1926712 -0.208579 -0.9588392 -0.2625494 -0.1725128 -0.949372 -0.2620921 -0.06884276 -0.9625842 -0.2621102 -0.06883788 -0.9625796 -0.2621101 0.06884241 -0.9625794 -0.262092 0.06883823 -0.9625846 -0.2620933 0.2051311 -0.942989 -0.1244158 0.1773957 -0.9762436 -0.2625939 0.2397627 -0.9346433 -0.262115 0.3372513 -0.9041888 -0.2621036 0.3372496 -0.9041926 -0.2621037 0.4624927 -0.846996 -0.2621247 0.4624946 -0.8469884 -0.2621223 0.5783188 -0.7725538 -0.1345737 0.5681379 -0.8118554 -0.2626215 0.6082037 -0.7490783 -0.2621231 0.6823845 -0.6823804 -0.2621114 0.6823846 -0.6823846 -0.2621104 0.7725553 -0.5783221 -0.2621024 0.7725558 -0.578325 -0.262109 0.8469911 -0.4624987 -0.262134 0.8469882 -0.4624899 -0.2621304 0.9041886 -0.3372398 -0.2621307 0.9041885 -0.3372397 -0.2621325 0.9429774 -0.2051346 -0.2621325 0.9429774 -0.2051346 -0.2621274 0.9625747 -0.06884211 -0.2621101 0.9625791 -0.06884682 -0.2621101 0.9625794 0.06884241 -0.2621227 0.9625757 0.06884539 -0.2621185 0.9429819 0.2051319 -0.2621325 0.9429774 0.2051345 -0.2621306 0.9041865 0.3372452 -0.2621305 0.9041865 0.3372452 -0.262134 0.8469889 0.4624884 -0.2621405 0.8469867 0.462489 -0.2621418 0.7725425 0.578325 -0.2621104 0.7725541 0.5783237 -0.2621115 0.6823867 0.6823825 -0.2621231 0.6823824 0.6823824 -0.2626217 0.6082262 0.7490599 -0.1932908 0.5879712 0.785448 -0.2625023 0.5532467 0.7905762 -0.2620669 0.4625102 0.8469977 -0.2621617 0.4624768 0.8469866 -0.2621652 0.3372319 0.9041814 -0.2621151 0.3372486 0.9041897 -0.2625942 0.2397953 0.9346349 -0.1926034 0.2085819 0.9588522 -0.2625497 0.1724814 0.9493777 -0.2620924 0.06885933 0.962583 -0.2621761 0.06883656 0.9625619 -0.2621757 -0.06885772 0.9625604 -0.262092 -0.06883823 0.9625846 -0.2620933 -0.2051311 0.942989 -0.1242784 -0.1773664 0.9762664 -0.2625942 -0.2397953 0.9346349 0.3579003 0.05056011 0.93239 0.3579003 0.1510665 0.9214588 0.3579049 0.1510626 0.9214576 0.3579047 0.2498123 0.899721 0.3579074 0.2498101 0.8997207 0.3579071 0.3456165 0.8674398 0.3579076 0.3456161 0.8674398 0.3579075 0.4373794 0.8249857 0.3579084 0.4373787 0.8249857 0.3579082 0.524012 0.7728604 0.3579066 0.5240134 0.7728602 0.3579064 0.6045032 0.7116733 0.3579078 0.604502 0.7116736 0.3579081 0.6779018 0.6421456 0.3579058 0.6779037 0.6421449 0.3579057 0.7433574 0.565087 0.3579069 0.7433565 0.5650874 0.3579068 0.8000971 0.4814013 0.3579053 0.8000982 0.4814007 0.357905 0.8474553 0.3920758 0.3579041 0.8474559 0.3920753 0.3579043 0.8848792 0.2981497 0.3579081 0.8848769 0.2981521 0.3579077 0.9119266 0.2007286 0.3579061 0.9119275 0.2007275 0.3579067 0.9282833 0.1009591 0.3579037 0.9282847 0.1009569 0.357905 0.933758 0 0.357905 0.933758 0 0.3579053 0.9282839 -0.1009592 0.3579083 0.928283 -0.1009567 0.3579093 0.9119266 -0.200726 0.3579077 0.9119269 -0.2007274 0.3579081 0.8848778 -0.2981492 0.3579044 0.8848783 -0.2981525 0.357904 0.8474556 -0.3920759 0.357905 0.8474557 -0.3920752 0.3579053 0.8000977 -0.4814016 0.3579068 0.8000977 -0.4814003 0.3579069 0.743357 -0.5650867 0.3579058 0.7433569 -0.5650877 0.3579058 0.6779024 -0.6421462 0.3579087 0.6779032 -0.6421439 0.3579086 0.6045032 -0.7116723 0.3579007 0.6045004 -0.7116785 0.3579003 0.5240137 -0.7728628 0.3579019 0.5240144 -0.7728616 0.3579018 0.4373804 -0.8249877 0.3579009 0.43738 -0.8249883 0.3579006 0.3456175 -0.867442 0.3579069 0.3456212 -0.867438 0.3579073 0.2498065 -0.8997218 0.3579049 0.2498049 -0.8997231 0.357905 0.1510662 -0.9214571 0.3579078 0.1510681 -0.9214556 0.3579077 0.05055135 -0.9323877 0.3579112 0.05055409 -0.9323861 0.3579113 -0.05055159 -0.9323862 0.3579077 -0.05055451 -0.9323874 0.3579077 -0.1510651 -0.9214561 0.357905 -0.1510674 -0.9214568 0.3579049 -0.2498067 -0.8997225 0.3579072 -0.2498047 -0.8997222 0.357907 -0.3456176 -0.8674394 0.3579021 -0.3456219 -0.8674397 0.3579027 -0.4373791 -0.824988 0.3579018 -0.4373799 -0.824988 0.3579019 -0.5240148 -0.7728614 0.3579025 -0.5240143 -0.7728614 0.3579031 -0.604503 -0.7116751 0.3579085 -0.6044985 -0.7116763 0.3579087 -0.6779016 -0.6421455 0.3579058 -0.677904 -0.6421446 0.3579057 -0.7433574 -0.565087 0.3579069 -0.7433565 -0.5650874 0.3579068 -0.8000985 -0.4813992 0.3579117 -0.8000948 -0.4814015 0.3579118 -0.8474529 -0.3920747 0.3579041 -0.8474581 -0.3920705 0.3579043 -0.8848783 -0.2981525 0.3579046 -0.8848783 -0.2981526 0.3579039 -0.9119285 -0.2007264 0.3579129 -0.9119237 -0.2007325 0.3579121 -0.9282813 -0.1009589 0.357909 -0.9282827 -0.1009567 0.3579088 -0.9337565 0 0.3579089 -0.9337565 0 0.3579074 -0.9282832 0.1009591 0.3579104 -0.9282822 0.1009566 0.3579097 -0.9119259 0.2007285 0.3579041 -0.911927 0.2007333 0.3579045 -0.8848783 0.2981525 0.3579044 -0.8848783 0.2981525 0.357904 -0.8474556 0.3920759 0.3579117 -0.8474555 0.3920692 0.3579118 -0.8000968 0.4813982 0.3579069 -0.8000964 0.4814025 0.3579069 -0.743357 0.5650867 0.3579058 -0.7433569 0.5650877 0.3579058 -0.6779024 0.6421462 0.357908 -0.6779029 0.6421443 0.3579078 -0.6045014 0.7116742 0.3579089 -0.6045017 0.7116733 0.3579088 -0.5240134 0.7728593 0.3579081 -0.5240131 0.7728596 0.3579084 -0.437378 0.824986 0.3579093 -0.4373785 0.8249855 0.3579091 -0.3456174 0.8674387 0.357907 -0.3456161 0.8674399 0.3579074 -0.249812 0.8997201 0.3579048 -0.2498104 0.8997216 0.357905 -0.1510652 0.9214571 0.3579004 -0.151062 0.9214594 0.3579001 -0.05055183 0.9323906 0.3579112 -0.05056023 0.9323858 0.3579113 0.05055123 0.9323862 0.9133239 0.02204662 0.4066369 0.9133238 0.06588542 0.4018691 0.9133247 0.06588321 0.4018675 0.9133246 0.1089469 0.3923885 0.9133238 0.1089491 0.3923898 0.9133239 0.150729 0.3783124 0.9133226 0.1507328 0.3783141 0.9133226 0.1907539 0.3597981 0.9133231 0.1907525 0.3597977 0.9133232 0.2285373 0.3370632 0.9133242 0.2285338 0.3370624 0.9133243 0.263638 0.310377 0.9133244 0.2636377 0.310377 0.9133244 0.2956469 0.2800562 0.9133232 0.2956504 0.2800562 0.9133233 0.3241989 0.246446 0.9133248 0.3241941 0.2464466 0.9133249 0.3489388 0.2099511 0.9133241 0.3489413 0.2099505 0.9133241 0.3695946 0.1709938 0.9133239 0.3695954 0.1709935 0.9133239 0.3859167 0.1300295 0.9133242 0.3859159 0.1300299 0.9133243 0.3977119 0.08754312 0.913324 0.3977129 0.08754253 0.9133239 0.4048464 0.04402995 0.9133243 0.4048456 0.04403054 0.9133243 0.4072329 0 0.9133243 0.4072329 0 0.9133244 0.4048457 -0.04402989 0.913324 0.4048464 -0.04403066 0.913324 0.3977128 -0.0875433 0.9133249 0.3977113 -0.08754104 0.9133251 0.3859144 -0.1300287 0.9133247 0.3859148 -0.1300294 0.9133251 0.3695939 -0.1709908 0.9133241 0.3695948 -0.1709933 0.9133239 0.3489404 -0.2099521 0.9133248 0.3489397 -0.2099496 0.9133249 0.3241941 -0.2464467 0.9133248 0.324194 -0.2464464 0.913325 0.2956486 -0.2800524 0.9133243 0.2956486 -0.2800546 0.9133244 0.2636379 -0.3103768 0.9133244 0.2636379 -0.3103768 0.9133244 0.2285321 -0.3370634 0.9133253 0.2285326 -0.3370605 0.9133254 0.190751 -0.3597927 0.9133248 0.1907506 -0.3597941 0.913325 0.1507331 -0.3783081 0.9133238 0.1507318 -0.3783115 0.9133238 0.1089474 -0.3923904 0.9133235 0.1089469 -0.3923913 0.9133235 0.06588274 -0.4018704 0.9133238 0.06588351 -0.4018693 0.9133238 0.02204555 -0.406637 0.9133243 0.02204656 -0.4066358 0.9133243 -0.02204567 -0.4066358 0.9133238 -0.0220468 -0.4066368 0.9133239 -0.06588214 -0.4018695 0.9133234 -0.06588327 -0.4018703 0.9133234 -0.1089476 -0.3923912 0.9133237 -0.1089467 -0.3923906 0.9133238 -0.1507341 -0.3783107 0.9133247 -0.1507315 -0.3783094 0.9133246 -0.1907525 -0.359794 0.9133256 -0.1907493 -0.359793 0.9133257 -0.2285297 -0.3370614 0.9133241 -0.2285347 -0.3370624 0.9133239 -0.2636384 -0.3103774 0.9133244 -0.2636371 -0.3103773 0.9133243 -0.2956505 -0.2800528 0.9133254 -0.2956468 -0.2800527 0.9133255 -0.3241923 -0.2464467 0.9133248 -0.3241941 -0.2464466 0.9133249 -0.3489388 -0.2099511 0.9133235 -0.3489428 -0.2099502 0.9133235 -0.3695975 -0.170991 0.913325 -0.3695932 -0.1709925 0.9133248 -0.385914 -0.1300314 0.9133244 -0.3859152 -0.1300309 0.9133243 -0.3977125 -0.08754181 0.913324 -0.3977131 -0.0875414 0.9133239 -0.4048466 -0.04402852 0.913325 -0.4048442 -0.04403042 0.913325 -0.4072315 0 0.913325 -0.4072315 0 0.913325 -0.4048444 0.04402828 0.913324 -0.4048464 0.04403066 0.9133241 -0.3977131 0.08754193 0.9133238 -0.3977136 0.08754265 0.9133236 -0.3859166 0.1300323 0.913324 -0.3859161 0.1300312 0.9133239 -0.3695956 0.1709927 0.9133235 -0.369596 0.1709938 0.9133235 -0.3489415 0.2099528 0.9133248 -0.3489404 0.2099487 0.9133248 -0.3241953 0.2464447 0.9133239 -0.3241959 0.2464479 0.9133237 -0.2956488 0.2800565 0.9133243 -0.2956486 0.2800546 0.9133244 -0.2636379 0.3103768 0.9133238 -0.2636377 0.3103783 0.9133239 -0.2285356 0.3370621 0.9133235 -0.2285354 0.3370634 0.9133235 -0.1907536 0.3597962 0.9133223 -0.1907528 0.3597994 0.9133222 -0.1507304 0.3783158 0.9133238 -0.1507322 0.3783113 0.9133238 -0.1089474 0.3923904 0.9133245 -0.1089486 0.3923881 0.9133247 -0.06588464 0.4018672 0.9133238 -0.0658831 0.4018694 0.9133238 -0.02204573 0.406637 0.9133244 -0.02204674 0.4066358 0.9133242 0.02204549 0.4066358 0 -0.4999961 0.8660276 -1.37838e-6 -0.4999992 0.8660258 0 -0.5000024 0.8660241 0 -0.5000024 -0.8660241 -3.11776e-7 -0.5000017 -0.8660244 0 -0.500001 -0.8660249 0 0.5000024 -0.8660241 3.11776e-7 0.5000017 -0.8660244 0 0.500001 -0.8660249 0 1 0 0 1 0 0 1 0 -0.8679146 0.05309385 -0.4938678 -0.86792 0.05310118 -0.4938574 -0.8679201 0.08818113 -0.4888135 -0.8679224 0.08818376 -0.4888091 -0.8679224 0.1228484 -0.481268 -0.8679171 0.1228427 -0.4812791 -0.8679172 0.1568533 -0.4712927 -0.8679218 0.1568576 -0.4712827 -0.8679216 0.1900802 -0.4588917 -0.8679225 0.1900808 -0.4588899 -0.8679221 0.2223348 -0.4441603 -0.8679166 0.2223315 -0.4441727 -0.8679168 0.2534521 -0.4271796 -0.8679233 0.253455 -0.4271647 -0.867923 0.2832801 -0.4079977 -0.8679167 0.2832784 -0.4080122 -0.8679171 0.3116684 -0.3867592 -0.8679165 0.3116683 -0.3867606 -0.8679165 0.3384661 -0.3635405 -0.8679207 0.3384658 -0.3635306 -0.8679203 0.3635353 -0.3384617 -0.8679196 0.3635354 -0.3384635 -0.8679195 0.386756 -0.3116659 -0.8679208 0.3867555 -0.3116629 -0.8679205 0.4080044 -0.2832779 -0.8679153 0.4080073 -0.2832896 -0.8679153 0.4271789 -0.2534586 -0.8679143 0.4271796 -0.2534609 -0.8679147 0.4441705 -0.2223435 -0.8679202 0.4441658 -0.2223317 -0.8679199 0.4588944 -0.1900813 -0.8679235 0.4588908 -0.1900738 -0.8679232 0.4712812 -0.1568541 -0.8679184 0.4712868 -0.1568639 -0.8679181 0.4812791 -0.1228355 -0.867917 0.4812806 -0.1228376 -0.8679172 0.488816 -0.08819675 -0.86792 0.4888119 -0.08819162 -0.8679198 0.4938585 -0.05309283 -0.8679196 0.4938589 -0.05309325 -0.8679193 0.4963889 -0.01772564 -0.867915 0.4963962 -0.01773262 -0.867915 0.4963963 0.01772594 -0.867919 0.496389 0.01773184 -0.8679186 0.4938607 0.05309307 -0.8679189 0.4938603 0.05309337 -0.8679184 0.4888145 0.08819401 -0.8679171 0.4888169 0.08819252 -0.867917 0.4812801 0.1228393 -0.8679159 0.4812825 0.1228381 -0.8679156 0.4712939 0.1568583 -0.8679234 0.4712771 0.1568655 -0.8679234 0.4588888 0.190079 -0.8679199 0.4588967 0.1900763 -0.8679201 0.4441623 0.2223393 -0.8679146 0.4441745 0.2223361 -0.8679144 0.4271838 0.2534533 -0.8679152 0.427182 0.2534536 -0.8679153 0.4080073 0.2832896 -0.8679153 0.4080072 0.2832896 -0.8679149 0.3867622 0.3116708 -0.8679136 0.3867653 0.3116707 -0.8679133 0.3635443 0.3384701 -0.8679206 0.3635274 0.3384696 -0.8679206 0.3384612 0.3635352 -0.8679164 0.338471 0.3635361 -0.8679167 0.3116773 0.3867529 -0.8679243 0.3116598 0.3867499 -0.8679242 0.2832694 0.4080023 -0.8679153 0.2832896 0.4080073 -0.8679154 0.2534637 0.4271757 -0.8679248 0.2534429 0.4271689 -0.8679248 0.2223216 0.4441617 -0.8679138 0.2223454 0.4441713 -0.8679139 0.1900853 0.4589042 -0.8679131 0.1900871 0.4589051 -0.8679132 0.1568681 0.4712952 -0.8679171 0.1568602 0.4712907 -0.867917 0.1228377 0.4812806 -0.8679228 0.1228265 0.4812729 -0.8679226 0.08819389 0.488807 -0.8679199 0.08819872 0.4888108 -0.8679199 0.05309283 0.4938585 -0.8679239 0.05308598 0.4938523 -0.8679237 0.01772534 0.4963811 -0.8679149 0.01773965 0.4963961 -0.867915 -0.0177257 0.4963963 -0.8679239 -0.01773881 0.4963802 -0.8679237 -0.05309212 0.4938518 -0.8679198 -0.05308675 0.4938594 -0.8679199 -0.08819472 0.4888114 -0.8679226 -0.08819788 0.4888061 -0.8679227 -0.1228352 0.481271 -0.8679181 -0.1228303 0.4812806 -0.8679184 -0.1568652 0.4712865 -0.867913 -0.1568602 0.471298 -0.8679131 -0.1900858 0.4589055 -0.8679139 -0.1900865 0.4589037 -0.8679141 -0.22233 0.4441785 -0.8679251 -0.2223366 0.4441536 -0.8679246 -0.2534555 0.4271619 -0.8679152 -0.2534514 0.4271833 -0.8679155 -0.2832815 0.4080126 -0.8679218 -0.2832832 0.407998 -0.8679214 -0.3116688 0.3867493 -0.8679195 -0.3116686 0.3867537 -0.8679196 -0.3384624 0.3635365 -0.8679207 -0.3384623 0.3635341 -0.8679203 -0.3635389 0.338458 -0.8679132 -0.3635405 0.3384745 -0.8679137 -0.3867604 0.3116765 -0.8679149 -0.38676 0.3116737 -0.8679153 -0.4080073 0.2832896 -0.8679193 -0.4080051 0.2832808 -0.8679192 -0.4271767 0.253449 -0.8679143 -0.4271801 0.2534598 -0.8679146 -0.4441735 0.222338 -0.867916 -0.4441722 0.2223349 -0.8679156 -0.4589014 0.1900842 -0.8679192 -0.4588977 0.1900767 -0.8679189 -0.4712862 0.1568627 -0.8679155 -0.4712904 0.1568699 -0.8679159 -0.4812821 0.1228398 -0.8679216 -0.4812745 0.1228287 -0.8679217 -0.4888086 0.08819293 -0.8679183 -0.4888136 0.08819925 -0.8679188 -0.4938603 0.05309301 -0.8679139 -0.4938681 0.05310153 -0.8679143 -0.4963975 0.017726 -0.8679245 -0.4963802 0.01770955 -0.8679243 -0.4963801 -0.01772534 -0.8679144 -0.4963979 -0.01771068 -0.867915 -0.4938669 -0.05309373 -0.86792 -0.4938575 -0.0531004 -0.8679199 -0.4888113 -0.08819591 -0.8679218 -0.4888076 -0.08819818 -0.8679215 -0.4812733 -0.122834 -0.8679181 -0.4812806 -0.1228303 -0.8679184 -0.4712871 -0.1568631 -0.867919 -0.471286 -0.1568636 -0.8679191 -0.4588958 -0.1900818 -0.8679156 -0.4589036 -0.1900791 -0.8679159 -0.4441713 -0.2223368 -0.8679146 -0.4441745 -0.2223361 -0.8679143 -0.4271803 -0.2534595 -0.8679194 -0.4271687 -0.2534617 -0.8679193 -0.4080063 -0.2832791 -0.8679206 -0.4080032 -0.2832795 -0.8679206 -0.3867509 -0.3116688 -0.8679195 -0.3867537 -0.3116686 -0.8679198 -0.3635396 -0.3384588 -0.8679203 -0.3635382 -0.3384587 -0.8679206 -0.3384612 -0.3635352 -0.8679196 -0.3384635 -0.3635354 -0.8679194 -0.3116625 -0.3867589 -0.8679142 -0.3116745 -0.3867609 -0.8679143 -0.2832921 -0.4080079 -0.8679232 -0.283272 -0.4080029 -0.8679232 -0.2534464 -0.4271701 -0.8679167 -0.253461 -0.4271748 -0.8679167 -0.222339 -0.4441688 -0.8679223 -0.2223271 -0.4441639 -0.8679224 -0.1900796 -0.4588904 -0.8679217 -0.1900814 -0.4588913 -0.8679217 -0.1568508 -0.4712852 -0.8679186 -0.1568572 -0.4712889 -0.8679184 -0.1228502 -0.4812749 -0.8679225 -0.1228421 -0.4812694 -0.8679224 -0.08818042 -0.4888098 -0.8679201 -0.08818447 -0.488813 -0.8679199 -0.05309283 -0.4938585 -0.8679144 -0.05310225 -0.4938671 -0.8679147 -0.01773965 -0.4963964 -0.8679243 -0.01772415 -0.4963801 -0.8679242 0.01773929 -0.49638 -0.8679145 0.01772505 -0.4963973 -0.5126343 -0.06125003 -0.8564196 -0.5067756 -0.09216231 -0.8571375 -0.5067757 -0.1530528 -0.8483827 -0.5126335 -0.1825055 -0.8389866 -0.5067745 -0.2132064 -0.8352979 -0.5067744 -0.2722398 -0.8179641 -0.5126331 -0.30006 -0.8044696 -0.5067775 -0.3299061 -0.7964538 -0.5067777 -0.3858728 -0.7708947 -0.5126352 -0.4114848 -0.7535817 -0.5067768 -0.4399005 -0.7413939 -0.5067769 -0.4916509 -0.7081359 -0.5126349 -0.5145395 -0.6873534 -0.5067768 -0.5409298 -0.6712467 -0.5067767 -0.587435 -0.6309497 -0.5126331 -0.6071274 -0.6071274 -0.506775 -0.6309568 -0.5874289 -0.5067752 -0.6712476 -0.5409305 -0.512633 -0.6873533 -0.5145413 -0.5067768 -0.7081301 -0.4916596 -0.5067769 -0.7413904 -0.4399061 -0.5126359 -0.7535796 -0.4114877 -0.5067788 -0.7708916 -0.3858776 -0.5067788 -0.7964575 -0.3298949 -0.5126343 -0.8044732 -0.3000484 -0.5067802 -0.8179571 -0.2722501 -0.50678 -0.8353009 -0.2131818 -0.5126322 -0.8389852 -0.1825159 -0.5067775 -0.8483772 -0.1530773 -0.506778 -0.8571362 -0.09216082 -0.5126367 -0.8564182 -0.06124991 -0.5067746 -0.8615304 -0.03073805 -0.5067746 -0.8615305 0.03073716 -0.512637 -0.856418 0.06124985 -0.5067786 -0.857136 0.09216076 -0.5067785 -0.8483767 0.1530771 -0.5126328 -0.8389855 0.1825127 -0.50678 -0.8353009 0.2131818 -0.5067801 -0.8179546 0.2722578 -0.5126334 -0.8044719 0.3000534 -0.5067787 -0.7964575 0.3298949 -0.5067788 -0.7708916 0.3858776 -0.5126346 -0.7535837 0.4114819 -0.5067767 -0.7413972 0.439895 -0.5067768 -0.7081301 0.4916596 -0.5126346 -0.6873472 0.5145478 -0.5067785 -0.671246 0.5409292 -0.5067785 -0.6309434 0.5874402 -0.5126331 -0.6071274 0.6071274 -0.5067767 -0.587435 0.6309496 -0.5067768 -0.5409298 0.6712467 -0.5126349 -0.5145395 0.6873534 -0.5067811 -0.4916667 0.708122 -0.5067811 -0.4398804 0.7414028 -0.5126329 -0.4114969 0.7535767 -0.5067773 -0.3858932 0.7708846 -0.5067775 -0.3299061 0.7964538 -0.5126357 -0.3000465 0.8044731 -0.5067796 -0.2722389 0.8179613 -0.5067794 -0.2131819 0.8353012 -0.5126335 -0.1825055 0.8389866 -0.5067806 -0.1530769 0.8483754 -0.5067806 -0.09213685 0.8571372 -0.5126317 -0.06126481 0.8564202 -0.5067766 -0.03078788 0.8615275 -0.5067766 0.0307883 0.8615275 -0.5126314 0.06126481 0.8564202 -0.5067803 0.09213685 0.8571374 -0.5067802 0.153077 0.8483757 -0.5126332 0.1825071 0.8389865 -0.50678 0.2131788 0.8353016 -0.5067803 0.2722425 0.8179595 -0.5126357 0.3000465 0.8044731 -0.5067775 0.3299061 0.7964538 -0.5067773 0.3858932 0.7708846 -0.5126323 0.4114939 0.7535787 -0.5067797 0.4398809 0.7414035 -0.5067795 0.4916672 0.7081228 -0.5126341 0.5145433 0.6873511 -0.5067784 0.540923 0.6712511 -0.5067784 0.5874406 0.630943 -0.5126331 0.6071274 0.6071274 -0.5067803 0.6309363 0.5874463 -0.5067805 0.6712512 0.5409207 -0.5126346 0.6873472 0.5145478 -0.5067788 0.7081231 0.4916675 -0.5067788 0.7414017 0.4398849 -0.5126335 0.7535812 0.4114879 -0.5067763 0.7708929 0.3858783 -0.5067762 0.7964589 0.3298955 -0.5126321 0.804475 0.3000472 -0.5067801 0.8179546 0.2722578 -0.5067802 0.8352976 0.2131937 -0.5126354 0.838984 0.1825124 -0.5067786 0.8483788 0.1530648 -0.5067784 0.8571373 0.09214818 -0.5126343 0.8564196 0.06124997 -0.5067796 0.8615263 0.03077512 -0.5067795 0.8615263 -0.03077602 -0.512634 0.8564198 -0.06125003 -0.5067778 0.8571377 -0.09214824 -0.5067777 0.8483793 -0.1530649 -0.5126348 0.8389837 -0.1825156 -0.5067802 0.8352977 -0.2131937 -0.5067802 0.8179571 -0.2722501 -0.512633 0.8044763 -0.3000422 -0.5067762 0.7964589 -0.3298955 -0.5067763 0.7708929 -0.3858783 -0.5126348 0.7535772 -0.4114938 -0.5067791 0.7413949 -0.4398961 -0.5067788 0.7081231 -0.4916675 -0.512633 0.6873533 -0.5145413 -0.5067771 0.6712529 -0.540922 -0.5067769 0.6309496 -0.587435 -0.5126331 0.6071274 -0.6071274 -0.5067784 0.5874406 -0.630943 -0.5067784 0.5409229 -0.671251 -0.5126341 0.5145433 -0.6873511 -0.5067754 0.4916515 -0.7081367 -0.5067753 0.4399009 -0.7413945 -0.5126346 0.4114819 -0.7535837 -0.5067777 0.3858728 -0.7708947 -0.5067775 0.3299061 -0.7964538 -0.5126331 0.30006 -0.8044696 -0.5067752 0.2722434 -0.8179624 -0.5067751 0.2132033 -0.8352984 -0.5126332 0.1825071 -0.8389865 -0.5067752 0.1530529 -0.8483831 -0.5067753 0.09216231 -0.8571376 -0.5126342 0.06125003 -0.8564197 -0.506777 0.03076297 -0.8615282 -0.506777 -0.03076249 -0.8615282 -0.706587 0.03830409 -0.7065888 -0.7065873 0.1144828 -0.6983037 -0.7065852 0.1144905 -0.6983045 -0.7065851 0.189305 -0.6818366 -0.7065824 0.1893151 -0.6818365 -0.7065824 0.2619229 -0.6573718 -0.7065849 0.2619136 -0.6573728 -0.7065853 0.3314534 -0.6252006 -0.7065827 0.3314633 -0.6251984 -0.7065824 0.3971174 -0.5856953 -0.7065836 0.3971135 -0.5856966 -0.7065832 0.4581176 -0.5393224 -0.7065858 0.4581086 -0.5393266 -0.7065857 0.5137306 -0.486639 -0.7065862 0.5137288 -0.4866401 -0.7065868 0.5633326 -0.4282425 -0.7065855 0.5633362 -0.4282397 -0.7065854 0.606338 -0.3648167 -0.7065843 0.6063409 -0.3648141 -0.706584 0.6422249 -0.2971298 -0.7065825 0.6422286 -0.2971255 -0.7065828 0.6705878 -0.2259486 -0.7065846 0.6705839 -0.2259544 -0.7065848 0.6910862 -0.1521114 -0.7065854 0.6910849 -0.1521137 -0.7065854 0.7034794 -0.07651078 -0.7065854 0.7034794 -0.07651072 -0.7065855 0.7076277 0 -0.7065855 0.7076277 0 -0.7065854 0.7034794 0.07651078 -0.7065854 0.7034794 0.0765106 -0.7065855 0.6910855 0.1521112 -0.7065848 0.6910855 0.1521137 -0.7065848 0.6705859 0.2259479 -0.7065844 0.6705858 0.2259495 -0.7065847 0.6422279 0.297122 -0.706582 0.6422262 0.2971319 -0.7065815 0.6063361 0.3648275 -0.7065852 0.6063401 0.3648136 -0.7065854 0.5633336 0.4282432 -0.7065866 0.5633354 0.428239 -0.7065867 0.5137392 0.4866284 -0.7065855 0.5137372 0.4866325 -0.7065855 0.4581045 0.5393303 -0.7065871 0.4581078 0.5393255 -0.7065877 0.3971145 0.585691 -0.7065829 0.3971028 0.5857047 -0.7065824 0.3314548 0.6252033 -0.7065849 0.3314622 0.6251963 -0.7065851 0.2619219 0.6573693 -0.7065867 0.261927 0.6573656 -0.7065874 0.1893227 0.6818293 -0.7065849 0.1893145 0.6818342 -0.7065845 0.114464 0.6983096 -0.7065876 0.1144744 0.6983049 -0.7065875 0.03832018 0.7065875 -0.706583 0.03830426 0.7065927 -0.7065826 -0.03831994 0.7065923 -0.7065869 -0.03830409 0.7065889 -0.7065874 -0.1144651 0.6983066 -0.7065849 -0.1144748 0.6983076 -0.7065848 -0.1893209 0.6818326 -0.7065871 -0.1893118 0.6818326 -0.706587 -0.2619212 0.6573676 -0.7065854 -0.2619274 0.6573669 -0.7065853 -0.3314534 0.6252006 -0.7065827 -0.3314633 0.6251984 -0.7065823 -0.3971222 0.5856923 -0.7065886 -0.3970996 0.5857 -0.706589 -0.4580974 0.5393319 -0.7065858 -0.4581086 0.5393266 -0.7065854 -0.5137402 0.4866293 -0.7065849 -0.5137414 0.4866286 -0.7065848 -0.5633341 0.4282436 -0.7065853 -0.5633324 0.4282449 -0.7065854 -0.6063371 0.3648182 -0.7065839 -0.6063412 0.3648143 -0.7065842 -0.6422245 0.2971304 -0.7065844 -0.642224 0.2971309 -0.706584 -0.6705896 0.2259393 -0.7065849 -0.6705877 0.2259421 -0.7065851 -0.6910838 0.1521208 -0.7065853 -0.6910835 0.1521214 -0.7065854 -0.7034794 0.07651078 -0.7065854 -0.7034794 0.07651072 -0.7065855 -0.7076277 0 -0.7065855 -0.7076277 0 -0.7065854 -0.7034794 -0.07651078 -0.7065854 -0.7034794 -0.0765106 -0.7065852 -0.6910836 -0.1521208 -0.706585 -0.6910836 -0.1521215 -0.706585 -0.6705886 -0.2259389 -0.7065828 -0.6705881 -0.2259477 -0.7065821 -0.6422229 -0.2971388 -0.7065861 -0.6422254 -0.2971239 -0.7065866 -0.6063414 -0.3648089 -0.7065852 -0.6063401 -0.3648136 -0.7065854 -0.5633336 -0.4282432 -0.7065848 -0.5633328 -0.4282452 -0.7065845 -0.5137315 -0.4866398 -0.7065856 -0.5137333 -0.4866362 -0.7065858 -0.4581109 -0.5393245 -0.706585 -0.4581092 -0.5393272 -0.7065852 -0.3971205 -0.5856899 -0.7065825 -0.3971141 -0.5856975 -0.7065824 -0.3314548 -0.6252033 -0.7065849 -0.3314622 -0.6251963 -0.7065851 -0.2619219 -0.6573693 -0.7065827 -0.2619144 -0.657375 -0.7065821 -0.1893032 -0.6818401 -0.7065849 -0.1893123 -0.6818348 -0.7065851 -0.1144847 -0.6983056 -0.7065867 -0.1144903 -0.6983031 -0.7065873 -0.0383197 -0.7065876 -0.706583 -0.03830426 -0.7065927 -0.7065826 0.03832048 -0.7065923 0.9388161 -0.1267879 0.3202328 0.9388161 -0.04316526 0.3417034 0.938957 -0.2051221 0.2761965 0.938816 -0.3383184 0.06453776 0.9388161 -0.3116402 0.146645 0.9388161 -0.2653785 0.2195416 0.9392013 -0.3418429 -0.03231537 0.9388161 -0.2357711 -0.2510704 0.9388161 -0.2908028 -0.1845484 0.9388161 -0.3275617 -0.1064317 0.9393959 -0.149212 -0.3086605 0.9388163 0.08565413 -0.3335977 0.9388163 0 -0.3444184 0.9388163 -0.08565419 -0.3335978 0.9395413 0.1865042 -0.2871906 0.9388163 0.3275612 -0.1064315 0.9388163 0.2908024 -0.1845481 0.9388163 0.2357708 -0.2510702 0.9396378 0.3420019 0.01074397 0.9388162 0.2653796 0.2195399 0.9388162 0.311639 0.146647 0.9388163 0.3383179 0.06453764 0.9388162 0.1267878 0.3202326 0.9396862 0.1679131 0.297985 0.9388161 0.0431649 0.3417034 0.9389572 0.2051219 0.2761962 0.9392014 0.341843 -0.03231197 0.9393959 0.1492119 -0.3086603 0.9395412 -0.1865043 -0.2871909 0.9396378 -0.3420018 0.0107541 0.939686 -0.1679133 0.2979853 1 0 0 1 0 0 1 0 0 1 0 0 1 0 0 1 0 0 0 0.5000024 0.8660241 -1.37838e-6 0.4999992 0.8660258 0 0.4999961 0.8660276 1 0 0 1 0 0 1 0 0 1 0 0 1 0 0 0 0.05414718 0.998533 0 0.1617782 0.9868271 0 0.1617782 0.9868271 0 0.2675322 0.9635488 0 0.2675322 0.9635488 0 0.3701349 0.928978 0 0.3701349 0.928978 0 0.4684076 0.8835125 0 0.4684076 0.8835125 0 0.5611879 0.8276884 0 0.5611879 0.8276884 0 0.6473869 0.7621616 0 0.6473869 0.7621616 0 0.7259953 0.6876997 0 0.7259953 0.6876997 0 0.7960948 0.605172 0 0.7960948 0.605172 0 0.856857 0.5155542 0 0.856857 0.5155542 0 0.9075753 0.4198895 0 0.9075753 0.4198895 0 0.9476524 0.3193038 0 0.9476524 0.3193038 0 0.9766212 0.2149675 0 0.9766212 0.2149675 0 0.994138 0.1081188 0 0.994138 0.1081188 0 1 0 0 1 0 0 0.994138 -0.1081188 0 0.994138 -0.1081188 0 0.9766212 -0.2149675 0 0.9766212 -0.2149675 0 0.9476524 -0.3193038 0 0.9476524 -0.3193038 0 0.9075753 -0.4198895 0 0.9075753 -0.4198895 0 0.856857 -0.5155542 0 0.856857 -0.5155542 0 0.7960948 -0.605172 0 0.7960948 -0.605172 0 0.7259957 -0.6876994 0 0.7259957 -0.6876994 0 0.6473833 -0.7621646 0 0.6473833 -0.7621646 0 0.5611879 -0.8276884 0 0.5611879 -0.8276884 0 0.4684076 -0.8835125 0 0.4684076 -0.8835125 0 0.3701403 -0.9289758 0 0.3701403 -0.9289758 0 0.2675264 -0.9635505 0 0.2675264 -0.9635505 0 0.1617843 -0.9868262 0 0.1617843 -0.9868262 0 0.05414092 -0.9985333 0 0.05414092 -0.9985333 0 -0.05414062 -0.9985333 0 -0.05414062 -0.9985333 0 -0.1617843 -0.9868262 0 -0.1617843 -0.9868262 0 -0.2675264 -0.9635505 0 -0.2675264 -0.9635505 0 -0.3701403 -0.9289758 0 -0.3701403 -0.9289758 0 -0.4684076 -0.8835125 0 -0.4684076 -0.8835125 0 -0.5611879 -0.8276884 0 -0.5611879 -0.8276884 0 -0.6473863 -0.762162 0 -0.6473863 -0.762162 0 -0.7259894 -0.6877059 0 -0.7259894 -0.6877059 0 -0.7960979 -0.6051681 0 -0.7960979 -0.6051681 0 -0.8568542 -0.5155588 0 -0.8568542 -0.5155588 0 -0.9075753 -0.4198895 0 -0.9075753 -0.4198895 0 -0.9476524 -0.3193038 0 -0.9476524 -0.3193038 0 -0.9766225 -0.2149615 0 -0.9766225 -0.2149615 0 -0.994138 -0.1081188 0 -0.994138 -0.1081188 0 -1 0 0 -1 0 0 -0.994138 0.1081188 0 -0.994138 0.1081188 0 -0.9766225 0.2149615 0 -0.9766225 0.2149615 0 -0.9476524 0.3193038 0 -0.9476524 0.3193038 0 -0.9075753 0.4198895 0 -0.9075753 0.4198895 0 -0.8568542 0.5155588 0 -0.8568542 0.5155588 0 -0.7960979 0.6051681 0 -0.7960979 0.6051681 0 -0.725989 0.6877064 0 -0.725989 0.6877064 0 -0.64739 0.7621589 0 -0.64739 0.7621589 0 -0.5611879 0.8276884 0 -0.5611879 0.8276884 0 -0.4684076 0.8835125 0 -0.4684076 0.8835125 0 -0.3701349 0.928978 0 -0.3701349 0.928978 0 -0.2675322 0.9635488 0 -0.2675322 0.9635488 0 -0.1617782 0.9868271 0 -0.1617782 0.9868271 0 -0.05414682 0.998533 0 -0.05414682 0.998533 0 0.05414718 0.998533 1 0 0 1 0 0 1 0 0 1 0 0 1 0 0 0 -1 0 0 -1 0 0 -1 0 1 0 0 1 0 0 1 0 0 1 0 0 1 0 0 1 0 0 1 0 0 1 0 0 1 0 0 1 0 0 1 0 0 1 0 0 1 0 0 1 0 0 1 0 0 -1.89842e-4 -0.9369493 0.3494652 1.4819e-4 -0.9766198 0.2149737 1.97636e-4 -0.9771464 0.2125676 -1.42437e-4 -0.9941376 0.1081227 3.91548e-4 -0.9974521 0.07133978 -2.39312e-4 -1 0 7.17298e-4 -0.9941372 -0.1081227 -2.60866e-4 -0.997452 -0.07134103 2.05624e-4 -0.9766198 -0.2149738 1.54203e-4 -0.9771463 -0.2125677 -1.12704e-4 -0.9476531 -0.3193019 3.75652e-4 -0.9369515 -0.3494595 -2.37433e-4 -0.907576 -0.4198878 8.05931e-4 -0.8568626 -0.5155442 -3.35815e-4 -0.8776792 -0.4792484 2.67016e-4 -0.7960857 -0.6051838 1.06654e-4 -0.8005407 -0.5992785 -7.92154e-5 -0.725994 -0.6877011 3.55775e-4 -0.7071067 -0.7071067 -2.31566e-4 -0.6473867 -0.7621616 0 -0.630329 -0.7763282 0 -0.5611884 -0.8276881 -2.61e-4 -0.5733534 -0.8193082 3.32085e-4 -0.4684129 -0.8835095 5.53824e-5 -0.4792521 -0.8776773 -4.15029e-5 -0.3701288 -0.9289805 3.31994e-4 -0.3494672 -0.9369486 -2.21735e-4 -0.2675309 -0.9635493 0 -0.2484828 -0.9686363 0 -0.1617948 -0.9868245 -3.04637e-4 -0.1787848 -0.9838882 4.01269e-4 -0.05413037 -0.9985339 0 -0.07133173 -0.9974527 0 0.05413037 -0.9985339 3.04522e-4 0.07133179 -0.9974527 -2.07762e-4 0.1617948 -0.9868245 0 0.1787848 -0.9838882 0 0.2675338 -0.9635484 -3.48393e-4 0.2484828 -0.9686362 4.73987e-4 0.3701288 -0.9289804 -5.92595e-5 0.34947 -0.9369476 4.55115e-5 0.468413 -0.8835096 2.7286e-4 0.4792521 -0.8776773 -1.89861e-4 0.5611884 -0.8276881 0 0.5733534 -0.8193082 0 0.6473867 -0.7621616 -3.91759e-4 0.6303289 -0.7763282 5.51151e-4 0.7259881 -0.687707 -1.22661e-4 0.7071024 -0.7071111 9.48031e-5 0.7960913 -0.6051766 2.37329e-4 0.8005449 -0.5992729 -1.68048e-4 0.8568629 -0.5155444 4.03329e-4 0.8776792 -0.4792484 -2.37433e-4 0.907576 -0.4198878 6.32164e-4 0.9476494 -0.3193122 -1.89496e-4 0.9369515 -0.3494595 1.48502e-4 0.9766222 -0.2149628 1.97723e-4 0.9771463 -0.2125677 -1.42394e-4 0.9941376 -0.1081227 3.91558e-4 0.997452 -0.07134103 -2.39312e-4 1 0 7.17298e-4 0.9941372 0.1081227 -2.60898e-4 0.9974521 0.07133978 2.05501e-4 0.9766222 0.2149628 1.54315e-4 0.9771464 0.2125676 -1.1265e-4 0.9476519 0.3193053 3.75745e-4 0.9369493 0.3494652 -2.3734e-4 0.907572 0.4198965 8.05931e-4 0.8568626 0.5155442 -3.35815e-4 0.8776792 0.4792484 2.66981e-4 0.7960912 0.6051766 1.06665e-4 0.8005449 0.5992729 -7.92034e-5 0.7259991 0.6876957 3.56017e-4 0.7071024 0.7071111 -2.31257e-4 0.6473867 0.7621616 0 0.6303523 0.7763093 0 0.5611727 0.8276988 -2.61332e-4 0.5733534 0.8193082 3.31727e-4 0.4684129 0.8835095 5.53702e-5 0.4792387 0.8776847 -4.14859e-5 0.3701486 0.9289726 3.32322e-4 0.34947 0.9369475 -2.21379e-4 0.2675338 0.9635484 0 0.2485166 0.9686276 0 0.1617724 0.9868282 -3.04451e-4 0.1787523 0.9838941 4.01269e-4 0.05413037 0.9985339 0 0.07133173 0.9974527 0 -0.05413037 0.9985339 3.04522e-4 -0.07133179 0.9974527 -2.07635e-4 -0.1617724 0.986828 0 -0.1787522 0.9838941 0 -0.2675309 0.9635493 -3.47726e-4 -0.2485166 0.9686276 4.74574e-4 -0.3701485 0.9289724 -5.92619e-5 -0.3494672 0.9369486 4.55115e-5 -0.468413 0.8835096 2.72578e-4 -0.4792387 0.8776846 -1.90105e-4 -0.5611727 0.8276988 0 -0.5733534 0.8193082 0 -0.6473867 0.7621616 -3.91227e-4 -0.6303523 0.7763091 5.51603e-4 -0.7260047 0.6876896 -1.22651e-4 -0.7071068 0.7071068 9.47882e-5 -0.7960858 0.6051839 2.37357e-4 -0.8005407 0.5992785 -1.68048e-4 -0.8568629 0.5155444 4.03329e-4 -0.8776792 0.4792484 -2.3734e-4 -0.907572 0.4198965 6.32439e-4 -0.9476552 0.3192949 -1 0 0 -1 0 0 -1 0 0 -1 0 0 -1 0 0 -1 0 0 -1 0 0 -1 0 0 -1 0 0 -1 0 0 -1 0 0 -1 0 0 -1 0 0 -1 0 0 -1 0 0 -1 0 0 -1 0 0 -1 0 0 -1 0 0 -1 0 0 -1 0 0 -1 0 0 -1 0 0 -1 0 0 -1 0 0 -1 0 0 -1 0 0 -1 0 0 -1 0 0 -1 0 0 -1 0 0 -1 0 0 -1 0 0 -1 0 0 -1 0 0 -1 0 0 -1 0 0 -1 0 0 -1 0 0 -1 0 0 -1 0 0 -1 0 0 -1 0 0 -1 0 0 -1 0 0 -1 0 0 -1 0 0 -1 0 0 -1 0 0 -1 0 0 -1 0 0 -1 0 0 -1 0 0 -1 0 0 -1 0 0 -1 0 0 -1 0 0 -1 0 0 -1 0 0 -1 0 0 -1 0 0 -1 0 0 -1 0 0 -1 0 0 -1 0 0 -1 0 0 -1 0 0 -1 0 0 -1 0 0 -1 0 0 -1 0 0 -1 0 0 -1 0 0 -1 0 0 -1 0 0 -1 0 0 -1 0 0 -1 0 0 -1 0 0 -1 0 0 -1 0 0 -1 0 0 -1 0 0 -1 0 0 -1 0 0 -1 0 0 -1 0 0 -1 0 0 -1 0 0 -1 0 0 -1 0 0 -1 0 0 -1 0 0 -1 0 0 -1 0 0 -1 0 0 -1 0 0 -1 0 0 -1 0 0 -1 0 0 -1 0 0 -1 0 0 -1 0 0 -1 0 0 -1 0 0 -1 0 0 -1 0 0 -1 0 0 -1 0 0 -1 0 0 -1 0 0 -1 0 0 -1 0 0 -1 0 0 -1 0 0 -1 0 0 -1 0 0 -1 0 0 -1 0 0 -1 0 0 -1 0 0 -1 0 0 -1 0 0 -1 0 0 -1 0 0 -1 0 0 -1 0 0 -1 0 0 -1 0 0 -1 0 0 -1 0 0 -1 0 0 -1 0 0 -1 0 0 -1 0 0 -1 0 0 -1 0 0 -1 0 0 -1 0 0 -1 0 0 -1 0 0 -1 0 0 -1 0 0 -1 0 0 -1 0 0 -1 0 0 -1 0 0 -1 0 0 -1 0 0 -1 0 0 -1 0 0 -1 0 0 -1 0 0 -1 0 0 -1 0 0 -1 0 0 -1 0 0 -1 0 0 -1 0 0 -1 0 0 -1 0 0 -1 0 0 -1 0 0 -1 0 0 -1 0 0 -1 0 0 -1 0 0 -1 0 0 -1 0 0 -1 0 0 -1 0 0 -1 0 0 -1 0 0 -1 0 0 -1 0 0 -1 0 0 -1 0 0 -1 0 0 -1 0 0 -1 0 0 -1 0 0 -1 0 0 -1 0 0 -1 0 0 -1 0 0 -1 0 0 -1 0 0 -1 0 0 -1 0 0 -1 0 0 -1 0 0 -1 0 0 -1 0 0 -1 0 0 -1 0 0 -1 0 0 -1 0 0 -1 0 0 -1 0 0 -1 0 0 -1 0 0 -1 0 0 -1 0 0 -1 0 0 1 0 0 1 0 0 1 0 0 1 0 0 1 0 0 1 0 0 1 0 0 1 0 0 1 0 0 1 0 0 1 0 0 1 0 0 1 0 0 1 0 0 1 0 0 1 0 0 1 0 0 1 0 0 1 0 0 1 0 0 1 0 0 1 0 0 1 0 0 1 0 0 1 0 0 1 0 0 1 0 0 1 0 0 1 0 0 1 0 0 1 0 0 1 0 0 1 0 0 1 0 0 1 0 0 1 0 0 1 0 0 1 0 0 1 0 0 1 0 0 1 0 0 1 0 0 1 0 0 1 0 0 1 0 0 1 0 0 1 0 0 1 0 0 1 0 0 1 0 0 1 0 0 1 0 0 1 0 0 1 0 0 1 0 0 1 0 0 1 0 0 1 0 0 1 0 0 1 0 0 1 0 0 1 0 0 1 0 0 1 0 0 -0.2621268 -0.3372383 0.9041902 -0.2621654 -0.3372438 0.904177 -0.2621614 -0.462498 0.8469753 -0.2620665 -0.4624892 0.8470094 -0.2620694 -0.5783274 0.7725652 -0.1345151 -0.5681425 0.811862 -0.2626217 -0.6082262 0.7490599 -0.2621231 -0.6823824 0.6823824 -0.2621231 -0.6823824 0.6823824 -0.2621237 -0.7725464 0.5783279 -0.262142 -0.7725452 0.5783212 -0.2621404 -0.8469892 0.4624844 -0.2621195 -0.8469916 0.4624917 -0.262115 -0.9041904 0.3372467 -0.2621151 -0.9041904 0.3372467 -0.2621164 -0.9429816 0.205136 -0.2621185 -0.9429811 0.2051353 -0.2621227 -0.962576 0.06884217 -0.2621101 -0.9625791 0.06884562 -0.2621101 -0.9625794 -0.06884241 -0.2621275 -0.9625744 -0.06884646 -0.2621325 -0.9429766 -0.2051386 -0.2621164 -0.9429817 -0.2051355 -0.2621152 -0.9041925 -0.3372412 -0.262115 -0.9041925 -0.3372412 -0.2621194 -0.8469903 -0.4624941 -0.2621089 -0.8469941 -0.4624931 -0.2621024 -0.772557 -0.5783234 -0.2621237 -0.7725492 -0.5783242 -0.2621231 -0.6823824 -0.6823824 -0.2621231 -0.6823824 -0.6823824 -0.2626214 -0.6082037 -0.7490783 -0.1933465 -0.5879646 -0.7854392 -0.2625563 -0.5532382 -0.7905642 -0.2621247 -0.4624899 -0.846991 -0.2621036 -0.4624973 -0.8469935 -0.2621037 -0.3372551 -0.9041907 -0.2621266 -0.3372475 -0.9041868 -0.2626022 -0.2397621 -0.9346413 -0.1926751 -0.2085771 -0.9588388 -0.2625494 -0.1725128 -0.949372 -0.2620921 -0.06884276 -0.9625842 -0.2621102 -0.06883788 -0.9625796 -0.2621101 0.06884241 -0.9625794 -0.262092 0.06883823 -0.9625846 -0.2620933 0.2051311 -0.942989 -0.1244158 0.1773957 -0.9762436 -0.2625939 0.2397627 -0.9346433 -0.262115 0.3372541 -0.9041877 -0.2621036 0.3372524 -0.9041916 -0.2621037 0.4624891 -0.8469979 -0.2621406 0.4624925 -0.8469847 -0.262142 0.5783196 -0.7725465 -0.1345737 0.5681379 -0.8118554 -0.2626215 0.6082037 -0.7490783 -0.2621231 0.6823824 -0.6823824 -0.2620996 0.6823828 -0.6823911 -0.2620971 0.7725582 -0.5783243 -0.2621025 0.7725579 -0.5783223 -0.2621091 0.8469893 -0.4625019 -0.2621484 0.8469848 -0.4624879 -0.2621457 0.9041874 -0.337231 -0.2621152 0.9041925 -0.3372412 -0.2621165 0.9429808 -0.2051395 -0.2621325 0.9429774 -0.2051346 -0.2621274 0.9625747 -0.06884211 -0.2621101 0.9625791 -0.06884682 -0.2621101 0.9625794 0.06884241 -0.2621227 0.9625757 0.06884539 -0.2621185 0.942981 0.2051358 -0.2621164 0.9429817 0.2051354 -0.2621152 0.9041931 0.3372394 -0.2621459 0.9041826 0.3372437 -0.2621484 0.8469837 0.4624897 -0.2621405 0.8469867 0.462489 -0.2621418 0.7725425 0.578325 -0.2620971 0.772559 0.5783232 -0.2620998 0.6823869 0.6823869 -0.2621232 0.6823782 0.6823865 -0.2626217 0.6082262 0.7490599 -0.1933002 0.5879742 0.7854434 -0.2625212 0.5532437 0.790572 -0.2620827 0.4625047 0.8469959 -0.2621617 0.4624768 0.8469866 -0.2621653 0.3372346 0.9041804 -0.262115 0.3372513 0.9041887 -0.2625942 0.2397953 0.9346349 -0.1926034 0.2085819 0.9588522 -0.2625497 0.1724814 0.9493777 -0.2620924 0.06885933 0.962583 -0.2621761 0.06883656 0.9625619 -0.2621757 -0.06885772 0.9625604 -0.262092 -0.06883823 0.9625846 -0.2620934 -0.2051294 0.9429894 -0.1242849 -0.1773663 0.9762656 -0.2626025 -0.2397947 0.9346328 0.3579003 0.05056047 0.93239 0.3579003 0.1510655 0.9214589 0.3579049 0.1510617 0.9214577 0.3579047 0.2498139 0.8997206 0.3579094 0.2498099 0.8997199 0.3579099 0.3456152 0.8674392 0.357909 0.3456159 0.8674392 0.3579093 0.4373779 0.8249858 0.3579084 0.4373787 0.8249857 0.3579081 0.5240135 0.7728595 0.3579087 0.5240129 0.7728595 0.3579089 0.6045011 0.7116739 0.3579078 0.604502 0.7116736 0.3579081 0.6779018 0.6421456 0.3579058 0.6779037 0.6421449 0.3579056 0.7433604 0.5650832 0.3579069 0.7433593 0.5650838 0.3579069 0.8000958 0.4814036 0.3579053 0.800097 0.4814028 0.357905 0.8474553 0.3920758 0.3579041 0.8474559 0.3920753 0.3579043 0.8848801 0.298147 0.3579117 0.8848756 0.2981517 0.3579115 0.9119239 0.200734 0.3579024 0.9119288 0.2007278 0.357903 0.9282848 0.1009593 0.3578999 0.9282861 0.100957 0.3579012 0.9337595 0 0.3579012 0.9337595 0 0.3579015 0.9282854 -0.1009594 0.3579046 0.9282845 -0.1009569 0.3579055 0.9119267 -0.200732 0.3579113 0.9119254 -0.2007271 0.3579118 0.8848775 -0.2981461 0.3579044 0.8848783 -0.2981525 0.357904 0.8474556 -0.3920759 0.357905 0.8474557 -0.3920752 0.3579052 0.8000963 -0.4814039 0.3579069 0.8000964 -0.4814025 0.3579069 0.7433599 -0.5650829 0.3579056 0.7433597 -0.565084 0.3579058 0.6779024 -0.6421462 0.3579087 0.6779032 -0.6421439 0.3579085 0.6045016 -0.7116735 0.3579031 0.6044998 -0.7116778 0.3579025 0.5240147 -0.7728612 0.3579019 0.5240144 -0.7728616 0.3579017 0.4373793 -0.8249883 0.3579027 0.4373797 -0.8249877 0.3579019 0.3456162 -0.867442 0.3579097 0.3456208 -0.867437 0.3579093 0.2498078 -0.8997205 0.3579049 0.2498049 -0.8997231 0.357905 0.1510652 -0.9214571 0.3579077 0.1510672 -0.9214558 0.3579076 0.05055165 -0.9323876 0.3579113 0.05055439 -0.9323861 0.3579113 -0.05055123 -0.9323862 0.3579077 -0.05055415 -0.9323874 0.3579078 -0.151066 -0.921456 0.3579062 -0.1510673 -0.9214563 0.3579069 -0.2498065 -0.8997218 0.3579093 -0.2498045 -0.8997214 0.3579099 -0.3456152 -0.8674392 0.3579021 -0.3456219 -0.8674397 0.3579026 -0.4373816 -0.8249867 0.3579053 -0.4373793 -0.8249868 0.3579062 -0.5240111 -0.772862 0.3579025 -0.5240143 -0.7728614 0.357903 -0.604506 -0.7116726 0.3579085 -0.6045013 -0.7116738 0.3579087 -0.6779016 -0.6421455 0.3579166 -0.6778952 -0.6421478 0.3579177 -0.7433567 -0.5650804 0.357913 -0.7433603 -0.5650786 0.3579133 -0.8000936 -0.4814023 0.3579182 -0.8000901 -0.4814046 0.3579189 -0.8474483 -0.3920785 0.3579109 -0.8474536 -0.3920742 0.3579113 -0.8848794 -0.2981408 0.357926 -0.8848704 -0.29815 0.3579263 -0.9119177 -0.2007361 0.3579057 -0.9119288 -0.200722 0.3579046 -0.9282842 -0.1009593 0.3579015 -0.9282857 -0.100957 0.3579012 -0.9337595 0 0.3579013 -0.9337595 0 0.3578999 -0.928286 0.1009594 0.357903 -0.9282851 0.1009569 0.3579021 -0.9119261 0.2007405 0.357926 -0.9119213 0.2007203 0.3579262 -0.8848741 0.298139 0.3579115 -0.8848757 0.2981516 0.3579108 -0.8474511 0.3920798 0.3579187 -0.8474509 0.3920729 0.3579182 -0.8000921 0.4814013 0.3579135 -0.8000918 0.4814055 0.357913 -0.7433581 0.5650815 0.3579176 -0.7433589 0.5650774 0.3579167 -0.6778994 0.6421433 0.3579082 -0.6778972 0.6421505 0.3579078 -0.6045043 0.7116716 0.3579088 -0.6045047 0.7116709 0.3579087 -0.5240105 0.7728612 0.3579124 -0.5240122 0.7728584 0.357912 -0.4373799 0.8249836 0.3579093 -0.4373785 0.8249855 0.357909 -0.3456153 0.8674395 0.3579098 -0.3456158 0.8674389 0.3579094 -0.2498118 0.8997194 0.3579068 -0.2498102 0.8997209 0.3579062 -0.1510661 0.9214566 0.3579004 -0.151062 0.9214594 0.3579001 -0.05055147 0.9323905 0.3579112 -0.05055993 0.9323859 0.3579113 0.05055159 0.9323862 0.9133238 0.0220468 0.4066368 0.9133238 0.06588542 0.4018691 0.9133248 0.06588274 0.401867 0.913325 0.108946 0.3923879 0.9133235 0.10895 0.3923903 0.9133234 0.1507294 0.3783134 0.9133223 0.1507325 0.3783147 0.9133225 0.1907548 0.3597984 0.9133235 0.1907517 0.3597974 0.9133235 0.2285361 0.3370629 0.9133239 0.2285349 0.3370627 0.9133238 0.2636386 0.3103777 0.9133244 0.263637 0.3103775 0.9133244 0.2956477 0.2800555 0.9133237 0.2956497 0.2800555 0.9133239 0.3241973 0.2464462 0.9133238 0.3241971 0.2464461 0.9133238 0.3489409 0.2099524 0.9133234 0.3489418 0.2099521 0.9133236 0.3695964 0.1709932 0.9133239 0.3695954 0.1709935 0.9133239 0.3859167 0.1300295 0.9133237 0.3859176 0.1300291 0.9133238 0.397713 0.08754473 0.9133239 0.3977125 0.08754503 0.9133239 0.4048467 0.04402852 0.913325 0.4048442 0.04403042 0.913325 0.4072315 0 0.913325 0.4072315 0 0.913325 0.4048444 -0.04402828 0.913324 0.4048464 -0.04403066 0.9133239 0.3977125 -0.08754467 0.9133243 0.3977119 -0.08754378 0.9133245 0.3859156 -0.1300292 0.9133247 0.3859152 -0.1300283 0.9133251 0.3695943 -0.1709895 0.9133235 0.369596 -0.1709938 0.9133235 0.3489415 -0.2099528 0.9133237 0.3489412 -0.2099518 0.9133238 0.3241952 -0.2464489 0.9133254 0.3241944 -0.2464441 0.9133255 0.2956485 -0.2800509 0.9133243 0.2956486 -0.2800546 0.9133244 0.2636379 -0.3103768 0.9133239 0.2636377 -0.310378 0.9133241 0.2285319 -0.3370646 0.9133256 0.2285327 -0.3370595 0.9133257 0.1907513 -0.3597918 0.9133246 0.1907504 -0.359795 0.9133247 0.1507332 -0.3783087 0.9133233 0.1507316 -0.3783126 0.9133234 0.1089469 -0.3923913 0.9133237 0.1089473 -0.3923904 0.9133236 0.06588268 -0.40187 0.9133238 0.0658831 -0.4018694 0.9133238 0.02204573 -0.406637 0.9133244 0.02204674 -0.4066358 0.9133242 -0.02204549 -0.4066358 0.9133239 -0.02204662 -0.4066369 0.9133238 -0.06588262 -0.4018694 0.9133235 -0.06588369 -0.4018703 0.9133234 -0.1089476 -0.3923912 0.9133237 -0.1089467 -0.3923906 0.9133237 -0.1507331 -0.378311 0.9133247 -0.1507306 -0.3783099 0.9133246 -0.1907525 -0.359794 0.9133251 -0.190751 -0.3597935 0.913325 -0.228532 -0.3370618 0.9133248 -0.2285327 -0.337062 0.9133247 -0.2636372 -0.310376 0.9133243 -0.2636384 -0.3103762 0.9133243 -0.295649 -0.2800542 0.9133246 -0.2956483 -0.2800542 0.9133244 -0.3241941 -0.2464481 0.9133229 -0.3241989 -0.2464476 0.9133228 -0.3489429 -0.2099536 0.9133223 -0.3489438 -0.2099534 0.9133223 -0.369601 -0.1709898 0.913326 -0.3695899 -0.1709936 0.913326 -0.3859115 -0.1300306 0.9133233 -0.385919 -0.1300269 0.9133231 -0.3977152 -0.08754241 0.9133251 -0.3977096 -0.08754587 0.9133253 -0.404843 -0.04403388 0.9133238 -0.404847 -0.04403072 0.9133237 -0.4072343 0 0.9133237 -0.4072343 0 0.9133237 -0.4048469 0.0440343 0.9133252 -0.4048436 0.04403036 0.9133253 -0.3977103 0.08754128 0.9133226 -0.3977149 0.08754825 0.9133223 -0.3859192 0.1300331 0.9133251 -0.3859153 0.1300257 0.9133251 -0.3695942 0.1709893 0.9133225 -0.3695973 0.170997 0.9133224 -0.3489436 0.209954 0.9133226 -0.3489433 0.209953 0.9133229 -0.324199 0.2464475 0.9133228 -0.324199 0.2464476 0.9133226 -0.2956489 0.2800595 0.9133243 -0.2956486 0.2800546 0.9133244 -0.2636379 0.3103768 0.9133246 -0.2636379 0.3103759 0.9133247 -0.228536 0.3370599 0.9133229 -0.228535 0.3370655 0.9133229 -0.1907542 0.3597974 0.9133223 -0.1907538 0.3597989 0.9133222 -0.1507294 0.3783162 0.9133238 -0.1507313 0.3783116 0.9133238 -0.1089474 0.3923904 0.9133245 -0.1089486 0.3923881 0.9133247 -0.06588506 0.401867 0.9133238 -0.06588351 0.4018693 0.9133238 -0.02204555 0.406637 0.9133243 -0.02204656 0.4066358 0.9133243 0.02204567 0.4066358 0 -0.4999975 0.8660268 -7.71237e-7 -0.4999992 0.8660258 0 -0.500001 0.8660249 0 -0.500001 -0.8660249 3.11776e-7 -0.5000017 -0.8660244 0 -0.5000024 -0.8660241 0 0.500001 -0.8660249 -3.11776e-7 0.5000017 -0.8660244 0 0.5000024 -0.8660241 0 1 0 0 1 0 0 1 0 0 -0.9986296 0.05233556 0 -0.9986296 0.05233556 0 -0.9876883 0.156435 0 -0.9876883 0.156435 0 -0.965927 0.2588143 0 -0.965927 0.2588143 0 -0.9335807 0.3583673 0 -0.9335807 0.3583673 0 -0.8910061 0.4539914 0 -0.8910061 0.4539914 0 -0.83867 0.5446399 0 -0.83867 0.5446399 0 -0.777145 0.6293216 0 -0.777145 0.6293216 0 -0.7071068 0.7071068 0 -0.7071068 0.7071068 0 -0.6293216 0.777145 0 -0.6293216 0.777145 0 -0.5446399 0.83867 0 -0.5446399 0.83867 0 -0.4539842 0.8910098 0 -0.4539842 0.8910098 0 -0.3583733 0.9335784 0 -0.3583733 0.9335784 0 -0.258831 0.9659226 0 -0.258831 0.9659226 0 -0.1564176 0.9876911 0 -0.1564176 0.9876911 0 -0.05235332 0.9986287 0 -0.05235332 0.9986287 0 0.1955695 0.9806899 2.40256e-5 0.7342062 0.6789265 0 0.9986296 0.05233556 0 0.9986296 0.05233556 0 0.9876883 0.156435 0 0.9876883 0.156435 0 0.965927 0.2588143 0 0.965927 0.2588143 0 0.9335807 0.3583673 0 0.9335807 0.3583673 0 0.8910061 0.4539914 0 0.8910061 0.4539914 -4.89823e-5 0.777145 0.6293216 -5.91046e-5 0.7760558 0.6306643 -1.24471e-5 0.7975032 0.6033147 7.90592e-5 0.83867 0.54464 -2.34274e-4 0.8173776 0.5761024 0 0.8514847 0.5243794 -2.83109e-4 0.5968406 0.8023598 7.45091e-6 0.6293216 0.777145 -6.62165e-6 0.5478116 0.8366017 -4.31574e-5 0.632629 0.774455 0 0.6630704 0.748557 5.24627e-7 0.7071068 0.7071068 -1.64462e-4 0.6901428 0.7236732 -6.81821e-5 0.7120521 0.7021268 -3.54195e-4 0.5005813 0.8656895 2.97306e-5 0.5446399 0.83867 -2.9565e-6 0.4916978 0.8707659 -3.47447e-5 0.4539842 0.8910098 1.55149e-5 0.4466994 0.8946841 5.74263e-7 0.2588265 0.9659238 -3.17379e-4 0.2135599 0.9769299 -4.36434e-5 0.2576065 0.9662499 5.61195e-5 0.3583792 0.9335762 -2.00538e-4 0.3274063 0.9448836 -8.50635e-6 0.3808789 0.924625 0 0.05235242 0.9986287 -2.42693e-4 0.01642996 0.9998649 -2.90827e-7 0.06879204 0.9976311 2.66571e-7 0.1564204 0.9876906 -1.93528e-4 0.1281732 0.9917517 -4.62074e-5 0.1677218 0.9858344 -0.9146132 3.16189e-7 0.40433 -0.8359978 -1.83447e-5 0.5487328 -0.2322674 0.003053009 0.9726471 -0.1799297 8.45764e-4 0.9836791 -0.05235141 -0.001146912 0.9986281 -0.09562563 0.001152276 0.9954167 -0.02347886 0 0.9997243 -0.4067353 3.06498e-5 0.9135461 -0.4513165 0.004538476 0.8923524 -0.3612807 -9.89525e-6 0.9324571 -0.2079176 1.55008e-5 0.9781464 -0.2913241 0.007027864 0.9565986 -0.2682541 0.005253195 0.9633339 -0.7431488 3.93375e-5 0.6691262 -0.790853 0.008728384 0.611944 -0.738689 0.001277983 0.6740452 -0.682129 3.57302e-5 0.7312319 -0.6707297 -2.48897e-7 0.7417019 -0.5877881 4.76878e-6 0.8090149 -0.6111612 0.003026485 0.7915003 -0.528033 -9.70539e-6 0.8492239 -0.8660272 9.14649e-6 0.499997 -0.891468 0.00707668 0.4530286 -0.8660994 0.003235042 0.4998612 -0.9945216 0 0.1045308 -0.9985287 0.008425772 0.05356627 -0.9884109 6.17809e-5 0.1518021 -0.9785743 2.69707e-7 0.2058941 -0.9510545 3.14803e-6 0.3090232 -0.9639436 0.006674945 0.2660233 -0.9338048 1.91912e-4 0.357783 -0.2140108 0.1045261 -0.9712228 -0.418067 0.1044989 -0.9023858 -0.6025114 0.1044957 -0.79124 -0.7586343 0.1044865 -0.6430836 -0.8792809 0.104454 -0.4647089 -0.9586931 0.1044246 -0.264581 -0.05235242 0.9986113 -0.005902588 -0.1563933 0.9875375 -0.01763302 -0.1807339 0.9737665 -0.1382544 -0.2587044 0.9655166 -0.02915132 -0.3581028 0.9328098 -0.04035174 -0.3932408 0.9134422 -0.1048094 -0.4533987 0.8898428 -0.05108267 -0.5436093 0.8371009 -0.06124633 -0.578284 0.8087858 -0.1070191 -0.6277352 0.7752078 -0.07072031 -0.7048738 0.7048738 -0.07941067 -0.7348356 0.6682742 -0.115872 -0.774174 0.6269335 -0.08722972 -0.8349556 0.5422162 -0.09407824 -0.8576565 0.4987998 -0.1249961 -0.8865489 0.4517203 -0.09989899 -0.9284587 0.356397 -0.1046215 -0.9421882 0.3080046 -0.1319639 -0.9602596 0.2572863 -0.1081911 -0.9972668 0.05224454 -0.05224454 -0.9816254 0.155498 -0.1105983 -0.9852653 0.1041334 -0.1356784 -0.973511 0.161673 -0.161673 -0.923054 0.1042923 -0.3702626 -0.9355874 0.132301 -0.3273721 -0.8982223 0.3072679 -0.3142977 -0.8982222 0.3072612 -0.314305 -0.8187118 0.497633 -0.2864828 -0.8187125 0.497628 -0.2864896 -0.7034157 0.6667979 -0.2461441 -0.7034168 0.6667941 -0.2461513 -0.5570867 0.8072489 -0.1949451 -0.557083 0.8072582 -0.1949172 -0.3859462 0.9125843 -0.1350383 -0.3859466 0.9125829 -0.1350471 -0.1974213 0.9778818 -0.06907999 -0.1974226 0.9778822 -0.06906956 -0.04972851 0.9986112 -0.01739782 -0.8217407 0.1042426 -0.5602462 -0.8395162 0.1302037 -0.5275032 -0.8057665 0.3072522 -0.5062968 -0.8057705 0.3072665 -0.5062818 -0.7344404 0.4976432 -0.4614636 -0.7344389 0.4976351 -0.4614746 -0.6310158 0.6667943 -0.3964901 -0.6310162 0.6667966 -0.3964858 -0.4997419 0.807255 -0.3140023 -0.4997397 0.807247 -0.3140261 -0.3462107 0.9125839 -0.2175517 -0.3462113 0.9125844 -0.2175487 -0.1770972 0.9778818 -0.1112825 -0.1770964 0.9778817 -0.1112844 -0.04460769 0.9986113 -0.02803069 -0.6819037 0.1041716 -0.723986 -0.7013764 0.1270523 -0.7013764 -0.6729028 0.3072518 -0.6729028 -0.6729028 0.3072518 -0.6729028 -0.6133313 0.4976438 -0.6133313 -0.6133313 0.4976439 -0.6133313 -0.5269657 0.6667941 -0.5269657 -0.5269657 0.666794 -0.5269657 -0.4173363 0.8072551 -0.4173363 -0.4173364 0.8072552 -0.4173364 -0.2891295 0.9125833 -0.2891295 -0.2891295 0.9125832 -0.2891295 -0.1478973 0.9778818 -0.1478973 -0.1478973 0.9778819 -0.1478973 -0.0372529 0.9986112 -0.0372529 -0.510092 0.1040951 -0.8537976 -0.5280018 0.122857 -0.8403097 -0.5062968 0.3072523 -0.8057665 -0.5062967 0.3072522 -0.8057666 -0.4614762 0.4976392 -0.7344352 -0.4614799 0.4976441 -0.7344295 -0.3964937 0.6668012 -0.6310063 -0.3964869 0.6667941 -0.6310181 -0.3140034 0.8072534 -0.4997437 -0.3140062 0.8072552 -0.4997391 -0.2175439 0.9125823 -0.34622 -0.2175494 0.9125838 -0.3462124 -0.1112826 0.9778818 -0.1770973 -0.1112841 0.9778818 -0.1770959 -0.02803039 0.9986113 -0.04460716 -0.3144201 0.1040399 -0.9435655 -0.3279846 0.1175761 -0.9373377 -0.3142984 0.3072614 -0.8982243 -0.3142904 0.3072523 -0.8982302 -0.2864671 0.4976417 -0.818712 -0.2864658 0.4976404 -0.8187133 -0.2461292 0.6667862 -0.703432 -0.2461491 0.6668015 -0.7034105 -0.1949415 0.8072569 -0.5570765 -0.1949363 0.8072544 -0.5570818 -0.1350516 0.9125826 -0.3859454 -0.1350479 0.9125819 -0.3859487 -0.06907963 0.977882 -0.1974202 -0.06907069 0.9778816 -0.1974257 -0.01739746 0.9986113 -0.04972743 -0.1039625 0.1039625 -0.9891327 -0.1112669 0.1112669 -0.9875421 -0.1065458 0.3072642 -0.9456409 -0.1065425 0.3072608 -0.9456424 -0.09711211 0.4976204 -0.8619415 -0.09713703 0.4976417 -0.8619264 -0.08345788 0.6668016 -0.7405474 -0.08343362 0.6667863 -0.740564 -0.0660755 0.8072554 -0.5864919 -0.06607967 0.8072571 -0.5864892 -0.04578042 0.9125817 -0.4063237 -0.04578745 0.912583 -0.4063199 -0.02342152 0.9778817 -0.2078435 -0.02343714 0.9778824 -0.2078382 -0.005903363 0.9986113 -0.05235058 0 0.9986287 -0.05235147 0 0.9986287 -0.05235147 0 0.9864939 -0.1637979 -1.91685e-4 0.97815 -0.2079005 0 0.9639633 -0.2660354 0 0.9281058 -0.3723167 -1.79612e-4 0.9135394 -0.4067502 0 0.8841173 -0.4672651 0 0.8262537 -0.5632982 -1.5977e-4 0.8090234 -0.5877764 0 0.7628098 -0.6466231 0 0.685634 -0.7279465 -1.31658e-4 0.6691361 -0.7431399 0 0.6058281 -0.7955956 0 0.5128783 -0.8584613 -9.57462e-5 0.4999836 -0.8660348 0 0.4203684 -0.9073535 0 0.3161357 -0.9487141 -5.1925e-5 0.3090232 -0.9510545 0 0.2151373 -0.9765838 0 0.1045289 -0.9945219 0 0.1045289 -0.9945219 0.1045242 0.2139588 -0.9712345 0.104497 0.4180671 -0.902386 0.1044939 0.6025115 -0.7912401 0.1044846 0.7586345 -0.6430838 0.1044521 0.8792811 -0.4647091 0.1044228 0.9586933 -0.264581 0.1043853 0.9931731 -0.05206549 0.1043423 0.9811091 -0.1629038 0.133339 0.9848393 -0.1109604 0.3072608 0.9456421 -0.1065441 0.3072644 0.9456415 -0.1065404 0.4976403 0.8619304 -0.09710913 0.4976335 0.8619333 -0.09711796 0.6667966 0.7405537 -0.08344155 0.6667923 0.7405568 -0.08344924 0.8072598 0.5864844 -0.06608772 0.8072639 0.5864803 -0.06607645 0.9125692 0.4063514 -0.04578202 0.912568 0.4063532 -0.0457887 0.977893 0.2077909 -0.02341431 0.9778923 0.2077923 -0.0234282 0.9986095 0.05238604 -0.005906403 0.1042906 0.9230447 -0.3702864 0.1323053 0.9355816 -0.327387 0.3072531 0.8982218 -0.3143137 0.3072612 0.8982222 -0.314305 0.497633 0.8187118 -0.2864828 0.4976415 0.8187108 -0.2864711 0.6667971 0.7034211 -0.2461307 0.666795 0.7034217 -0.2461345 0.8072625 0.5570737 -0.1949259 0.8072599 0.5570747 -0.1949339 0.9125686 0.385975 -0.1350619 0.9125695 0.3859748 -0.135057 0.9778928 0.1973727 -0.069063 0.9778932 0.197374 -0.06905263 0.9986095 0.04976058 -0.01740902 0.1042405 0.8217523 -0.5602293 0.1301966 0.8395246 -0.5274916 0.3072654 0.8057702 -0.5062829 0.3072524 0.8057666 -0.5062967 0.4976324 0.7344384 -0.4614782 0.4976351 0.7344389 -0.4614746 0.6667943 0.6310158 -0.3964901 0.6667966 0.6310162 -0.3964858 0.8072635 0.4997321 -0.3139961 0.8072617 0.4997316 -0.3140014 0.9125701 0.346243 -0.2175584 0.9125685 0.3462413 -0.2175676 0.9778928 0.1770536 -0.1112551 0.9778927 0.1770529 -0.1112571 0.9986094 0.04463654 -0.02804887 0.1041697 0.6819038 -0.7239861 0.1270501 0.7013767 -0.7013767 0.3072518 0.6729028 -0.6729028 0.3072636 0.6729088 -0.6728914 0.4976434 0.6133394 -0.6133236 0.4976344 0.6133351 -0.6133351 0.6667941 0.5269657 -0.5269657 0.666794 0.5269657 -0.5269657 0.8072636 0.4173281 -0.4173281 0.8072636 0.4173281 -0.4173281 0.9125699 0.2891506 -0.2891506 0.9125699 0.2891506 -0.2891506 0.9778928 0.1478609 -0.1478609 0.9778928 0.1478609 -0.1478609 0.9986094 0.03727722 -0.03727722 0.1040932 0.5100921 -0.8537978 0.1228548 0.5280019 -0.8403099 0.3072523 0.5062968 -0.8057665 0.3072522 0.5062967 -0.8057666 0.4976463 0.461474 -0.7344317 0.4976437 0.461472 -0.7344348 0.6667964 0.3964891 -0.6310142 0.6667941 0.3964869 -0.6310181 0.8072653 0.3139948 -0.49973 0.8072631 0.3139915 -0.4997354 0.9125676 0.2175552 -0.3462516 0.9125704 0.2175652 -0.3462377 0.9778928 0.1112552 -0.1770538 0.9778929 0.1112567 -0.1770523 0.9986094 0.02804887 -0.04463654 0.104038 0.3144201 -0.9435656 0.117574 0.3279846 -0.9373379 0.3072614 0.3142984 -0.8982243 0.3072523 0.3142904 -0.8982302 0.4976417 0.2864671 -0.818712 0.4976451 0.2864705 -0.8187087 0.6667892 0.246133 -0.7034279 0.6667979 0.2461445 -0.7034156 0.8072636 0.1949339 -0.5570694 0.8072654 0.1949375 -0.5570655 0.9125691 0.1350659 -0.3859726 0.9125675 0.1350585 -0.385979 0.977893 0.06906265 -0.1973717 0.9778926 0.0690537 -0.1973772 0.9986095 0.01740902 -0.04976058 0.1039606 0.1039626 -0.989133 0.111263 0.111265 -0.9875428 0.3072643 0.106544 -0.9456411 0.3072608 0.1065405 -0.9456427 0.4976205 0.09711039 -0.8619417 0.4976416 0.09713506 -0.8619267 0.6668017 0.08345621 -0.7405475 0.6667873 0.0834335 -0.740563 0.8072639 0.06607419 -0.5864803 0.8072648 0.06607627 -0.586479 0.9125683 0.04578226 -0.4063534 0.9125695 0.0457884 -0.40635 0.9778927 0.02341449 -0.2077924 0.9778934 0.02342772 -0.2077879 0.9986095 0.005906403 -0.05238604 0.9986268 0 -0.05238693 0.9986268 0 -0.05238693 0.986509 0 -0.163707 0.9781608 1.03305e-4 -0.2078493 0.9639633 0 -0.2660354 0.9280866 0 -0.3723644 0.9135263 9.66675e-5 -0.4067799 0.8841173 0 -0.467265 0.8262537 0 -0.5632982 0.8090319 8.59884e-5 -0.5877648 0.7628404 0 -0.6465868 0.685634 0 -0.7279465 0.6691361 7.08926e-5 -0.7431399 0.6058281 0 -0.7955957 0.5128874 0 -0.8584558 0.4999836 5.15915e-5 -0.8660348 0.420321 0 -0.9073755 0.3161242 0 -0.9487178 0.3090232 2.79153e-5 -0.9510545 0.2152419 0 -0.9765608 0.1045271 0 -0.994522 0.1045271 0 -0.994522 0 1 0 0 1 0 0 1 0 0 1 0 0.499997 0.8660271 0 0.6199451 0.7846434 -0.001725733 0.6691262 0.7431488 0 0.5446481 0.8386647 0 0.4545453 0.8907225 -0.001406371 0.1045271 0.9945221 0 0.05242651 0.9986238 -0.001437067 0.1564176 0.9876911 0 0.3090232 0.9510545 0 0.2591705 0.9658305 -0.001425683 0.3583828 0.9335748 0 0.9986269 0.05238693 0 0.9986269 0.05238693 0 0.9877067 0.1563189 0 0.9781606 0.2078493 -7.19435e-4 0.9659295 0.2588055 0 0.9335463 0.3584567 0 0.913526 0.4067798 -7.12061e-4 0.8910061 0.4539914 0 0.838659 0.5446568 0 0.8090317 0.5877646 -7.02529e-4 0.7771885 0.6292678 0 0.6977759 0.7163161 0 0.7014769 0.7110944 -0.04769551 0.7071068 0 -0.7071068 0.7071068 0 -0.7071068 0 0.3420189 0.939693 0 0.3420189 0.939693 0 1 0 0 1 0 0 1 0 0 1 0 0 1 0 0 0.3420202 0.9396926 2.11264e-7 0.3420199 0.9396927 0 0.3420194 0.9396929 -3.86698e-4 0.3401361 0.9403762 0 0.3420057 0.9396979 -5.25619e-7 0.3420313 0.9396885 2.22204e-7 0.3420211 0.9396923 7.1717e-7 0.3420171 0.9396937 0 1 0 0 1 0 0 1 0 0 1 0 0 1 0 0 1 0 0 0.9991505 0.04120904 0 0.9991505 0.04120904 -0.052347 -0.1127053 0.9922486 -0.05231845 -0.332453 0.9416676 -0.0523501 -0.8166829 0.5747073 -0.9945015 -0.006361722 0.1045287 -0.9945015 -0.01898735 0.1029863 -0.9945017 -0.03133594 0.09992146 -0.9945017 -0.04321944 0.09538567 -0.8283432 -0.3849643 0.4070013 -0.9442296 -0.2200539 0.2449628 -0.9237774 -0.2287281 0.3071138 -0.8657667 -0.305633 0.3962783 -0.8750436 -0.3244261 0.3592304 -0.7061923 -0.5477529 0.4486193 -0.5875099 -0.6281989 0.5100964 -0.6118138 -0.6619724 0.4329856 -0.5555211 -0.719259 0.4172084 -0.548631 -0.7148859 0.4335231 -0.3340936 -0.8913853 0.3062902 -0.3330771 -0.8977429 0.2883009 -0.1082251 -0.9883218 0.1072721 -0.108017 -0.9885405 0.105452 -0.1074998 -0.9884086 0.1072016 -0.05227714 -0.9970544 0.05612081 -0.0559566 -0.9968639 0.0559566 -0.3990239 -0.8387224 0.3705733 -0.2075411 -0.8947803 0.3953414 -0.2075632 -0.8947914 0.3953049 -0.05234205 -0.9742313 0.2193938 -0.3286749 -0.8932129 0.3068282 -0.2075694 -0.9359405 0.2844825 -0.2301514 -0.9483655 0.2182503 -0.1705139 -0.9429354 0.286003 -0.1697298 -0.970797 0.1695438 -0.04101788 -0.9842609 0.1718952 -0.05229461 -0.9857522 0.1598682 -0.052248 -0.9556523 0.2898254 -0.05220937 -0.9556446 0.2898579 -0.05227851 -0.9247556 0.3769537 -0.03464722 -0.9141631 0.403863 -0.05233013 -0.9001314 0.432464 -0.5332494 -0.7235758 0.438273 -0.4059159 -0.7893302 0.460641 -0.4007968 -0.7869389 0.4691367 -0.2075345 -0.8402457 0.5009157 -0.2075417 -0.8402507 0.5009043 -0.05226159 -0.8577796 0.511354 -0.05225521 -0.8577771 0.5113589 -0.5393219 -0.6656943 0.5157355 -0.4061173 -0.7223911 0.5596604 -0.4061241 -0.722396 0.5596492 -0.2075408 -0.7733125 0.5990948 -0.2075346 -0.773307 0.5991041 -0.05223667 -0.7894392 0.6116021 -0.03479874 -0.7807686 0.6238505 -0.05232453 -0.6669377 0.743274 -0.7941818 -0.4182228 0.4408686 -0.7410836 -0.5002206 0.4478552 -0.7051561 -0.5037314 0.4990086 -0.5870692 -0.5751186 0.5697265 -0.5870753 -0.5751231 0.5697157 -0.4061111 -0.6492158 0.6431118 -0.4061169 -0.6492209 0.643103 -0.2075485 -0.6949762 0.6884271 -0.2075422 -0.6949695 0.6884357 -0.05015492 -0.7095444 0.7028736 -0.05223971 -0.7107691 0.7014829 -0.8077071 -0.3654506 0.4626609 -0.742537 -0.4151753 0.5256123 -0.7425343 -0.4151731 0.5256178 -0.5870664 -0.5017836 0.6352686 -0.58707 -0.501787 0.6352627 -0.4061136 -0.5664284 0.7170987 -0.4061112 -0.5664258 0.7171022 -0.2075445 -0.6063448 0.7676401 -0.2075492 -0.6063505 0.7676343 -0.052239 -0.6190017 0.7836505 -0.05222743 -0.6189942 0.7836571 -0.0523197 -0.4830919 0.8740051 -0.9983814 -0.02751338 0.04977464 -0.9936015 -0.08683097 0.07222586 -0.9853636 -0.08009064 0.1504793 -0.9505243 -0.173821 0.2574682 -0.9452885 -0.1696809 0.2786363 -0.8656243 -0.2604197 0.4276403 -0.8656284 -0.2604241 0.4276291 -0.7425362 -0.3483886 0.5720712 -0.7425371 -0.3483896 0.5720695 -0.5870662 -0.4210702 0.6914139 -0.5870661 -0.4210701 0.6914141 -0.406113 -0.4753119 0.7804812 -0.4061143 -0.4753137 0.7804793 -0.207551 -0.5088115 0.8354839 -0.2075436 -0.5088016 0.8354918 -0.03724503 -0.519766 0.8534964 -0.05228793 -0.5352569 0.8430694 -0.994502 -0.04322046 0.09538257 -0.9508853 -0.1277585 0.2819481 -0.9508856 -0.127759 0.2819469 -0.8656263 -0.2066527 0.4560545 -0.8656241 -0.2066497 0.4560601 -0.7425352 -0.2764468 0.6100972 -0.7425364 -0.2764483 0.6100952 -0.5870668 -0.3341201 0.7373713 -0.5870657 -0.3341186 0.7373728 -0.4061115 -0.3771595 0.8323606 -0.4061133 -0.377162 0.8323585 -0.2075524 -0.4037423 0.8910186 -0.2075521 -0.403742 0.8910189 -0.05223727 -0.4121661 0.90961 -0.05223274 -0.4121626 0.9096118 -0.9945017 -0.03133565 0.09992218 -0.9508856 -0.0926249 0.2953595 -0.9508855 -0.09262466 0.2953599 -0.865627 -0.1498215 0.4777483 -0.8656262 -0.1498202 0.4777503 -0.7425361 -0.200424 0.6391169 -0.7425354 -0.200423 0.6391179 -0.5870643 -0.2422347 0.7724493 -0.5870665 -0.2422379 0.7724466 -0.4061133 -0.2734427 0.8719525 -0.4061101 -0.2734379 0.8719555 -0.2075534 -0.2927078 0.9334045 -0.207553 -0.292707 0.9334047 -0.0522288 -0.2988147 0.9528809 -0.0228846 -0.2749885 0.9611752 -0.9945018 -0.01898902 0.1029837 -0.9508859 -0.05612975 0.3044103 -0.9508855 -0.05612903 0.3044112 -0.8656291 -0.09078878 0.4923856 -0.8656269 -0.09078466 0.4923902 -0.7425316 -0.1214497 0.6587083 -0.7425363 -0.1214576 0.6587017 -0.5870704 -0.1467952 0.7961153 -0.5870643 -0.1467853 0.7961215 -0.4061153 -0.1656936 0.8986746 -0.4061122 -0.1656885 0.8986769 -0.2075327 -0.1773659 0.9620143 -0.2075531 -0.1773996 0.9620037 -0.05225396 -0.181101 0.9820753 -0.05222845 -0.1810796 0.9820806 -0.9945015 -0.006361544 0.1045289 -0.9508863 -0.01880365 0.3089686 -0.950886 -0.0188027 0.3089696 -0.8656266 -0.0304138 0.4997657 -0.8656295 -0.03042024 0.4997602 -0.7425332 -0.04069572 0.6685719 -0.7425317 -0.04069292 0.6685737 -0.5870769 -0.0491814 0.808036 -0.5870702 -0.04916989 0.8080414 -0.4061082 -0.0555042 0.9121378 -0.4061149 -0.05551558 0.9121341 -0.2075501 -0.05942815 0.9764176 -0.2075337 -0.05940043 0.9764227 -0.05225515 -0.0606395 0.996791 -0.04247659 -0.05227059 0.9977291 -0.7071068 0 -0.7071068 -0.7071068 0 -0.7071068 -0.7253652 0.6883642 0 -0.6790212 0.7341185 -4.31746e-4 -0.7071068 0.7071068 2.18406e-4 -0.6293109 0.7771537 -1.31107e-4 -0.7771363 0.6293324 0 -0.7771363 0.6293323 0 -0.8386753 0.5446318 0 -0.8386753 0.5446318 0 -0.8910061 0.4539914 0 -0.8910061 0.4539914 0 -0.933582 0.3583637 0 -0.933582 0.3583636 0 -0.9659295 0.2588055 0 -0.9659295 0.2588055 0 -0.9876846 0.1564578 0 -0.9876847 0.1564578 0 -0.9986306 0.05231595 0 -0.9986306 0.05231595 0 -0.6190842 0.7853246 0 -0.5446318 0.8386753 0 -0.5446318 0.8386753 0 -0.4539914 0.8910061 0 -0.4539914 0.8910061 0 -0.3583947 0.9335702 0 -0.3583947 0.9335702 0 -0.2588143 0.9659271 0 -0.2588143 0.9659271 0 -0.1564176 0.9876911 0 -0.1564176 0.987691 0 -0.05235332 0.9986286 0 -0.05235332 0.9986286 0 0 0.7071036 0.7071101 0 0.7071035 0.7071101 0 1 0 0 1 0 0 1 0 0 1 0 0.2140629 -0.1045224 -0.9712117 0.4180188 -0.104521 -0.9024055 0.6025121 -0.104485 -0.7912409 0.7586627 -0.1045135 -0.6430458 0.8792824 -0.1044384 -0.4647097 0.9586914 -0.1044416 -0.2645805 0.005898416 -0.9986132 -0.05231505 0.05231505 -0.9986132 -0.005898416 0.156428 -0.9875319 -0.01763695 0.1807603 -0.9737666 -0.1382187 0.2587044 -0.9655166 -0.02915132 0.02343535 -0.9778788 -0.2078556 0.35806 -0.9328265 -0.04034692 0.3932225 -0.9134455 -0.1048504 0.4533833 -0.8898482 -0.05112648 0.1739977 -0.9726194 -0.1540658 0.02914977 -0.9655166 -0.2587044 0.04578095 -0.9125894 -0.406306 0.5436236 -0.8370874 -0.06130254 0.5782798 -0.8087841 -0.1070549 0.6277558 -0.7751895 -0.07073831 0.1373959 -0.9247282 -0.354965 0.05108094 -0.8898429 -0.4533987 0.06607699 -0.8072462 -0.5865044 0.1336527 -0.8311508 -0.5397455 0.7048728 -0.7048728 -0.07942825 0.7348397 -0.6682652 -0.1158974 0.7742267 -0.6268698 -0.08721965 0.07072621 -0.7751901 -0.6277564 0.07941466 -0.7048735 -0.7048735 0.1158849 -0.6682664 -0.7348407 0.8349409 -0.5422422 -0.09405934 0.8576503 -0.4988127 -0.1249871 0.8865504 -0.4517211 -0.0998829 0.08724743 -0.6269325 -0.7741729 0.09409916 -0.5421902 -0.8349701 0.1249895 -0.4988129 -0.8576499 0.9284252 -0.3564903 -0.1046007 0.9421782 -0.3080264 -0.131985 0.9602556 -0.2572947 -0.1082071 0.09988474 -0.4517209 -0.8865501 0.1046053 -0.3564285 -0.9284484 0.1319621 -0.3080121 -0.9421861 0.9972593 -0.05231708 -0.05231523 0.981646 -0.1553542 -0.1106175 0.9852716 -0.1041504 -0.1356192 0.9735488 -0.161562 -0.1615563 0.923027 -0.1042765 -0.3703343 0.9355793 -0.132324 -0.3273862 0.8982202 -0.3072583 -0.3143131 0.8982212 -0.3072822 -0.3142873 0.8187171 -0.4976322 -0.2864689 0.8187158 -0.4976423 -0.2864551 0.7034266 -0.6667963 -0.2461173 0.7034296 -0.6667857 -0.2461373 0.5571032 -0.8072396 -0.1949362 0.5570961 -0.8072575 -0.1948825 0.385931 -0.9125956 -0.1350058 0.3859335 -0.9125859 -0.1350646 0.1974329 -0.9778783 -0.06909531 0.1974316 -0.9778778 -0.06910604 0.04969137 -0.9986132 -0.01739323 0.8217496 -0.1042715 -0.5602275 0.8395016 -0.1301987 -0.5275277 0.8057577 -0.307231 -0.5063237 0.8057651 -0.3072575 -0.5062958 0.7344439 -0.4976211 -0.4614816 0.7344466 -0.4976359 -0.4614616 0.6310105 -0.6668105 -0.3964715 0.6310085 -0.6667957 -0.3964994 0.4997444 -0.8072471 -0.3140186 0.4997418 -0.8072376 -0.3140471 0.3462007 -0.912586 -0.2175589 0.3462144 -0.9125986 -0.2174846 0.1771295 -0.9778775 -0.111269 0.1771482 -0.9778799 -0.1112171 0.04458671 -0.9986132 -0.02799242 0.6819046 -0.1041595 -0.7239869 0.701408 -0.1270765 -0.7013405 0.6729344 -0.3072555 -0.6728696 0.672924 -0.307235 -0.6728894 0.6133437 -0.4976524 -0.6133121 0.6133304 -0.4976243 -0.6133482 0.5269576 -0.6667947 -0.526973 0.5269656 -0.6668089 -0.5269472 0.4173482 -0.8072504 -0.4173335 0.4173445 -0.8072465 -0.4173445 0.289119 -0.91259 -0.289119 0.2891057 -0.9125844 -0.2891497 0.1478987 -0.9778779 -0.1479213 0.1478946 -0.9778776 -0.1479278 0.03722107 -0.9986133 -0.03722947 0.5100997 -0.1041221 -0.8537898 0.5279792 -0.1228531 -0.8403244 0.5062739 -0.3072584 -0.8057785 0.5062726 -0.3072565 -0.8057802 0.4614588 -0.4976261 -0.7344549 0.4614776 -0.4976512 -0.734426 0.3964962 -0.6667959 -0.6310103 0.396495 -0.6667946 -0.6310123 0.3140117 -0.8072511 -0.4997422 0.3140099 -0.80725 -0.4997451 0.217536 -0.912589 -0.3462074 0.2175415 -0.9125905 -0.3461998 0.1112928 -0.9778777 -0.1771135 0.1112943 -0.9778777 -0.1771121 0.0280103 -0.9986134 -0.04457527 0.3144087 -0.1040344 -0.9435698 0.3279895 -0.117587 -0.9373347 0.3143023 -0.3072718 -0.8982194 0.3142899 -0.3072575 -0.8982287 0.2864671 -0.4976417 -0.818712 0.2864564 -0.497631 -0.8187222 0.2461185 -0.6667901 -0.7034322 0.2461274 -0.6667969 -0.7034224 0.1949294 -0.8072432 -0.5571004 0.1949443 -0.8072504 -0.5570849 0.1350511 -0.9125891 -0.3859303 0.1350497 -0.9125888 -0.3859316 0.06908851 -0.9778786 -0.1974344 0.06906676 -0.9778774 -0.1974478 0.01738274 -0.9986132 -0.04969376 0.1043855 -0.05203199 -0.9931749 0.1328639 -0.1099566 -0.9850161 0.1105984 -0.1554925 -0.9816262 0.1081908 -0.2572951 -0.9602572 0 1 0 0 1 0 0.4999996 0.4999996 -0.7071073 0.4999998 0.4999995 -0.7071073 0.4999998 0.4999995 -0.7071073 1 0 0 1 0 0 1 0 0 1 0 0 1 0 0 1 0 0 1 0 0 1 0 0 1 0 0 1 0 0 1 0 0 1 0 0 1 0 0 1 0 0 1 0 0 1 0 0 1 0 0 1 0 0 1 0 0 1 0 0 -0.05225813 0.9972643 0.05227994 -0.1578251 0.986083 0.05226618 -0.2616143 0.9637549 0.05229234 -0.3624458 0.9305378 0.05227345 -0.4591796 0.8868043 0.05227148 -0.5507208 0.833051 0.05227446 -0.9982678 0.02942454 -0.0509479 -0.121457 0.1785904 0.9763983 -0.1820079 0.3415781 0.9220616 -0.8271688 -0.08554387 0.5554043 -0.7910463 -0.2562215 0.5555145 -0.8358291 -0.2384051 0.4945227 -0.8447852 -0.2426708 0.476916 -0.8271594 -0.08554905 0.5554175 -0.8315611 0.004102647 0.5554182 -0.8315679 0.004107415 0.555408 -0.826282 0.09370273 0.555408 -0.8262813 0.09370213 0.5554089 -0.8113695 0.1822143 0.5554074 -0.811379 0.1822244 0.5553904 -0.7870126 0.2686138 0.5553896 -0.7870066 0.2686056 0.5554022 -0.7534721 0.3518633 0.5554025 -0.753472 0.3518631 0.5554029 -0.7111567 0.4310257 0.5554033 -0.7111564 0.431025 0.5554043 -0.6605556 0.5051652 0.5554047 -0.6605542 0.5051608 0.5554105 -0.6022595 0.5734126 0.5554111 -0.6022609 0.573419 0.5554031 -0.5061241 0.6312701 0.5876533 -0.5292858 0.5783586 0.620772 -0.5310666 0.6280376 0.5688033 -0.5929814 0.5860506 0.5521935 -0.5685386 0.6063591 0.5559608 -0.4486367 0.5551279 0.7003987 -0.4485586 0.5551865 0.7004023 -0.4458195 0.5573084 0.7004659 -0.3084511 0.4724202 0.8256373 -0.2979261 0.4786973 0.8258867 -0.3550432 0.5672712 0.7430664 -0.02427482 0.1016895 0.99452 -0.06025117 0.06203395 0.9962537 -0.9999989 -7.27827e-4 0.001262247 -0.9950329 0.004913449 0.09942424 -0.9940074 -0.05447822 0.09476995 -0.9434792 -0.1604241 0.2900189 -0.9429919 -0.1640149 0.2895953 -0.9746599 -0.1008024 0.1996921 -0.8420345 -0.2540291 0.4758647 -0.8991274 -0.1926253 0.3930206 -0.8131331 -0.1742022 0.5553992 -0.8131295 -0.1742036 0.5554038 -0.9982824 0.02638572 0.05230742 -0.9952907 0.08160251 0.05232018 -0.9935656 0.1126787 0.01144081 -0.9894319 0.1352343 0.05230963 -0.9810018 0.1868088 0.05232429 -0.9756236 0.2191005 0.01239335 -0.9694932 0.2394748 0.05229449 -0.955625 0.2899041 0.05231219 -0.946309 0.3229764 0.01362013 -0.9385906 0.3410465 0.05229765 -0.9194531 0.3897033 0.05231934 -0.9059665 0.4230783 0.01515507 -0.8970779 0.4387643 0.0523169 -0.8728945 0.485093 0.05234491 -0.8550636 0.518244 0.0170117 -0.8454367 0.5315077 0.05231022 -0.8164628 0.5750207 0.05234122 -0.7941911 0.6073659 0.01915937 -0.7842301 0.6182606 0.05231618 -0.7508103 0.6584401 0.05235087 -0.7240648 0.6893931 0.02162027 -0.6360548 0.7698721 0.05226194 -0.6455095 0.7633633 0.02437216 -0.6766514 0.7344428 0.0523135 -0.7141814 0.6980061 0.05227237 -0.9773301 -0.04006737 0.2078952 -0.9781995 0.0048303 0.2076111 -0.9781951 0.00481671 0.2076319 -0.9719761 0.1102302 0.2076334 -0.9719767 0.110233 0.2076294 -0.9544359 0.2143422 0.2076283 -0.9544367 0.214351 0.2076156 -0.9257749 0.3159681 0.2076171 -0.9257751 0.3159628 0.2076249 -0.886326 0.4139063 0.2076244 -0.8863257 0.413908 0.2076219 -0.8365522 0.5070245 0.2076214 -0.8365494 0.5070365 0.2076034 -0.7770307 0.5942422 0.2076039 -0.7770354 0.5942289 0.2076245 -0.7084519 0.6745278 0.207625 -0.7084531 0.6745253 0.2076291 -0.63163 0.7469497 0.2076289 -0.6316277 0.7469533 0.2076227 -0.9035556 -0.1347368 0.4067349 -0.9089122 -0.09400254 0.4062539 -0.9089158 -0.09399795 0.4062467 -0.913752 0.004499375 0.4062474 -0.9137576 0.004508197 0.4062347 -0.9079486 0.1029714 0.4062342 -0.9079447 0.1029635 0.4062451 -0.8915562 0.2002291 0.4062461 -0.8915534 0.2002216 0.4062558 -0.8647806 0.2951456 0.4062553 -0.8647837 0.2951577 0.4062401 -0.8279359 0.3866404 0.4062406 -0.8279355 0.3866368 0.4062449 -0.7814341 0.4736309 0.4062446 -0.7814337 0.4736199 0.4062579 -0.72584 0.5550779 0.406257 -0.725839 0.5550913 0.4062407 -0.6617822 0.6300895 0.4062407 -0.661783 0.6300851 0.4062463 -0.5900151 0.6977429 0.4062474 -0.5900136 0.697748 0.4062408 -0.5948629 0.8021234 0.05230689 -0.5594248 0.8284271 0.0274288 -0.5474403 0.8106799 0.2076228 -0.5474404 0.8106799 0.2076228 -0.5113759 0.7572736 0.4062407 -0.5113788 0.7572668 0.4062497 -0.4529799 0.6707879 0.5872416 -0.4529783 0.6707956 0.5872341 -0.3811294 0.5643977 0.7322538 -0.3830827 0.526368 0.7590681 -0.5063787 0.8607224 0.05232334 -0.4668343 0.8838081 0.03080451 -0.4568783 0.8649594 0.2076235 -0.456879 0.8649586 0.207625 -0.426779 0.8079736 0.4062489 -0.4267765 0.8079782 0.4062425 -0.3780405 0.7157107 0.5872338 -0.3780412 0.7157085 0.587236 -0.3127804 0.5921567 0.7426431 -0.31278 0.5921592 0.7426415 -0.2409796 0.4562258 0.8566136 -0.2437553 0.4377815 0.8654079 -0.1922316 0.3890672 0.9009293 -0.1618945 0.3505762 0.9224351 -0.4121147 0.9096284 0.05232417 -0.3688098 0.9288645 0.0344969 -0.3609878 0.9091644 0.2076246 -0.3609915 0.9091613 0.2076316 -0.3372101 0.8492674 0.406244 -0.3372109 0.8492662 0.4062458 -0.2987029 0.7522838 0.5872357 -0.2987016 0.7522865 0.5872327 -0.247137 0.62242 0.7426416 -0.2471373 0.622419 0.7426424 -0.1847118 0.4651994 0.86572 -0.1847116 0.4651998 0.8657197 -0.1265115 0.3186215 0.9394015 -0.1280977 0.2828077 0.9505845 -0.0303356 0.1701374 0.9849533 -0.08292353 0.1675284 0.9823737 -0.3132911 0.9482142 0.0523318 -0.2665182 0.9630619 0.03847092 -0.2609032 0.942772 0.2076305 -0.2608916 0.9427797 0.2076103 -0.2437032 0.8806663 0.406246 -0.2437036 0.8806658 0.4062467 -0.2158742 0.7800996 0.5872333 -0.2158774 0.7800941 0.5872395 -0.1786116 0.6454305 0.7426422 -0.1786127 0.645428 0.7426441 -0.1334965 0.482398 0.8657199 -0.1334943 0.4824054 0.8657161 -0.08252692 0.2982259 0.9509209 -0.08252739 0.298224 0.9509215 -0.03467112 0.1252889 0.9915143 -0.05075579 0.07332336 0.9960158 -0.2109891 0.9760853 0.05235552 -0.1611258 0.986007 0.04276043 -0.1577595 0.9654064 0.2076107 -0.1577702 0.965401 0.2076281 -0.1473762 0.9018006 0.406246 -0.1473724 0.9018042 0.4062395 -0.1305422 0.7988169 0.5872396 -0.1305404 0.7988192 0.5872368 -0.1080052 0.6609191 0.7426445 -0.1080058 0.6609182 0.7426453 -0.08072572 0.4939838 0.8657156 -0.08072859 0.4939771 0.8657191 -0.04990702 0.3053805 0.9509217 -0.04990494 0.3053864 0.9509199 -0.01688247 0.1033099 0.994506 -0.01688277 0.103309 0.994506 -0.1061195 0.9929752 0.05233412 -0.05391156 0.9974223 0.04735279 -0.05279594 0.9767822 0.2076275 -0.052796 0.9767822 0.2076276 -0.04931795 0.9124346 0.4062398 -0.04931831 0.9124344 0.4062404 -0.04368621 0.8082351 0.5872372 -0.04367685 0.8082453 0.587224 -0.03613644 0.6687097 0.742645 -0.03614336 0.6686998 0.7426536 -0.02701431 0.4998003 0.8657193 -0.02700942 0.499809 0.8657144 -0.01669746 0.3089862 0.9509199 -0.01670038 0.3089801 0.9509219 -0.005649685 0.1045269 0.994506 -0.005649507 0.1045272 0.9945061 0.500009 -0.4999903 0.7071073 0.4999997 -0.4999997 0.7071073 0.4999997 -0.4999997 0.7071073 0 0.3420209 -0.9396923 0 0.3420209 -0.9396923 -1 0 0 -1 0 0 -1 0 0 -1 0 0 0 1 0 0 1 0 0.7071059 0.7071076 0 0.7071059 0.7071076 0 0.707107 0.7071066 0 0.707107 0.7071066 0 0 0.3420209 0.9396923 0 0.3420209 0.9396923 -0.3120023 0.9443135 -0.1045303 -0.4104193 0.9058863 -0.1045269 -0.5042957 0.8571819 -0.1045231 -0.5924158 0.7988237 -0.1045198 -0.6738678 0.7314214 -0.1045226 -0.7477223 0.6557319 -0.1045319 -0.8131055 0.5726562 -0.1045202 -0.8693703 0.4831345 -0.1038098 -0.9157539 0.3881354 -0.103661 -0.9517849 0.2887391 -0.1036116 -0.9770593 0.1860581 -0.1036229 -0.0419681 0.7764691 -0.6287565 -0.03399622 0.6289471 -0.7767045 -0.02452963 0.4538547 -0.890738 -0.1086072 0.3924742 -0.9133283 -0.01398777 0.258789 -0.9658326 -0.7963284 0.09030544 -0.5980854 -0.7584732 0.2588672 -0.5980855 -0.7261642 0.3391106 -0.5980716 -0.685361 0.4153907 -0.5981062 -0.636613 0.4868516 -0.5980798 -0.5803918 0.5525973 -0.5981485 -0.2137404 0.4178997 -0.882992 -0.09680134 0.2141376 -0.9719951 -5.46808e-4 0.002290606 -0.9999972 -0.01741516 0.04016751 -0.9990411 -0.01999706 0.07623177 -0.9968895 -0.1172106 0.2072463 -0.9712418 -0.1288587 0.2043941 -0.9703702 -0.0546875 0.1976243 -0.9787512 -0.05349427 0.2010984 -0.9781093 -0.03357565 0.2054642 -0.9780884 -0.2055003 0.4018556 -0.8923462 -0.2073783 0.3820093 -0.9005904 -0.2248031 0.3737579 -0.8998715 -0.3448066 0.4996624 -0.7946356 -0.2833513 0.536435 -0.7949526 -0.3473188 0.6575371 -0.6685916 -0.284112 0.4629595 -0.8396124 -0.2724167 0.5213891 -0.8086672 -0.2171227 0.5468275 -0.8086021 -0.1474588 0.3713776 -0.9166976 -0.1443547 0.3805208 -0.9134362 -0.1019927 0.2690623 -0.9577071 -0.09458661 0.2482188 -0.9640751 -0.4887522 0.5710667 -0.6595484 -0.4879052 0.569559 -0.6614764 -0.4889463 0.5685555 -0.6615709 -0.4893269 0.5682462 -0.6615554 -0.8013805 0.003958344 -0.5981419 -0.8014249 0.003952682 -0.5980823 -0.8663339 0.004272818 -0.4994471 -0.8087478 -0.2723281 -0.5213103 -0.8131423 -0.2573943 -0.522061 -0.7640885 -0.2412626 -0.5982986 -0.7929006 -0.2568222 -0.5525857 -0.9212296 -0.1902627 -0.3393173 -0.9223034 -0.1845233 -0.3395695 -0.8504995 -0.1638789 -0.4997944 -0.8564269 -0.1834774 -0.482565 -0.7836577 -0.1678876 -0.5980757 -0.7836721 -0.1678928 -0.5980553 -0.9912908 0.08127456 -0.10362 -0.9941868 0.02930426 -0.1036038 -0.9981626 -0.03028839 -0.05247926 -0.01365858 0.05060195 -0.9986255 -0.008455872 0.05174338 -0.9986246 -0.008455336 0.05174213 -0.9986247 -0.002829551 0.05235219 -0.9986246 -0.002829849 0.05235314 -0.9986247 -0.7971822 -0.08244866 -0.5980826 -0.7971372 -0.08243793 -0.5981442 -0.8617438 -0.08911937 -0.499455 -0.8617478 -0.08912557 -0.4994469 -0.9525125 -0.09851282 -0.2881239 -0.9480994 -0.07545512 -0.3088917 -0.9856414 -0.08372908 -0.1466295 -0.9855748 -0.08453619 -0.1466154 -0.7555665 0.5778244 -0.3086069 -0.6881697 0.5262822 -0.4994491 -0.6274427 0.5973829 -0.4994491 -0.5804418 0.5526338 -0.5980663 -0.5478974 0.5843448 -0.5986232 -0.9962942 0.005581974 -0.08583062 -0.9511756 0.004112243 -0.3086228 -0.9514567 0.004702627 -0.3077468 -0.8663265 0.004281878 -0.4994598 -0.8608193 0.09762781 -0.4994586 -0.796265 0.09030658 -0.5981696 -0.7818956 0.1756029 -0.5981662 -0.1534066 0.9387346 -0.3086158 -0.04809796 0.8899822 -0.4534516 -0.05039018 0.932396 -0.3579084 -0.03474897 0.9506511 -0.30831 -0.7819548 0.1756082 -0.5980873 -0.8452889 0.1898316 -0.4994505 -0.8608248 0.09762239 -0.4994502 -0.9454053 0.1072143 -0.3077561 -0.9454069 0.1072188 -0.3077498 -0.9882946 0.1120802 -0.1034982 -0.9885112 0.1351085 -0.06775945 -0.7584807 0.2588686 -0.5980753 -0.8199068 0.2798333 -0.4994459 -0.8452925 0.1898287 -0.4994454 -0.9283367 0.2084781 -0.307779 -0.9283401 0.2084931 -0.3077583 -0.9704594 0.2179448 -0.1034824 -0.9684163 0.2392088 -0.07034975 -0.7261409 0.3391032 -0.5981041 -0.7849678 0.3665751 -0.4994478 -0.8199052 0.2798343 -0.4994481 -0.9004535 0.3073256 -0.3077896 -0.9004544 0.3073328 -0.3077799 -0.9413204 0.3212439 -0.1035292 -0.9373759 0.3406051 -0.07290118 -0.6853793 0.4153987 -0.5980796 -0.7408849 0.4490399 -0.4994525 -0.7849635 0.3665772 -0.4994531 -0.8620435 0.4025735 -0.3079213 -0.8620446 0.402671 -0.3077905 -0.9012244 0.4207688 -0.1036731 -0.895744 0.4381119 -0.07550299 -0.6365664 0.4868248 -0.5981513 -0.6881627 0.5262839 -0.4994571 -0.7408812 0.4490413 -0.4994567 -0.813444 0.4930208 -0.3086084 -0.8133965 0.4935328 -0.3079146 -0.8507512 0.5150997 -0.1043778 -0.8440006 0.5306048 -0.07823967 -0.5072211 0.5998309 -0.6188132 -0.5593936 0.6615291 -0.4994578 -0.6274347 0.5973839 -0.4994578 -0.6888872 0.6558932 -0.3086073 -0.755567 0.5778242 -0.3086064 -0.7899988 0.6041561 -0.1043902 -0.782683 0.6170409 -0.08165627 -0.3384282 0.5073314 -0.7925158 -0.4130229 0.6182792 -0.6686875 -0.4139978 0.6130756 -0.6728627 -0.4848316 0.7179709 -0.4994558 -0.559394 0.6615291 -0.4994573 -0.6141821 0.7263205 -0.3086079 -0.6888864 0.6558935 -0.3086086 -0.7202811 0.6857846 -0.1043774 -0.7126193 0.6964794 -0.08420306 -0.008454501 0.156412 -0.9876556 0.002088606 0.2092825 -0.977853 -0.03357726 0.2054663 -0.978088 -0.06567817 0.4018983 -0.9133259 -0.1086115 0.3924783 -0.913326 -0.1569185 0.5670405 -0.8086048 -0.2171195 0.5468253 -0.8086044 -0.2744218 0.6911439 -0.6685901 -0.3473199 0.6575375 -0.6685906 -0.404634 0.7660432 -0.4994487 -0.4848381 0.7179715 -0.4994488 -0.5323213 0.788287 -0.308606 -0.614184 0.72632 -0.3086051 -0.6421738 0.7594201 -0.1043738 -0.6345249 0.7680203 -0.08673453 -0.0193656 0.3582845 -0.9334115 -0.007913291 0.4079896 -0.9129523 -0.06567621 0.4018959 -0.9133271 -0.09488743 0.5806497 -0.8086053 -0.1569185 0.5670405 -0.8086048 -0.1983322 0.7166928 -0.6685924 -0.2744189 0.6911424 -0.6685929 -0.3197028 0.805193 -0.4994542 -0.4046292 0.7660423 -0.4994541 -0.4442573 0.8410661 -0.3086152 -0.5323151 0.7882878 -0.3086144 -0.5565755 0.8242143 -0.1043765 -0.5492739 0.8308625 -0.08925133 -0.02942538 0.5444372 -0.8382853 -0.0169506 0.5887565 -0.8081328 -0.09488826 0.5806505 -0.8086044 -0.1199309 0.7338943 -0.6685924 -0.1983314 0.7166923 -0.6685932 -0.2310609 0.8349642 -0.4994454 -0.3197105 0.8051954 -0.4994453 -0.3510201 0.8840491 -0.308613 -0.4442592 0.841066 -0.3086125 -0.4645062 0.879397 -0.1043787 -0.4578679 0.8842709 -0.09177196 -0.03819209 0.7065731 -0.7066087 -0.02460879 0.7436689 -0.6680951 -0.1199294 0.733893 -0.6685941 -0.1397206 0.8550026 -0.4994485 -0.2310585 0.8349631 -0.4994483 -0.2536863 0.9167316 -0.30862 -0.3510144 0.8840487 -0.3086208 -0.3670126 0.924341 -0.1043804 -0.3613245 0.9276589 -0.09430605 -0.04528325 0.8378044 -0.5440893 -0.03061813 0.8660613 -0.4989994 -0.1397253 0.8550053 -0.4994425 -0.1534085 0.9387351 -0.3086131 -0.2536919 0.9167327 -0.3086123 -0.2652536 0.9585115 -0.1043844 -0.2607419 0.9605413 -0.09682023 -0.05213105 0.9646071 -0.2584867 -0.05330264 0.986286 -0.1562007 -0.02038264 0.9984212 -0.05234247 -0.0520575 0.9934356 -0.1018607 -0.1056829 0.9888903 -0.1045332 -0.1603982 0.9815176 -0.1043823 -0.1572594 0.9825488 -0.099334 -0.2101213 0.9720708 -0.1045348 0.4999997 -0.4999997 -0.7071073 0.4999996 -0.4999996 -0.7071073 0.4999996 -0.4999996 -0.7071073 0 1 0 0 1 0 0 0.3420209 0.9396923 0 0.3420209 0.9396923 0 0 1 0 0 1 0 0 1 0 0 1 0 0 1 0 0 1 0 0 1 0 0 1 0 0 1 0 0 1 0 0 1 0 0 1 0 0 1 0 0 1 0 0 1 0 0 1 0 0 1 0 0 1 0 0 1 0 0 1 0 0 1 0 0 1 0 0 1 0 0 1 0 0 1 0 0 1 0 0 1 0 0 1 0 0 1 0 0 1 0 0 1 0 0 1 0 0 1 0 0 1 0 0 1 0 0 1 0 0 1 0 0 1 0 0 1 0 0 1 0 0 1 0 0 1 0 0 1 0 0 1 0 0 1 0 0 1 0 0 1 0 0 1 0 0 1 0 0 1 0 0 1 0 0 1 0 0 1 0 0 1 0 0 1 0 0 1 0 0 1 0 0 1 0 0 1 0 0 1 -1 0 0 -1 0 0 0 0.3420199 0.9396927 0 0.3420199 0.9396927 0 0.05231785 -0.9986305 0 0.9986287 -0.05235147 -0.001825451 0.9945204 -0.1045269 0 0.9876911 -0.1564176 0 0.9659271 -0.2588143 -0.001826584 0.9510512 -0.3090279 0 0.8302437 -0.5574005 -4.97901e-4 0.2079175 -0.9781463 0 0.1564523 -0.9876855 0 0.05231785 -0.9986305 -4.97944e-4 0.4067434 -0.9135423 0 0.3583828 -0.9335747 0 0.2588143 -0.9659271 -4.98266e-4 0.5877764 -0.8090233 0 0.5446068 -0.8386915 0 0.4539913 -0.8910061 0 0.9335701 -0.3583947 0 0.8910061 -0.4539913 -5.33847e-4 0.8839553 -0.4675712 3.77922e-4 0.8386753 -0.5446318 0 0.8302438 -0.5574005 0 0.7771537 -0.6293109 -4.98065e-4 0.7431487 -0.6691261 0 0.7071068 -0.7071068 0 0.6293324 -0.7771363 1 0 0 1 0 0 1 0 0 1 0 0 1 0 0 0 0.3420196 -0.9396929 0 0.3420196 -0.9396929 -0.6830121 -0.1830124 0.7071076 -0.6830152 -0.1830133 0.7071042 0 1 0 0 1 0 0 1 0 0 1 0 0 1 0 0 1 0 0 0.3420209 -0.9396923 0 0.3420209 -0.9396923 0 1 0 0 1 0 0 1 0 0 1 0 0 0 1 0 0 1 0 0 1 0 0 1 0 0 1 0 0 1 0 0 1 0 0 1 0 0 1 0 0 1 0 0 1 0 0 1 0 0 1 0 0 1 0 0 1 -0.1830129 0.6830118 0.7071076 -0.1830136 0.6830131 0.7071062 1 0 0 1 0 0 1 0 0 1 0 0 1 0 0 1 0 0 1 0 0 -0.7071068 0 0.7071068 -0.7071068 0 0.7071068 0 1 0 0 1 0 0 1 0 0 1 0 0 0.3420199 0.9396927 0 0.3420199 0.9396927 0 0 -1 0 0 -1 0 0 -1 0 0 -1 0 0 -1 0 0 -1 0 0 -1 0 0 -1 0 0 -1 0 0 -1 0 0 -1 0 0 -1 0 0 -1 0 0 -1 0 0 -1 0.1830121 -0.6830125 0.7071071 0.1830112 -0.683011 0.7071089 0 1 0 0 1 0 0 1 0 0 1 0 1 0 0 1 0 0 1 0 0 1 0 0 1 0 0 1 0 0 1 0 0 1 0 0 1 0 0 1 0 0 1 0 0 1 0 0 1 0 0 1 0 0 1 0 0 1 0 0 1 0 0 1 0 0 1 0 0 1 0 0 1 0 0 1 0 0 1 0 0 1 0 0 1 0 0 1 0 0 1 0 0 1 0 0 1 0 0 1 0 0 1 0 0 1 0 0 1 0 0 1 0 0 1 0 0 1 0 0 1 0 0 1 0 0 1 0 0 1 0 0 1 0 0 1 0 0 1 0 0 1 0 0 1 0 0 1 0 0 1 0 0 1 0 0 1 0 0 1 0 0 1 0 0 1 0 0 1 0 0 1 0 0 1 0 0 1 0 0 0 -1 0 0 -1 0 0 -1 0 0 -1 0 0 -1 0 0 -1 0 0 -1 0 0 -1 0 0 -1 0 0 -1 0 0 -1 0 0 -1 0 0 -1 0 0 -1 0 0 -1 0 0 -1 0 0 -1 0 0 -1 0 0 -1 0 0 -1 0 0 -1 0 0 -1 0 0 -1 0 0 -1 0 0 -1 0 0 -1 0 0 -1 0 0 -1 0 0 -1 0 0 -1 0 0 -1 0 0 -1 0 0 1 0 0 1 0 1 0 0 1 0 0 -1 0 0 -1 0 0 -1 0 0 -1 0 0 -1 0 0 -1 0 0 -1 0 0 -1 0 0 -1 0 0 -1 0 0 -1 0 0 -1 0 0 -1 0 0 -1 0 0 -1 0 0 -1 0 0 -1 0 0 -1 0 0 -1 0 0 -1 0 0 -1 0 0 -1 0 0 0 1 0 0 1 0 -0.9986305 0 -0.05231595 -0.9986305 0 -0.05231595 -0.9864889 0 -0.1638282 -0.9781464 -1.36878e-4 -0.2079175 -0.9639633 0 -0.2660354 -0.9281153 0 -0.3722928 -0.9135461 -1.28325e-4 -0.4067353 -0.8841173 0 -0.467265 -0.8262421 0 -0.5633152 -0.8090149 -1.14099e-4 -0.5877881 -0.7628096 0 -0.646623 -0.685634 0 -0.7279464 -0.6691361 -9.40412e-5 -0.74314 -0.6058281 0 -0.7955956 -0.5128784 0 -0.8584613 -0.4999837 -6.83902e-5 -0.8660349 -0.4203685 0 -0.9073535 -0.3161357 0 -0.948714 -0.3090285 -3.7062e-5 -0.9510529 -0.2151896 0 -0.9765723 -0.1045289 0 -0.9945219 -0.1045289 0 -0.9945219 -0.4999997 0.4999997 0.7071074 -0.4999997 0.4999997 0.7071073 -0.4999903 0.500009 0.7071073 0 0.3420209 0.9396923 0 0.3420209 0.9396923 -0.9986292 0.05234152 0 -0.9985332 0.05414181 -1.41532e-4 -0.9876889 0.156431 1.37093e-4 -0.9874044 0.1582171 0 -0.9773853 0.2114659 0 -0.9659249 0.2588225 2.63861e-4 -0.9649844 0.2623077 0 -0.9493916 0.3140948 0 -0.9335811 0.358366 3.81821e-4 -0.9316235 0.3634248 0 -0.9105961 0.4132976 0 -0.891006 0.4539913 4.89091e-4 -0.8877022 0.460418 0 -0.8614901 0.5077744 0 -0.8386716 0.5446372 5.8693e-4 -0.833718 0.5521905 0 -0.8026058 0.5965097 0 -0.7771419 0.629325 6.74813e-4 -0.7702768 0.6377097 0 -0.734649 0.6784474 0 -0.7071066 0.7071066 7.53373e-4 -0.698107 0.7159935 0 -0.6583524 0.7527098 0 -0.6293178 0.7771477 8.22042e-4 -0.6180168 0.7861649 0 -0.5745825 0.8184467 0 -0.5446454 0.838666 8.80343e-4 -0.5309401 0.8474094 0 -0.4842933 0.8749057 0 -0.4539911 0.8910057 9.29095e-4 -0.4378265 0.8990595 0 -0.3885168 0.9214417 0 -0.3583659 0.9335807 9.68099e-4 -0.3397524 0.9405149 0 -0.2883469 0.957526 0 -0.2588142 0.9659267 9.97637e-4 -0.23782 0.9713092 0 -0.184921 0.9827534 0 -0.1564407 0.9876868 0.001017391 -0.1332041 0.9910886 0 -0.0793488 0.996847 0 -0.05233025 0.9986293 0.001026391 -0.02707844 0.9996333 0 -0.05169874 0.9863702 -0.1562084 -0.05225872 0.9972642 -0.05227994 -0.05226975 0.9972653 -0.05224698 -0.1562271 0.9863383 -0.05224817 -0.1562144 0.9863382 -0.05228585 -0.2584604 0.9646058 -0.05228638 -0.2584727 0.9646046 -0.05224955 -0.3578765 0.9323058 -0.05225217 -0.3578777 0.9323055 -0.05224859 -0.4533712 0.8897891 -0.05224889 -0.4533681 0.8897901 -0.05225878 -0.5439012 0.8375202 -0.05226206 -0.5438942 0.8375234 -0.05228513 -0.6284571 0.7760848 -0.05228638 -0.6284623 0.7760819 -0.05226886 -0.7061402 0.7061402 -0.05226844 -0.7061334 0.7061452 -0.05229353 -0.7760787 0.6284641 -0.0522964 -0.7760868 0.6284567 -0.05226403 -0.8375254 0.5438928 -0.0522657 -0.8375239 0.5438945 -0.05227255 -0.8897879 0.4533706 -0.05227428 -0.8897866 0.4533723 -0.05228042 -0.9323044 0.357876 -0.05228179 -0.9323037 0.357877 -0.05228531 -0.9646039 0.2584685 -0.05228376 -0.9646081 0.2584587 -0.05225211 -0.9863397 0.1562173 -0.05225086 -0.9863364 0.1562278 -0.05228328 -0.9972635 0.05226993 -0.05228245 -0.9972661 0.05225735 -0.05224448 -0.04886257 0.932455 -0.3579666 -0.05055189 0.9646921 -0.2584834 -0.03393238 0.9776614 -0.2074288 -0.1530188 0.966162 -0.2076446 -0.1530305 0.9661638 -0.2076279 -0.2531858 0.9448742 -0.2076283 -0.2531752 0.9448738 -0.2076434 -0.3505565 0.9132332 -0.2076423 -0.350561 0.9132329 -0.2076361 -0.4440943 0.8715893 -0.2076349 -0.4440852 0.8715908 -0.207648 -0.5327679 0.8203905 -0.207648 -0.5327777 0.8203878 -0.2076337 -0.6156075 0.7602076 -0.2076338 -0.6155963 0.7602121 -0.2076509 -0.691688 0.6916996 -0.2076519 -0.6917032 0.6916918 -0.2076277 -0.7602133 0.6156027 -0.2076269 -0.760203 0.6156096 -0.2076445 -0.8203914 0.5327685 -0.2076429 -0.8203964 0.5327644 -0.2076337 -0.8715873 0.4440993 -0.207633 -0.8715864 0.4441002 -0.2076349 -0.9132344 0.350557 -0.207636 -0.9132317 0.3505604 -0.2076423 -0.9448749 0.2531713 -0.2076433 -0.9448742 0.2531723 -0.2076449 -0.9661599 0.153032 -0.2076448 -0.9661599 0.1530317 -0.2076444 -0.9768643 0.05118829 -0.2076438 -0.9768639 0.05118912 -0.2076449 -0.04391515 0.8378662 -0.5441064 -0.04664951 0.8900361 -0.4534971 -0.03092932 0.9134014 -0.4058832 -0.1429472 0.9025023 -0.4062707 -0.1429401 0.9024991 -0.4062799 -0.2364931 0.8826146 -0.4062789 -0.2364966 0.8826157 -0.4062745 -0.3274619 0.8530586 -0.4062753 -0.3274617 0.8530586 -0.4062757 -0.4148247 0.8141623 -0.4062759 -0.414833 0.814163 -0.406266 -0.4976743 0.7663346 -0.4062652 -0.4976528 0.766335 -0.406291 -0.5750311 0.7101173 -0.4062913 -0.5750584 0.7101141 -0.4062584 -0.6461303 0.6461196 -0.4062572 -0.6461217 0.6461216 -0.4062679 -0.7101161 0.5750494 -0.4062677 -0.7101143 0.5750501 -0.40627 -0.7663408 0.4976607 -0.4062705 -0.7663291 0.4976661 -0.406286 -0.8141517 0.4148354 -0.4062862 -0.8141592 0.414831 -0.4062758 -0.8530584 0.3274618 -0.4062757 -0.8530586 0.3274617 -0.4062753 -0.8826173 0.2364909 -0.4062744 -0.8826121 0.2364956 -0.4062827 -0.9024968 0.142948 -0.4062825 -0.9025045 0.1429392 -0.4062685 -0.9125012 0.04781639 -0.4062696 -0.9125012 0.04781663 -0.40627 -0.03703063 0.7066218 -0.7066218 -0.04069316 0.77651 -0.6287896 -0.02602159 0.8093352 -0.5867704 -0.1266165 0.7994356 -0.5872571 -0.1266158 0.7994351 -0.5872581 -0.2094885 0.7818201 -0.5872579 -0.2094925 0.7818222 -0.5872536 -0.2900665 0.7556419 -0.5872534 -0.2900604 0.7556395 -0.5872598 -0.3674564 0.7211803 -0.5872604 -0.3674638 0.7211825 -0.5872531 -0.4408257 0.6788268 -0.5872536 -0.4408357 0.6788287 -0.587244 -0.5093885 0.6290214 -0.5872439 -0.5093742 0.6290203 -0.5872576 -0.5723322 0.5723322 -0.5872579 -0.5723236 0.5723324 -0.587266 -0.6290121 0.5093736 -0.5872668 -0.6290262 0.5093717 -0.5872533 -0.6788198 0.4408363 -0.5872539 -0.6788203 0.440836 -0.5872533 -0.7211851 0.3674588 -0.587253 -0.7211779 0.3674615 -0.5872603 -0.7556376 0.2900649 -0.5872598 -0.7556436 0.290062 -0.5872535 -0.7818232 0.2094893 -0.5872536 -0.7818293 0.2094855 -0.5872468 -0.7994435 0.1266164 -0.5872465 -0.7994347 0.1266232 -0.587257 -0.8082916 0.04235583 -0.5872569 -0.8082889 0.04235857 -0.5872606 -0.02852612 0.5443851 -0.8383502 -0.03295952 0.6289905 -0.7767141 -0.01939374 0.6699128 -0.7421864 -0.1047527 0.6613949 -0.7426868 -0.1047614 0.6614027 -0.7426787 -0.1733205 0.6468294 -0.7426787 -0.1733145 0.646825 -0.742684 -0.2399765 0.6251655 -0.7426838 -0.23998 0.6251676 -0.7426811 -0.3040143 0.596657 -0.7426815 -0.3040092 0.5966547 -0.7426853 -0.3647119 0.5616081 -0.7426853 -0.3647135 0.5616086 -0.7426842 -0.4214218 0.5204091 -0.7426831 -0.4214182 0.5204082 -0.7426856 -0.4735031 0.4735104 -0.7426863 -0.4735112 0.4735113 -0.7426804 -0.5204141 0.42142 -0.7426806 -0.520412 0.42142 -0.7426819 -0.5616092 0.3647174 -0.7426819 -0.5616046 0.3647179 -0.7426851 -0.596653 0.3040123 -0.7426854 -0.5966634 0.3040102 -0.742678 -0.6251716 0.2399789 -0.7426781 -0.625164 0.2399813 -0.7426837 -0.6468257 0.1733123 -0.7426839 -0.6468222 0.1733138 -0.7426866 -0.6613942 0.1047587 -0.7426865 -0.6614021 0.1047543 -0.7426801 -0.6687296 0.0350449 -0.7426794 -0.6687249 0.03504824 -0.7426834 -0.01877903 0.3583196 -0.9334101 -0.0237863 0.4538629 -0.890754 -0.01130622 0.5011298 -0.8652983 -0.07830005 0.4943414 -0.8657342 -0.07829546 0.4943364 -0.8657375 -0.1295374 0.4834451 -0.8657372 -0.1295394 0.4834468 -0.865736 -0.179364 0.4672579 -0.8657358 -0.1793573 0.4672531 -0.8657398 -0.2272189 0.4459444 -0.8657396 -0.2272212 0.4459457 -0.8657383 -0.2725905 0.4197519 -0.8657383 -0.2725903 0.4197518 -0.8657383 -0.3149725 0.3889587 -0.8657387 -0.314972 0.3889585 -0.865739 -0.353904 0.353904 -0.865739 -0.3539039 0.3539039 -0.865739 -0.3889588 0.3149716 -0.8657389 -0.3889593 0.3149716 -0.8657388 -0.4197492 0.2725939 -0.8657385 -0.4197574 0.2725939 -0.8657346 -0.4459537 0.227221 -0.8657343 -0.4459509 0.2272213 -0.8657357 -0.4672573 0.1793658 -0.8657358 -0.4672573 0.1793658 -0.8657358 -0.4834473 0.129538 -0.865736 -0.4834447 0.1295388 -0.8657372 -0.4943367 0.07829409 -0.8657374 -0.4943343 0.07829517 -0.8657387 -0.4998102 0.02619534 -0.8657388 -0.4998121 0.02619421 -0.8657377 -0.008198559 0.1564471 -0.9876523 -0.0135619 0.2587906 -0.9658383 -0.002069711 0.3103624 -0.9506161 -0.04840171 0.3055953 -0.9509305 -0.04840183 0.3055955 -0.9509304 -0.08007997 0.298862 -0.9509305 -0.08008056 0.2988625 -0.9509302 -0.1108786 0.2888556 -0.9509303 -0.1108837 0.2888598 -0.9509284 -0.1404699 0.2756871 -0.9509284 -0.1404703 0.2756874 -0.9509283 -0.1685178 0.2594945 -0.9509282 -0.1685173 0.2594943 -0.9509283 -0.1947185 0.2404577 -0.9509283 -0.1947174 0.2404572 -0.9509288 -0.2187861 0.2187861 -0.9509286 -0.2187821 0.218785 -0.9509298 -0.2404546 0.1947154 -0.9509298 -0.2404549 0.1947155 -0.9509297 -0.2594903 0.1685152 -0.9509298 -0.259491 0.1685152 -0.9509296 -0.275684 0.1404668 -0.9509298 -0.2756807 0.1404669 -0.9509307 -0.2888532 0.1108819 -0.9509306 -0.28886 0.1108809 -0.9509286 -0.2988676 0.08008146 -0.9509285 -0.2988668 0.0800817 -0.9509288 -0.3056007 0.04840254 -0.9509287 -0.3056005 0.0484026 -0.9509288 -0.3089859 0.01619333 -0.9509287 -0.3089879 0.01619237 -0.9509281 -0.002741813 0.05231761 -0.9986267 0.007905125 0.1059172 -0.9943435 -0.01637428 0.1033825 -0.9945068 -0.01637458 0.103383 -0.9945068 -0.02709126 0.1011052 -0.9945068 -0.02709084 0.1011047 -0.9945068 -0.03751105 0.09771889 -0.9945069 -0.03751015 0.09771817 -0.994507 -0.04751938 0.09326165 -0.994507 -0.04751926 0.09326153 -0.994507 -0.05700725 0.08778357 -0.994507 -0.05700808 0.08778405 -0.994507 -0.06587117 0.0813446 -0.9945069 -0.06587064 0.08134436 -0.994507 -0.07401245 0.07401341 -0.994507 -0.07401525 0.07401436 -0.9945067 -0.08134615 0.06587249 -0.9945067 -0.081344 0.06587201 -0.9945069 -0.08778429 0.05700773 -0.9945069 -0.08778506 0.05700778 -0.9945069 -0.09326303 0.04752004 -0.9945068 -0.0932641 0.04752004 -0.9945068 -0.09772056 0.03751069 -0.9945067 -0.09771782 0.03751099 -0.994507 -0.1011034 0.02709078 -0.994507 -0.1011035 0.02709072 -0.994507 -0.1033812 0.01637405 -0.994507 -0.1033829 0.01637351 -0.9945069 -0.104528 0.005477726 -0.9945068 -0.1045274 0.005477964 -0.994507 -0.4999996 -0.4999996 -0.7071073 -0.4999998 -0.4999994 -0.7071073 -0.4999998 -0.4999993 -0.7071074 0 0.3420199 0.9396927 0 0.3420199 0.9396927 0 0.9986286 -0.05235332 0 0.9986286 -0.05235332 0 0.9876902 -0.1564231 -0.002739846 0.9781426 -0.2079167 0 0.9659206 -0.2588387 0 0.9335821 -0.3583636 -0.002738714 0.9135456 -0.4067271 0 0.8910134 -0.4539769 0 0.8386647 -0.5446481 -0.002738356 0.8090142 -0.5877826 0 0.7771537 -0.6293109 0 0.707089 -0.7071245 -0.002738714 0.6691148 -0.7431541 0 0.6293109 -0.7771537 0 0.5446731 -0.8386484 -0.002740025 0.5000163 -0.8660117 0 0.4539914 -0.8910061 0 0.3583518 -0.9335867 -0.002738714 0.3090059 -0.9510562 0 0.05235332 -0.9986286 -0.002738118 0.1045286 -0.9945181 0 0.1564176 -0.9876911 0 0.2588143 -0.9659271 -0.4999997 0.4999997 -0.7071073 -0.4999997 0.4999997 -0.7071074 -0.4999996 0.4999996 -0.7071073 0 0.3420199 -0.9396927 0 0.3420199 -0.9396927 0.9986293 0 0.05234152 0.9985333 -6.43326e-5 0.05414181 0.9876892 6.23128e-5 0.1564292 0.9874047 0 0.1582152 0.9773777 0 0.2115015 0.9659242 1.19835e-4 0.2588254 0.9649843 0 0.2623077 0.9493917 0 0.3140948 0.9335796 1.7357e-4 0.35837 0.9316218 0 0.3634293 0.9106107 0 0.4132652 0.8910086 2.22479e-4 0.4539865 0.8877023 0 0.4604179 0.8614901 0 0.5077744 0.8386718 2.66785e-4 0.544637 0.8337181 0 0.5521904 0.8026059 0 0.5965097 0.7771479 3.06665e-4 0.629318 0.7702841 0 0.6377009 0.7346245 0 0.678474 0.7071067 3.42143e-4 0.7071067 0.6981148 0 0.7159859 0.6583312 0 0.7527285 0.6293251 3.73298e-4 0.777142 0.6180349 0 0.7861506 0.574539 0 0.8184773 0.5446288 3.99791e-4 0.8386771 0.5309354 0 0.8474123 0.484305 0 0.8748992 0.453996 4.22437e-4 0.8910037 0.4378265 0 0.8990595 0.3885168 0 0.9214416 0.35837 4.39988e-4 0.9335796 0.3397585 0 0.9405127 0.288339 0 0.9575285 0.2588225 4.53238e-4 0.9659249 0.2378391 0 0.9713046 0.1848699 0 0.982763 0.156431 4.61796e-4 0.9876888 0.1332281 0 0.9910854 0.07934683 0 0.9968471 0.05234086 4.66352e-4 0.9986292 0.02710074 0 0.9996327 0 0.9986287 0.05235147 0 0.9986287 0.05235147 0 0.9781463 0.2079175 0 0.9781463 0.2079175 0 0.9135461 0.4067353 0 0.9135461 0.4067353 0 0.8090173 0.5877849 0 0.8090173 0.5877849 0 0.6691371 0.7431391 0 0.6691371 0.7431391 0 0.4999914 0.8660303 0 0.4999914 0.8660303 0 0.3090232 0.9510545 0 0.3090232 0.9510545 0 0.1045289 0.9945219 0 0.1045289 0.9945219 -0.4999998 -0.4999993 0.7071074 -0.4999998 -0.4999994 0.7071073 -0.500009 -0.4999903 0.7071073 0 1 0 0 1 0 0.1562252 -0.8315597 0.5330123 0.0522685 -0.0525704 0.9972484 0.05227214 -0.1571461 0.986191 0.05228126 -0.8911989 0.45059 0.9651297 -0.05294191 0.2563626 0.6116062 -0.5310279 0.58647 0.1097934 -0.975956 0.188296 0.142655 -0.9265716 0.3480155 0.1420269 -0.9608498 0.2378993 0.1110101 -0.9619423 0.2496871 0.1107205 -0.9758875 0.1881083 0.1105917 -0.9758686 0.1882814 0.4347006 -0.6980611 0.5689869 0.4527544 -0.6521326 0.6080595 0.5225824 -0.6120358 0.5935654 0.5228775 -0.5905556 0.6146896 0.5012471 -0.6000006 0.6234987 0.6139431 -0.4838814 0.6236447 0.5834932 -0.4985014 0.6411178 0.5432816 -0.5509735 0.6334613 0.6481733 -0.4630118 0.604559 0.6290624 -0.415644 0.6569023 0.7062024 -0.3778905 0.5987295 0.7013434 -0.4579997 0.5462176 0.7522953 -0.3004549 0.5863265 0.7065873 -0.3240213 0.6290823 0.8292145 -0.3104844 0.464761 0.8292749 -0.2389591 0.5051749 0.7770757 -0.2700821 0.5685148 0.7860104 -0.3161039 0.5312871 0.7689446 -0.2915515 0.5689657 0.8655388 -0.1782405 0.4680523 0.8380438 -0.2058532 0.5052794 0.9331616 -0.139802 0.3311567 0.9342137 -0.1847718 0.3051297 0.9291256 -0.123863 0.3484014 0.8909438 -0.1525432 0.4277263 0.9001979 -0.1964584 0.3886487 0.886359 -0.1646345 0.4327391 0.9775629 -0.05328106 0.2037937 0.9657843 -0.07079654 0.2494966 0.9868793 -0.04080933 0.1562175 0.9876103 -0.04505389 0.1503199 0.993919 -0.02647447 0.1068838 0.9982018 -0.01437699 0.05819332 0.9985442 -0.0237118 0.04844897 0.9999687 -0.00181955 0.00771296 0.05226737 -0.9348619 0.3511429 0.05226308 -0.9348666 0.3511311 0.05227458 -0.965573 0.2548258 0.05100899 -0.9666648 0.2509129 0.0523411 -0.9776461 0.2036382 0.05212455 -0.9926002 0.1096718 0.02795547 -0.9885926 0.1479971 0.02771174 -0.9984668 0.04791855 0.02764916 -0.9984682 0.04792523 0.05227184 -0.840746 0.5389005 0.05226808 -0.8407522 0.5388911 0.05234026 -0.8098976 0.5842316 0.05232954 -0.6697283 0.7407602 0.05234134 -0.500676 0.8640508 0.05233424 -0.3080819 0.9499194 0.1562224 -0.8830121 0.4425882 0.1563658 -0.9164724 0.3682772 0.1730213 -0.9432833 0.2833374 0.2584794 -0.7539631 0.6039273 0.1562244 -0.7709034 0.6174966 0.1562178 -0.7709161 0.6174823 0.05136299 -0.7794684 0.6243324 0.05228263 -0.777629 0.6265458 0.3470755 -0.7924031 0.5016334 0.3368276 -0.7941473 0.5058432 0.2564519 -0.816794 0.5167979 0.2594507 -0.87845 0.4012616 0.2287306 -0.8702887 0.4362109 0.2264407 -0.9041117 0.3623628 0.224236 -0.9041776 0.3635671 0.05233907 -0.9138858 0.4025834 0.0511766 -0.8928238 0.4474894 0.1562173 -0.8830193 0.4425753 0.1562162 -0.831575 0.5329911 0.258484 -0.8132993 0.5212775 0.2584844 -0.7539532 0.6039374 0.3490712 -0.7313824 0.5858575 0.3575428 -0.7406486 0.568861 0.4190681 -0.6998965 0.5783829 0.4253904 -0.6975718 0.5765733 0.4362443 -0.639263 0.6332722 0.3579422 -0.6633575 0.657141 0.3579331 -0.6633769 0.6571263 0.2584791 -0.6863028 0.6798361 0.2584842 -0.6862918 0.6798452 0.1562184 -0.7017133 0.6951218 0.1562245 -0.7017001 0.6951338 0.05227482 -0.7094516 0.7028128 0.05225718 -0.709489 0.7027764 0.5229062 -0.5391306 0.6602329 0.4534935 -0.5637152 0.6903397 0.4534907 -0.5637213 0.6903364 0.3579344 -0.5905935 0.7232443 0.3579406 -0.5905792 0.7232529 0.2584832 -0.6109904 0.7482495 0.2584789 -0.6110003 0.7482428 0.1562253 -0.6247283 0.7650544 0.1562269 -0.6247245 0.7650572 0.0515545 -0.6316497 0.7735379 0.05226349 -0.6299279 0.7748931 0.6222729 -0.4286128 0.6550325 0.5440954 -0.459397 0.7020788 0.5441043 -0.459376 0.7020856 0.4534908 -0.4879801 0.7458025 0.45348 -0.4880061 0.7457922 0.3579407 -0.5112645 0.7813367 0.3579419 -0.5112616 0.7813381 0.2584787 -0.5289323 0.8083436 0.2584821 -0.5289239 0.8083481 0.156227 -0.5408081 0.8265106 0.1562238 -0.5408163 0.8265058 0.05225789 -0.546791 0.8356367 0.05226904 -0.546763 0.8356543 0.7060807 -0.3232568 0.6300438 0.6288006 -0.3549535 0.6918221 0.6287874 -0.3549855 0.6918178 0.5441045 -0.3830346 0.7464816 0.544113 -0.3830142 0.7464859 0.4534797 -0.4068688 0.7929779 0.4534848 -0.4068561 0.7929815 0.3579422 -0.4262478 0.8307768 0.3579423 -0.4262477 0.8307769 0.2584813 -0.44098 0.8594906 0.2584841 -0.4409723 0.8594937 0.1562237 -0.450881 0.8788063 0.1562116 -0.450913 0.8787921 0.05175918 -0.4559054 0.888522 0.05227422 -0.4544939 0.8892146 0.8327978 -0.1995192 0.5163719 0.7767234 -0.2270063 0.5875107 0.7767234 -0.2270065 0.5875107 0.7066168 -0.2550306 0.6600394 0.7066151 -0.2550349 0.6600396 0.6287877 -0.2802569 0.7253152 0.628794 -0.2802416 0.7253156 0.5441132 -0.3023848 0.7826265 0.5441037 -0.3024083 0.7826241 0.4534844 -0.3212395 0.8313586 0.4534892 -0.3212274 0.8313606 0.3579423 -0.3365387 0.8709874 0.3579381 -0.3365496 0.8709849 0.2584835 -0.3481807 0.9010862 0.2584788 -0.3481937 0.9010826 0.1562122 -0.3560177 0.9213302 0.1562229 -0.3559878 0.9213398 0.05226951 -0.3599204 0.9315177 0.05226188 -0.3599417 0.9315099 0.9648567 -0.06841003 0.2537158 0.9334139 -0.09340864 0.3464295 0.9334134 -0.09341037 0.3464304 0.8907533 -0.1183207 0.4388152 0.8907527 -0.1183223 0.438816 0.8383237 -0.1419312 0.5263733 0.8383277 -0.1419209 0.5263698 0.776723 -0.1639641 0.6081259 0.7767197 -0.1639723 0.6081279 0.7066155 -0.1842139 0.6831982 0.7066156 -0.1842136 0.6831982 0.6287934 -0.2024307 0.75076 0.6287924 -0.2024331 0.7507603 0.5441039 -0.2184296 0.8100861 0.5441067 -0.2184225 0.8100861 0.4534893 -0.2320238 0.8605304 0.4534906 -0.2320203 0.8605306 0.3579381 -0.2430801 0.90155 0.3579246 -0.243116 0.9015457 0.2584803 -0.251517 0.9326988 0.2584931 -0.2514817 0.9327049 0.1562221 -0.2571331 0.9536651 0.1562271 -0.2571191 0.9536681 0.05196136 -0.2599638 0.9642193 0.05226385 -0.2590789 0.9644411 0.05226212 -0.1571754 0.9861869 0.1562211 -0.155458 0.9754115 0.1562268 -0.1554417 0.9754133 0.2584757 -0.1520261 0.9539803 0.2584924 -0.1519793 0.9539831 0.3579431 -0.1469024 0.9221152 0.3579258 -0.1469486 0.9221146 0.4534877 -0.1402622 0.8801565 0.4534899 -0.1402564 0.8801562 0.5441092 -0.1320344 0.8285603 0.5441073 -0.1320391 0.8285608 0.6287908 -0.1223698 0.7678852 0.6287921 -0.1223669 0.7678847 0.706613 -0.1113552 0.6987834 0.7066159 -0.1113482 0.6987815 0.7767258 -0.09911209 0.6219919 0.7767197 -0.09912657 0.6219971 0.8383259 -0.08579993 0.5383753 0.8383277 -0.08579564 0.5383733 0.8907496 -0.07152611 0.448831 0.8907529 -0.07151687 0.4488258 0.9334133 -0.0564602 0.3543331 0.9334133 -0.0564599 0.3543329 0.9658354 -0.04077988 0.2559278 0.9658347 -0.04078257 0.2559298 0.9876555 -0.02464991 0.1546901 0.9876554 -0.02465081 0.1546909 0.9986254 -0.008248388 0.05176115 0.9986254 -0.008247852 0.05176067 0.05227327 -0.05255627 0.9972489 0.1562195 -0.0519821 0.9863536 0.1562206 -0.05197888 0.9863536 0.2584878 -0.05083656 0.9646759 0.258476 -0.0508697 0.9646774 0.3579366 -0.04917031 0.9324504 0.3579418 -0.0491563 0.9324491 0.453496 -0.04691964 0.8900224 0.4534882 -0.04693931 0.8900254 0.5440969 -0.04418802 0.837858 0.5441093 -0.04415804 0.8378515 0.628798 -0.04092407 0.7764911 0.628791 -0.04094016 0.7764958 0.7066159 -0.03725576 0.7066159 0.706613 -0.03726249 0.7066185 0.7767203 -0.03316789 0.6289718 0.7767258 -0.03315532 0.6289657 0.8383265 -0.0286982 0.5444127 0.838326 -0.02869921 0.5444133 0.8907535 -0.02392542 0.4538566 0.8907496 -0.02393531 0.4538636 0.933413 -0.01889592 0.3583061 0.9334134 -0.01889443 0.3583048 0.9658342 -0.01364731 0.2588014 0.9658353 -0.01364302 0.2587973 0.9876556 -0.008246183 0.1564239 0.9876554 -0.008246958 0.1564247 0.9986255 -0.002759516 0.05234128 0.9986255 -0.002759695 0.05234152 0 0.3420206 0.9396924 0 0.3420206 0.9396924 0 1 0 0 1 0 -0.7071071 -0.7071064 0 -0.7071071 -0.7071064 0 0 0 1 0 0 1 0 0 1 0 0 1 0 0 1 0 0 1 0 0 1 0 0 1 0 0 1 0 0 1 0 0 1 0 0 1 0 0 1 0 0 1 0 0 1 0.1830133 -0.6830135 0.7071058 0.1830129 -0.683013 0.7071065 0 0.3420209 -0.9396923 0 0.3420209 -0.9396923 -0.7071059 0.7071076 0 -0.7071059 0.7071076 0 0 -1 0 0 -1 0 0 -1 0 0 -1 0 0 -1 0 0 -1 0 0 -1 0 0 -1 0 0 -1 0 0 -1 0 0 -1 0 0 -1 0 0 -1 0 0 -1 0 0 -1 0 0 -1 0 0 -1 0 0 -1 0 0 -1 0 0 -1 0 0 -1 0 0 -1 0 0 -1 0 0 -1 0 0 -1 0 0 -1 0 0 -1 0 0 -1 0 0 -1 0 0 -1 0 0 -1 0 0 -1 0 0 -1 0 0 -1 0 0 -1 0 0 -1 0 0 -1 0 0 -1 0 0 -1 0 0 -1 0 0 -1 0 0 -1 0 0 -1 0 0 -1 0 0 -1 0 0 -1 0 0 -1 0 0 -1 0 0 -1 0 0 -1 0 0 -1 0 0 -1 0 0 -1 0 0 -1 0 0 -1 0 0 -1 0 0 -1 0 0 -1 0 0 -1 0 0 -1 0 0 -1 0 0 -1 0 0 -1 0 0 -1 0 0 -1 0 0 -1 0 0 -1 0 0 -1 0 0 -1 0 0 -1 0 0 -1 0 0 -1 0 0 -1 0 0 -1 0 0 -1 0 0 -1 0 0 -1 0 0 -1 0 0 0 1 0 0 1 -0.7071068 0.7071068 0 -0.7071068 0.7071068 0 0 0.3420199 -0.9396927 0 0.3420199 -0.9396927 0 0 -1 0 0 -1 0 0 -1 0 0 -1 0 0 -1 0 0 -1 0 0 -1 0 0 -1 0 0 -1 0 0 -1 0 0 -1 0 0 -1 0 0 -1 0 0 -1 0 0 -1 0 0 -1 0 0 -1 0 0 -1 0 0 -1 0 0 -1 0 0 -1 0 0 -1 0 0 -1 0 0 -1 0 0 -1 0 0 -1 0 0 -1 0 0 -1 0 0 -1 0 0 -1 0 0 -1 0 0 -1 -0.1830123 0.6830123 0.7071072 -0.1830115 0.6830111 0.7071087 0 0.3420209 -0.9396923 0 0.3420209 -0.9396923 -0.2556323 0.9540338 0.1564342 -0.2584635 0.9646015 0.05235147 -0.2584631 0.9646025 0.05233424 -0.2556301 0.9540297 0.1564627 -0.2416285 0.9017693 0.3583683 -0.2500005 0.9330155 0.2588083 -0.250001 0.9330191 0.2587953 -0.2416251 0.9017599 0.358394 -0.1409676 0.5260981 0.8386591 -0.2306117 0.8606539 0.4539746 -0.2306112 0.8606513 0.45398 -0.2170612 0.8100823 0.5446569 -0.2170625 0.8100886 0.544647 -0.2011412 0.7506692 0.6293154 -0.2011427 0.7506759 0.6293071 -0.183013 0.6830149 0.7071046 -0.1830089 0.6829965 0.7071235 -0.1628791 0.6078715 0.7771503 -0.1628818 0.6078833 0.7771406 -0.140967 0.5260958 0.8386605 -0.1175001 0.438516 0.8910092 -0.1174995 0.4385136 0.8910105 -0.09275043 0.346149 0.9335835 -0.09275197 0.3461555 0.933581 -0.06699472 0.250028 0.965918 -0.06699436 0.2500265 0.9659185 -0.04048413 0.1510889 0.9876908 -0.04048478 0.1510912 0.9876905 -0.01354998 0.05056929 0.9986287 -0.01354992 0.05056893 0.9986287 4.5574e-7 0.3418669 -0.9397484 0 0.3420212 -0.9396922 -1.51837e-7 0.3420175 -0.9396936 0 0.3420203 -0.9396926 -2.86082e-5 0.3420996 -0.9396637 1.85143e-6 0.3420147 -0.9396947 -1.10042e-6 0.3420239 -0.9396913 -4.66736e-6 0.3420366 -0.9396867 6.31458e-7 0.3420169 -0.9396938 4.49274e-7 0.3420177 -0.9396935 1.51615e-7 0.3420189 -0.939693 4.68365e-5 0.3417693 -0.9397838 -6.31337e-7 0.3420357 -0.939687 0 0.3420861 -0.9396687 0 0.3421337 -0.9396513 0 0.3417431 -0.9397934 -1.45339e-6 0.3420287 -0.9396895 2.42377e-6 0.3420034 -0.9396987 -1.42827e-7 0.3420217 -0.9396921 2.85518e-7 0.342009 -0.9396967 3.18316e-7 0.3420076 -0.9396972 0 0.3420218 -0.939692 -5.08949e-6 0.3420647 -0.9396764 -5.68331e-7 0.3420234 -0.9396915 1.54595e-6 0.3419978 -0.9397008 -2.09732e-6 0.3422017 -0.9396265 -1.57452e-7 0.3420223 -0.9396919 -2.29207e-7 0.3420323 -0.9396882 -1.86705e-5 0.3423323 -0.939579 -2.06164e-6 0.3420556 -0.9396797 6.57879e-7 0.3420032 -0.9396988 0 1 0 0 1 0 0.2170619 -0.810087 0.5446497 0.2584643 -0.9646022 0.05233329 0.2584646 -0.9646011 0.05235254 0.2556327 -0.9540323 0.156443 0.2556329 -0.9540374 0.1564111 0.2500007 -0.9330178 0.2588 0.2499998 -0.9330105 0.258827 0.2416287 -0.901769 0.3583689 0.241629 -0.901771 0.3583638 0.2306098 -0.8606468 0.4539893 0.2306107 -0.8606513 0.4539802 0.2170624 -0.8100886 0.5446471 0.1830109 -0.6830059 0.7071139 0.2011422 -0.7506738 0.6293095 0.2011392 -0.7506597 0.6293274 0.1830132 -0.6830131 0.7071062 0.1628768 -0.6078642 0.7771565 0.1628792 -0.6078744 0.777148 0.1409704 -0.5261096 0.8386514 0.140969 -0.526104 0.8386551 0.117499 -0.4385125 0.8910111 0.1174992 -0.4385136 0.8910106 0.09275186 -0.346155 0.9335812 0.09274935 -0.3461446 0.9335854 0.06699424 -0.2500254 0.9659188 0.06699651 -0.2500348 0.9659162 0.04048335 -0.1510862 0.9876913 0.04048371 -0.1510875 0.9876911 0.01354974 -0.05056852 0.9986287 0.01354974 -0.05056852 0.9986287 0 0.3420205 0.9396924 0 0.3420205 0.9396924 0.7071068 -0.7071068 0 0.7071068 -0.7071068 0 -1 0 0 -1 0 0 -1 0 0 -1 0 0 -1 0 0 -1 0 0 -1 0 0 -1 0 0 -1 0 0 -1 0 0 -1 0 0 -1 0 0 -1 0 0 -1 0 0 -1 0 0 -1 0 0 -1 0 0 -1 0 0 -1 0 0 -1 0 0 -1 0 0 -1 0 0 -1 0 0 -1 0 0 -1 0 0 -1 0 0 -1 0 0 -1 0 0 -1 0 0 -1 0 0 -1 0 0 -1 0 0 -1 0 0 -1 0 0 -1 0 0 -1 0 0 -1 0 0 -1 0 0 -1 0 0 -1 0 0 -1 0 0 -1 0 0 -1 0 0 -1 0 0 -1 0 0 -1 0 0 -1 0 0 -1 0 0 -1 0 0 -1 0 0 -1 0 0 -1 0 0 -1 0 0 -1 0 0 -1 0 0 -1 0 0 -1 0 0 -1 0 0 -1 0 0 -1 0 0 -1 0 0 -1 0 0 -1 0 0 -1 0 0 -1 0 0 -1 0 0 -1 0 0 -1 0 0 -1 0 0 -1 0 0 -1 0 0 -1 0 0 -1 0 0 -1 0 0 -1 0 0 -1 0 0 -1 0 0 -1 0 0 -1 0 0 -1 0 0 -0.6830121 -0.1830126 0.7071074 -0.683009 -0.1830117 0.7071106 0 0.3420196 -0.9396929 0 0.3420196 -0.9396929 1 0 0 1 0 0 0 1 0 0 1 0 1 0 0 1 0 0 1 0 0 1 0 0 1 0 0 1 0 0 1 0 0 1 0 0 1 0 0 1 0 0 1 0 0 1 0 0 1 0 0 1 0 0 1 0 0 1 0 0 1 0 0 1 0 0 1 0 0 1 0 0 1 0 0 1 0 0 1 0 0 1 0 0 1 0 0 1 0 0 1 0 0 1 0 0 1 0 0 1 0 0 1 0 0 1 0 0 1 0 0 1 0 0 1 0 0 1 0 0 -1 0 0 -1 0 0 -1 0 0 -1 0 0 0 1 0 0 1 0 0.1948543 6.65446e-5 -0.9808322 0.2852562 1.01547e-5 -0.9584513 0.9986295 0 -0.05233556 0.9986295 0 -0.05233556 0.9876883 0 -0.156435 0.9876883 0 -0.156435 0.9659271 0 -0.2588143 0.966292 -0.02100759 -0.25659 0.94344 0.01032406 -0.3313825 0.9292008 -0.09675204 -0.356686 0.9237969 0 -0.3828828 0.8784589 0 -0.477818 0.8902996 -0.03981512 -0.4536314 0.9015214 -0.002703845 -0.432726 0.9130358 0 -0.4078795 0.8225686 0 -0.5686658 0.8385335 -0.01804298 -0.5445513 0.8474506 -0.005435228 -0.5308464 0.863622 0 -0.5041399 0.8050386 0 -0.5932226 0.777132 -0.005788743 -0.629311 0.7819096 -0.01236772 -0.6232692 0.6897243 -7.34058e-4 -0.7240718 0.7154613 -0.009026706 -0.6985939 0.7071044 -0.002610564 -0.7071044 0.7399488 0 -0.6726632 0.7578464 0 -0.652433 0.5908327 0 -0.8067941 0.6019845 -3.03386e-4 -0.7985077 0.6145405 -0.001301944 -0.7888842 0.6304227 -0.003996491 -0.7762418 0.6293174 -0.003660559 -0.7771398 0.6575596 0 -0.7534025 0.6721743 0 -0.740393 0.5044844 -1.97619e-6 -0.8634208 0.5486167 -1.75542e-4 -0.8360739 0.54464 1.00723e-6 -0.83867 0.5907631 -2.67409e-7 -0.8068451 0.5946931 -6.91297e-5 -0.8039529 0.3781988 -1.61958e-4 -0.9257244 0.3983479 2.68087e-6 -0.9172344 0.4539914 -1.34674e-5 -0.8910061 0.4497745 -2.06983e-4 -0.8931421 0.4958659 2.55938e-6 -0.8683991 0.3583673 -1.92213e-5 -0.9335808 0.3363031 -0.001031756 -0.9417533 0.3637512 -4.34588e-4 -0.931496 0.258831 -1.79974e-4 -0.9659227 0.2204939 -0.001831233 -0.9753866 0.2413667 -9.71306e-4 -0.9704335 0.05233466 0 -0.9986296 0.0041399 -0.002444922 -0.9999884 0.02447712 -0.001447558 -0.9996994 0.05939251 -4.22664e-4 -0.9982346 0.09013891 5.57721e-6 -0.9959293 0.1564204 -1.82663e-5 -0.9876906 0.1104938 -0.002234339 -0.9938743 0.1432014 -7.52074e-4 -0.9896932 0.6830091 0.1830117 0.7071105 0.6830121 0.1830126 0.7071074 1 0 0 1 0 0 1 0 0 1 0 0 0 0.3420209 0.9396923 0 0.3420209 0.9396923 0.5910005 0 0.8066712 0.5907489 -7.91064e-7 0.8068554 0.6317466 -0.03371423 0.7744415 0.6293109 0 0.7771537 0.7071068 0 0.7071068 0.7071068 0 0.7071068 0.777145 0 0.6293216 0.777145 0 0.6293216 0.8386753 0 0.5446318 0.8386753 0 0.5446318 0.8910061 0 0.4539914 0.8910061 0 0.4539914 0.9335784 0 0.3583732 0.9335784 0 0.3583732 0.9659271 0 0.2588143 0.9659271 0 0.2588143 0.9876883 0 0.156435 0.9876883 0 0.156435 0.9986295 0 0.05233556 0.9986295 0 0.05233556 0.001146733 0 0.9999994 0.05235242 -8.04869e-5 0.9986287 0.02456837 -0.001444876 0.9996972 0.06596046 -2.29573e-4 0.9978222 0.09685122 9.12042e-7 0.9952989 0.1564204 -8.09621e-6 0.9876906 0.1606341 1.96976e-4 0.9870141 0.2385538 -1.01457e-4 0.9711292 0.2588143 -5.832e-4 0.9659269 0.2850836 4.62087e-6 0.9585027 0.3246018 -3.73502e-6 0.9458508 0.3583518 -4.76072e-4 0.9335865 0.3647993 -2.71401e-4 0.9310862 0.4083496 8.58275e-5 0.9128257 0.4540196 -3.61085e-4 0.8909916 0.4493588 -5.27875e-4 0.8933513 0.5698136 0 0.821774 0.5273627 -8.13168e-4 0.8496398 0.54464 -2.16141e-5 0.83867 0.5013555 -4.39063e-7 0.8652414 0.4851862 2.51657e-6 0.8744108 -0.1830121 0.6830125 0.7071071 -0.1830123 0.6830128 0.7071068 0 -1 0 0 -1 0 0 0 1 0 0 1 -1 0 0 -1 0 0 -1 0 0 -1 0 0 -1 0 0 -1 0 0 -1 0 0 -1 0 0 -1 0 0 -1 0 0 -1 0 0 -1 0 0 0.2588189 -0.9659259 0 0.2588189 -0.9659259 0 0.9659258 0.2588191 0 0.9659258 0.2588191 0 -0.2588184 0.965926 0 -0.2588184 0.965926 0 -0.9659259 -0.2588189 0 -0.9659259 -0.2588189 0 0 0 1 0 0 1 0.2588184 -0.965926 0 0.2588184 -0.965926 0 0.9659258 0.258819 0 0.9659258 0.258819 0 -0.2588195 0.9659257 0 -0.2588195 0.9659257 0 -0.9659258 -0.2588191 0 -0.9659258 -0.2588191 0 0 0 1 0 0 1 0.2588195 -0.9659257 0 0.2588195 -0.9659257 0 0.9659258 0.2588191 0 0.9659258 0.2588191 0 -0.2588186 0.9659259 0 -0.2588186 0.9659259 0 -0.9659258 -0.2588191 0 -0.9659258 -0.2588191 0 0 0 1 0 0 1 0.6830152 0.1830134 0.7071042 0.6830183 0.1830143 0.7071011 0 0.3420204 -0.9396926 0 0.3420204 -0.9396926 -1.71103e-5 -0.05231785 0.9986305 0 -0.05264234 0.9986135 2.00326e-6 -0.11286 0.9936109 -3.61811e-4 -0.1573612 0.987541 7.2168e-4 -0.1813271 0.9834226 -6.06006e-4 -0.4551161 0.890432 9.18996e-4 -0.4127258 0.9108549 -8.38518e-4 -0.2750604 0.9614266 0 -0.2594335 0.965761 0 -0.3329089 0.942959 6.50535e-4 -0.3085046 0.9512226 -6.8903e-4 -0.3604342 0.9327844 -0.01074802 -0.6678119 0.7442525 0.01076072 -0.5013343 0.8651868 -0.004320323 -0.6198343 0.7847207 0 -0.5359901 0.8442242 0 -0.4837544 0.8752038 0.005196571 -0.5475041 0.8367869 0 -0.63079 0.7759536 0 -0.711741 0.7024421 8.85315e-4 -0.956959 0.2902217 -4.4275e-4 -0.9668949 0.2551746 0 -0.9755686 0.2196949 0.003348588 -0.6706435 0.7417723 2.28392e-4 -0.7104597 0.7037379 -2.02845e-4 -0.7812418 0.6242285 0 -0.778694 0.6274039 0 -0.8178042 0.5754965 1.7544e-4 -0.8110092 0.5850334 -8.85424e-4 -0.8589503 0.5120583 0.001476585 -0.8419021 0.5396283 -9.95508e-4 -0.9013659 0.4330571 0 -0.8924193 0.4512071 0 -0.9260219 0.3774698 8.86787e-4 -0.9151398 0.4031358 -6.90761e-4 -0.9361413 0.3516234 0 -0.9988501 0.04794353 3.88894e-4 -0.9984282 0.05604439 0 -0.9871029 0.1600872 0.002167344 -0.9789857 0.2039173 -3.60637e-4 -0.9889791 0.148055 0.1830124 -0.6830122 0.7071073 0.1830129 -0.683013 0.7071065 0 0.3420199 -0.9396927 0 0.3420199 -0.9396927 -0.9995658 0.02946281 0 -0.9995658 0.02946281 0 -0.9966558 0.08171445 0 -0.9966558 0.08171445 0 -0.9907884 0.1354197 0 -0.9907884 0.1354197 0 -0.9823476 0.1870651 0 -0.9823476 0.1870651 0 -0.9708216 0.2398029 0 -0.9708216 0.2398029 0 -0.9569352 0.2903016 0 -0.9569352 0.2903016 0 -0.9398767 0.3415138 0 -0.9398767 0.3415138 0 -0.9207141 0.3902378 0 -0.9207141 0.3902378 0 -0.8983082 0.439366 0 -0.8983082 0.439366 0 -0.8740928 0.485759 0 -0.8740928 0.485759 0 -0.8465958 0.5322365 0 -0.8465958 0.5322365 0 -0.8175835 0.57581 0 -0.8175835 0.57581 0 -0.7853055 0.6191084 0 -0.7853055 0.6191084 0 -0.7518413 0.6593442 0 -0.7518413 0.6593442 0 -0.7151591 0.6989617 0 -0.7151591 0.6989617 0 -0.6775792 0.7354498 0 -0.6775792 0.7354498 0 -0.6369252 0.7709256 0 -0.6369252 0.7709256 0 -0.5956784 0.803223 0 -0.5956784 0.803223 0 -0.5514748 0.8341915 0 -0.5514748 0.8341915 0 -0.5070732 0.861903 0 -0.5070732 0.861903 0 -0.4598083 0.8880183 0 -0.4598083 0.8880183 0 -0.4126799 0.9108761 0 -0.4126799 0.9108761 0 -0.362942 0.9318118 0 -0.362942 0.9318118 0 -0.313721 0.9495152 0 -0.313721 0.9495152 0 -0.2619727 0.9650753 0 -0.2619727 0.9650753 0 -0.2112789 0.9774258 0 -0.2112789 0.9774258 0 -0.1580411 0.9874325 0 -0.1580411 0.9874325 0 -0.1062651 0.9943378 0 -0.1062651 0.9943378 0 -0.05232965 0.9986298 0 -0.05232965 0.9986298 0 0 1 0 0 1 0 0.683009 0.1830118 0.7071106 0.6830121 0.1830127 0.7071074 0 1 0 0 1 0 -0.683012 -0.1830124 0.7071075 -0.6830092 -0.1830116 0.7071105 0 1 0 0 1 0 0 0.7071068 0.7071068 0 0.7071068 0.7071068 -0.4999903 0.500009 0.7071073 -0.499999 0.5000002 0.7071074 -0.4999991 0.5000002 0.7071073 -0.500009 0.4999903 0.7071073 0 0.3420209 0.9396923 0 0.3420209 0.9396923 0 -0.7071068 0.7071068 0 -0.7071068 0.7071068 0 -0.7071068 0.7071068 3.43284e-5 -0.7071015 0.7071121 0 -0.7071068 0.7071068 0 -0.7071068 0.7071068 -3.97072e-5 -0.7070993 0.7071142 -2.73503e-5 -0.7070863 0.7071273 3.04945e-5 -0.7071225 0.7070909 0 -0.7071068 0.7071068 -0.4999996 0.4999996 -0.7071073 -0.4999991 0.5000002 -0.7071073 -0.4999991 0.5000002 -0.7071073 -0.4999996 0.4999996 -0.7071073 0 0.3420199 -0.9396927 0 0.3420199 -0.9396927 0.7071437 0 0.7070699 0.7070425 -1.6585e-5 0.7071712 0.707143 6.09324e-6 0.7070706 0.7071108 -5.23206e-6 0.7071027 0.7071115 -4.87232e-6 0.707102 0.7070543 -4.0552e-5 0.7071593 0.7071067 0 0.7071067 0.7071678 5.71165e-5 0.7070457 0.7070955 -2.40041e-5 0.7071182 0.7071133 0 0.7071002 0 1 0 0 1 0 -0.7071068 0 0.7071068 -0.7071068 0 0.7071068 0.4999996 0.4999996 -0.7071073 0.4999991 0.5000002 -0.7071073 0.4999991 0.5000002 -0.7071073 0.4999996 0.4999996 -0.7071073 0 0.3420199 0.9396927 0 0.3420199 0.9396927 0.7071133 0 0.7071002 0.7070901 1.07109e-4 0.7071235 0.707116 0 0.7070975 0.707143 -6.09324e-6 0.7070705 0.7070543 4.05612e-5 0.7071593 0.7071115 4.87232e-6 0.707102 0.7071108 5.23935e-6 0.7071027 0.7070954 2.40033e-5 0.7071182 0.7071679 -5.71181e-5 0.7070458 0.7071068 0 0.7071068 0 1 0 0 1 0 0 -0.7071068 0.7071068 0 -0.7071068 0.7071068 0 0.3420199 -0.9396927 0 0.3420199 -0.9396927 0.4999951 0.4999948 0.7071141 0.5000035 0.5000045 0.7071012 0.4999998 0.4999996 0.7071072 2.37548e-5 0.7071187 0.7070949 -2.37304e-5 0.7071186 0.7070949 4.47499e-5 0.7071081 0.7071055 -3.11683e-5 0.7071058 0.7071077 -6.23086e-6 0.7071129 0.7071008 3.11665e-5 0.7071059 0.7071077 -4.47464e-5 0.7071081 0.7071055 6.23055e-6 0.7071129 0.7071007 3.95505e-5 0.7071232 0.7070903 0 0.7071068 0.7071068 0 0.7071068 0.7071068 0 0.7071068 0.7071068 -3.95522e-5 0.7071232 0.7070904 0 0.7071068 0.7071068 0 0.7071068 0.7071068 0 0.7071068 0.7071068 0 0.7071068 0.7071068 0 0.7071068 0.7071068 0.500009 0.4999903 0.7071073 0.4999991 0.5000003 0.7071073 0.4999991 0.5000002 0.7071073 0.4999903 0.500009 0.7071073 0 1 0 0 1 0 -0.7071068 0 0.7071068 -0.7071068 0 0.7071068 -0.7070893 3.96294e-6 0.7071243 -0.7071236 -8.14377e-6 0.70709 -0.7071068 0 0.7071068 -0.7071068 0 0.7071068 -0.7071068 0 0.7071068 -0.7070865 1.90432e-5 0.7071272 -0.7071243 -2.33637e-5 0.7070893 -0.7071068 0 0.7071068 0.4385257 0.1175026 0.8910042 0.6078436 0.1628713 0.7771738 0.7506573 0.2011381 0.6293307 0.8100935 0.217064 0.544639 0.9330177 0.2500014 0.2587999 0.9540285 0.2556312 0.1564681 0.9646841 0.2581628 0.05231177 0.953944 0.2559323 0.1564915 0.9646017 0.2584643 0.05234253 0.9016474 0.2419191 0.3584789 0.9330793 0.2496956 0.2588729 0.901771 0.2416288 0.3583639 0.8606576 0.2302924 0.4541299 0.8099323 0.2173428 0.5447677 0.8606504 0.2306105 0.453982 0.6827946 0.1832745 0.7072495 0.7506335 0.200814 0.6294625 0.6830009 0.1830096 0.707119 0.5258248 0.1412118 0.8387894 0.6077964 0.1625438 0.7772793 0.5260807 0.1409629 0.8386707 0.3458192 0.09297668 0.9336832 0.4383644 0.1171481 0.8911302 0.3461555 0.09275209 0.9335809 0.2498323 0.06663435 0.9659936 0.1507247 0.04069805 0.9877377 0.2500172 0.06699192 0.965921 0.151094 0.0404855 0.98769 0.05056804 0.01354962 0.9986287 0.05057072 0.0135504 0.9986286 -0.9540345 -0.2556327 0.156429 -0.901771 -0.2416288 0.3583639 -0.8606504 -0.2306106 0.453982 -0.750653 -0.2011368 0.6293362 -0.6078761 -0.1628799 0.7771465 -0.3461333 -0.09274613 0.9335898 -0.1510875 -0.04048377 0.9876911 -0.05056977 -0.0135501 0.9986287 -0.05056691 -0.01354932 0.9986287 -0.2498415 -0.0666368 0.9659911 -0.1507349 -0.04070073 0.987736 -0.2500195 -0.06699252 0.9659204 -0.438376 -0.117151 0.8911241 -0.3458173 -0.09297615 0.9336841 -0.4385257 -0.1175026 0.8910041 -0.5257973 -0.1412045 0.8388078 -0.6077596 -0.1625341 0.7773101 -0.5260999 -0.140968 0.8386577 -0.6827947 -0.1832743 0.7072495 -0.7506173 -0.2008097 0.6294832 -0.6830341 -0.1830184 0.7070847 -0.8099325 -0.2173429 0.5447672 -0.8606832 -0.2302989 0.454078 -0.8100775 -0.2170596 0.5446647 -0.9330699 -0.2496932 0.2589091 -0.9016497 -0.2419196 0.3584728 -0.9330155 -0.2500007 0.2588084 -0.9646804 -0.258162 0.052383 -0.953935 -0.2559301 0.1565496 -0.9646052 -0.2584651 0.05227398 0.2556333 -0.954032 0.1564434 0.2584642 -0.9646041 0.05229949 0.2584649 -0.9646021 0.05233412 0.2556319 -0.9540293 0.1564624 0.2170619 -0.810087 0.5446497 0.2500002 -0.9330089 0.2588325 0.2500015 -0.9330189 0.2587951 0.2416282 -0.9017695 0.3583679 0.2416266 -0.9017598 0.3583936 0.2306103 -0.8606465 0.4539896 0.2306138 -0.8606648 0.453953 0.21706 -0.8100815 0.5446585 0.1409688 -0.526102 0.8386564 0.2011422 -0.7506738 0.6293095 0.2011408 -0.7506672 0.6293179 0.1830109 -0.6830057 0.707114 0.1830108 -0.6830053 0.7071144 0.1628788 -0.6078718 0.7771502 0.1628795 -0.6078746 0.7771479 0.140967 -0.5260958 0.8386605 0.1175028 -0.4385256 0.8910042 0.1175048 -0.4385342 0.8909997 0.09274888 -0.3461439 0.9335856 0.09274899 -0.3461444 0.9335854 0.06699413 -0.2500259 0.9659187 0.06699323 -0.2500221 0.9659197 0.04048413 -0.1510889 0.9876908 0.04048436 -0.1510897 0.9876907 0.01355022 -0.05057024 0.9986286 0.01355004 -0.05056941 0.9986287 0.3461585 0.09275287 0.9335798 0.6078717 0.1628788 0.7771503 0.6829995 0.1830092 0.7071204 0.8100926 0.2170637 0.5446406 0.901771 0.2416287 0.3583639 0.9540294 0.2556313 0.1564625 0.9646965 0.2581123 0.05233204 0.9539306 0.2559826 0.1564906 0.9646018 0.2584642 0.05234253 0.9330909 0.2496451 0.2588796 0.9016298 0.2419681 0.3584901 0.9330154 0.2500007 0.2588085 0.860659 0.23024 0.4541539 0.8099042 0.2173885 0.5447912 0.8606504 0.2306104 0.4539821 0.7506268 0.2007603 0.6294877 0.6827598 0.1833177 0.707272 0.7506529 0.2011369 0.6293362 0.5257518 0.1412442 0.8388296 0.6077437 0.1624792 0.777334 0.5261151 0.1409721 0.8386476 0.4383356 0.1170907 0.8911518 0.3457633 0.09301245 0.9337004 0.4385257 0.1175026 0.8910041 0.2498025 0.06657785 0.9660052 0.1506671 0.0407322 0.9877451 0.2500172 0.06699192 0.9659211 0.1510824 0.0404824 0.9876919 0.0505715 0.01355057 0.9986285 0.05057102 0.01355046 0.9986286 -0.9540293 -0.2556316 0.1564624 -0.9330177 -0.2500015 0.2587997 -0.8606539 -0.2306116 0.4539748 -0.7506898 -0.2011467 0.6292892 -0.6078761 -0.1628799 0.7771466 -0.4385024 -0.1174964 0.8910164 -0.1510927 -0.04048514 0.9876903 -0.05056804 -0.01354962 0.9986287 -0.0505675 -0.0135495 0.9986287 -0.2498046 -0.06657844 0.9660047 -0.150667 -0.04073226 0.9877451 -0.2500339 -0.06699639 0.9659165 -0.3457644 -0.09301275 0.9337 -0.4383498 -0.1170944 0.8911444 -0.3461474 -0.09274989 0.9335842 -0.5257778 -0.141251 0.8388121 -0.6077762 -0.1624877 0.7773069 -0.5260848 -0.140964 0.8386679 -0.6827232 -0.1833083 0.7073097 -0.7506317 -0.2007615 0.6294815 -0.6830008 -0.1830095 0.7071191 -0.8098684 -0.2173793 0.544848 -0.8606826 -0.230246 0.4541059 -0.8100623 -0.2170556 0.5446889 -0.9016263 -0.2419674 0.3584994 -0.9330893 -0.249645 0.2588858 -0.9017739 -0.2416297 0.3583558 -0.9646937 -0.258112 0.05238741 -0.9539293 -0.2559823 0.1564996 -0.9646018 -0.2584642 0.05234253 -0.2416245 0.9017586 0.358398 -0.2584646 0.9646011 0.05235219 -0.2584643 0.9646022 0.05233418 -0.2556321 0.9540324 0.1564434 -0.2556322 0.9540347 0.1564291 -0.2500007 0.9330178 0.2588 -0.2499998 0.9330105 0.258827 -0.2416291 0.9017709 0.3583638 -0.2170597 0.8100787 0.5446626 -0.2306144 0.8606678 0.453947 -0.2306112 0.8606513 0.45398 -0.2170629 0.8100886 0.5446469 -0.140966 0.5260946 0.8386615 -0.2011378 0.7506574 0.6293305 -0.2011383 0.7506597 0.6293278 -0.1830106 0.6830059 0.7071139 -0.1830121 0.6830129 0.7071068 -0.1628807 0.6078811 0.7771425 -0.1628755 0.6078584 0.7771614 -0.1409735 0.5261192 0.8386448 -0.1175032 0.4385299 0.8910019 -0.1174994 0.4385136 0.8910105 -0.09274816 0.3461409 0.9335867 -0.09274899 0.3461444 0.9335854 -0.06699413 0.2500259 0.9659187 -0.0669943 0.2500265 0.9659185 -0.04048407 0.1510889 0.9876908 -0.04048514 0.1510926 0.9876903 -0.01354998 0.05056929 0.9986287 -0.01354974 0.05056852 0.9986287 0.2584649 -0.9646021 0.05233335 0.2584649 -0.9646021 0.05233412 0.2556333 -0.9540344 0.1564289 0.2556322 -0.9540323 0.1564432 0.2500002 -0.9330132 0.2588171 0.2499998 -0.9330105 0.258827 0.2416291 -0.9017709 0.3583637 0.2416286 -0.9017693 0.358368 0.2306097 -0.8606466 0.4539895 0.2306107 -0.8606513 0.4539802 0.2170646 -0.8100967 0.5446341 0.2170641 -0.8100951 0.5446365 0.2011421 -0.7506737 0.6293098 0.2011392 -0.7506597 0.6293274 0.1830133 -0.6830131 0.7071062 0.1830083 -0.6829974 0.7071228 0.1628742 -0.6078557 0.7771637 0.1628785 -0.6078742 0.7771483 0.1409682 -0.5261037 0.8386554 0.1409725 -0.5261179 0.8386458 0.1175007 -0.4385197 0.8910073 0.1174992 -0.4385136 0.8910106 0.09274899 -0.3461444 0.9335854 0.09275037 -0.346149 0.9335836 0.06699419 -0.2500256 0.9659187 0.06699442 -0.2500265 0.9659185 0.04048478 -0.1510913 0.9876904 0.04048371 -0.1510876 0.9876911 0.01354974 -0.05056846 0.9986287 0.01355004 -0.05056941 0.9986287 0.3461333 0.09274613 0.9335898 0.6078761 0.16288 0.7771466 0.6829695 0.1830012 0.7071515 0.8606539 0.2306116 0.4539748 0.9330177 0.2500014 0.2587999 0.9540285 0.2556312 0.1564681 0.9646841 0.2581628 0.05231177 0.953944 0.2559323 0.1564915 0.9646017 0.2584643 0.05234253 0.9016422 0.2419178 0.3584928 0.9330626 0.2496915 0.258937 0.901771 0.2416289 0.3583638 0.8099011 0.2173348 0.5448172 0.8606563 0.2302921 0.4541324 0.8101229 0.2170717 0.5445922 0.7506276 0.2008122 0.6294701 0.6827598 0.1832652 0.7072857 0.7506899 0.2011466 0.6292891 0.5258213 0.141211 0.8387917 0.607764 0.1625355 0.7773063 0.5261111 0.1409711 0.8386502 0.4383939 0.1171557 0.8911147 0.3457949 0.09297031 0.9336929 0.4385292 0.1175037 0.8910022 0.2498342 0.06663489 0.9659931 0.1507246 0.04069805 0.9877377 0.2500339 0.06699639 0.9659164 0.151094 0.0404855 0.98769 0.0505715 0.01355057 0.9986285 0.05057036 0.01355028 0.9986286 -0.9646017 -0.2584643 0.05234253 -0.9330155 -0.2500007 0.2588086 -0.8100926 -0.2170636 0.5446406 -0.6830341 -0.1830184 0.7070847 -0.5261151 -0.140972 0.8386476 -0.3461363 -0.09274697 0.9335886 -0.2500165 -0.06699174 0.9659212 -0.05056679 -0.01354932 0.9986287 -0.05056804 -0.01354962 0.9986287 -0.1507356 -0.04070091 0.9877359 -0.2498497 -0.06663894 0.9659888 -0.1510824 -0.0404824 0.9876919 -0.438361 -0.117147 0.891132 -0.3458173 -0.09297609 0.933684 -0.4385258 -0.1175026 0.8910041 -0.6077627 -0.1625349 0.7773075 -0.5257951 -0.141204 0.8388093 -0.6078761 -0.1628799 0.7771465 -0.7505981 -0.2008047 0.6295077 -0.6827977 -0.1832751 0.7072466 -0.750653 -0.2011368 0.6293362 -0.8606822 -0.2302986 0.45408 -0.8099017 -0.2173349 0.5448162 -0.8606503 -0.2306107 0.4539821 -0.90165 -0.2419198 0.3584719 -0.9330626 -0.2496916 0.258937 -0.901771 -0.241629 0.3583638 -0.9539453 -0.2559327 0.1564822 -0.9646798 -0.2581622 0.05239397 -0.954041 -0.2556346 0.1563864 -0.2416288 0.9017691 0.3583685 -0.2584642 0.9646031 0.05231755 -0.2584646 0.9646022 0.05233418 -0.2556318 0.9540299 0.1564588 -0.2556317 0.9540293 0.1564624 -0.2500004 0.9330132 0.2588172 -0.2500012 0.9330191 0.2587952 -0.2416254 0.9017599 0.358394 -0.2170621 0.8100869 0.5446498 -0.2306119 0.8606536 0.4539752 -0.230614 0.8606648 0.453953 -0.2170603 0.8100815 0.5446584 -0.1830135 0.6830146 0.7071048 -0.2011399 0.7506647 0.6293212 -0.2011405 0.7506672 0.6293181 -0.1830106 0.6830053 0.7071145 -0.09274715 0.3461381 0.9335879 -0.1628779 0.6078675 0.7771537 -0.1628795 0.6078746 0.7771479 -0.1409686 0.526102 0.8386564 -0.1409671 0.5260959 0.8386604 -0.1175028 0.4385256 0.8910042 -0.1175031 0.4385271 0.8910034 -0.09275078 0.3461504 0.933583 -0.06699526 0.2500303 0.9659174 -0.06699323 0.2500221 0.9659197 -0.04048442 0.1510899 0.9876906 -0.04048418 0.151089 0.9876909 -0.01354998 0.05056929 0.9986287 -0.01354974 0.05056852 0.9986287 0 0.1014606 0.9948396 0 0.1014606 0.9948396 0 0.3002704 0.9538542 0 0.3002704 0.9538542 0 0.4867131 0.8735619 0 0.4867131 0.8735619 0 0.6530376 0.7573255 0 0.6530376 0.7573255 0 0.7925298 0.6098331 0 0.7925298 0.6098331 -0.08786201 0.1491408 0.9849047 -0.2051529 0.3277755 0.9222123 -0.4167143 0.5330116 0.7363749 -0.8813907 0.4342644 0.1859166 -0.9582076 0.2711361 0.09123247 0.3623109 0.9186587 0.1574703 0.9947617 0.02992194 0.09774386 0.9947811 0.03651845 0.09527325 0.9955803 0.04197901 0.08400928 0.9969513 0.03948068 0.06730014 0.9982876 0.01989656 0.05500823 0.9984343 0.02597749 0.04954075 0.9985293 0.03834056 0.03833138 0.9987393 0.04797476 0.01476895 0.9984862 0.0544902 0.007493615 0.9945638 0.09961062 0.03034251 0.986822 0.1547878 0.04715013 0.9878596 0.1531013 0.02633458 0.9693921 0.2306168 0.08423185 0.9631784 0.2629311 0.05616599 0.9520198 0.293408 0.08700603 0.9456204 0.3118506 0.09247332 0.9287486 0.3587712 0.09332358 0.9255748 0.3619119 0.1110448 0.8829976 0.4522963 0.1254726 0.8833492 0.4513232 0.1264972 0.8581036 0.4937871 0.140828 0.8275168 0.5399129 0.1539806 0.8314533 0.5379227 0.1390131 0.7929062 0.5864015 0.1656293 0.7613427 0.6293471 0.1558193 0.7549636 0.6331542 0.1707211 0.561687 0.8121547 0.1578365 0.6012235 0.7844042 0.1524476 0.6039354 0.7903938 0.1026627 0.6795492 0.7047935 0.2036641 0.4196158 0.8946542 0.1533504 0.4024156 0.9102653 0.09735935 0.4558826 0.8755051 0.160193 0.5154066 0.8429501 0.1542439 0.4876342 0.8718941 0.04487276 0.5442938 0.8239296 0.1577475 0.1823923 0.9142822 -0.3616921 0.1865057 0.9776861 0.09667265 0.1394295 0.985388 0.09782594 0.1046369 0.9836197 -0.1467767 0.08550113 0.9919292 0.09362679 -0.02704137 0.9982642 0.05231833 -0.01985031 0.9989537 0.04120093 0 0.9949463 -0.1004089 0.01054048 0.99962 -0.0254693 0.03810566 0.9948487 0.0939359 -0.9986214 0.05109602 0.012021 -0.9985275 0.05225545 0.01456505 -0.986774 0.1560984 0.04370772 -0.9875923 0.1524414 0.03772264 -0.9943714 0.1028492 0.02544552 -0.9357664 0.3342082 0.1124551 -0.9289686 0.3508253 0.118063 -0.9294272 0.347423 0.1243479 -0.853363 0.4751579 0.2144683 -0.8227049 0.4650076 0.3269934 -0.8244196 0.5104246 0.2445389 -0.7945277 0.547484 0.2626535 -0.7573326 0.5772167 0.3053985 -0.7519233 0.5684221 0.3339277 -0.717153 0.5999024 0.3546952 -0.6863007 0.5954823 0.4176029 -0.6789824 0.6169205 0.3979851 -0.6018422 0.6048401 0.5214925 -0.5861324 0.6331511 0.5055379 -0.4161677 0.5481463 0.725493 0.0270636 0.05231648 0.9982638 -0.003193318 0.005526959 0.9999796 0 0.01104301 0.999939 -0.05698484 0.09854841 0.9934993 -0.05749905 0.09855639 0.9934689 -0.9867908 0.1617771 0.008478343 -0.9985292 0.05414158 0.002837419 -0.9985292 0.05414158 0.002837419 -0.9873923 0.1582152 0.004945755 -0.9773253 0.2114529 0.01108253 -0.963457 0.2674961 0.01401978 -0.9649516 0.2622988 0.008223176 -0.9492629 0.3140522 0.01646089 -0.9288015 0.3700696 0.01939702 -0.9315686 0.3634034 0.01086318 -0.9103825 0.4132007 0.02165687 -0.8832436 0.4682717 0.02454328 -0.8876307 0.4603809 0.01269567 -0.8611853 0.5075947 0.02659714 -0.8273316 0.5609444 0.02939254 -0.8336417 0.55214 0.01352655 -0.802214 0.5962185 0.03124374 -0.7617237 0.6470143 0.03390556 -0.7702102 0.6376546 0.01315474 -0.7341852 0.6780191 0.03553086 -0.6872068 0.7254665 0.03801733 -0.6980619 0.7159473 0.01135331 -0.6578407 0.7521247 0.03942161 -0.6046458 0.7954027 0.04168999 -0.6179974 0.7861401 0.007945418 -0.5740545 0.8176946 0.04286056 -0.5150328 0.8559954 0.04486817 -0.5309379 0.847406 0.002835512 -0.4837852 0.8739878 0.04579526 -0.4194188 0.9065492 0.04750138 -0.4378234 0.8990531 -0.003746628 -0.3880645 0.9203689 0.04823976 -0.3189044 0.9464877 0.04960876 -0.3397304 0.9404538 -0.01139259 -0.2879846 0.956323 0.05011123 -0.2146885 0.9753445 0.05110794 -0.2377761 0.9711297 -0.01922732 -0.1846764 0.9814536 0.0514146 -0.1079725 0.9927925 0.05200856 -0.1331582 0.9907471 -0.0262525 -0.07924073 0.9954893 0.05217289 0.1079721 0.05204254 0.9927908 0.133182 -0.02629125 0.9907429 0.07923877 0.05217105 0.9954895 0.3094074 0.9428774 0.1234884 0.3189364 0.9357724 0.1503646 0.2649666 0.9520442 0.1529853 0.2145254 0.96666 0.1398116 0.2097203 0.9657157 0.1530058 0.1079761 0.9819165 0.1555032 0.1079684 0.9819136 0.1555266 0 0.9876874 0.1564411 0 0.9876874 0.1564411 -0.1079763 0.9819128 0.1555265 -0.1079732 0.9819145 0.1555174 -0.2146881 0.9646584 0.1527844 -0.2146871 0.9646592 0.1527813 -0.3189034 0.9361193 0.1482612 -0.3189051 0.9361179 0.1482661 -0.419414 0.8966187 0.1420101 -0.4194186 0.8966147 0.1420218 -0.5150413 0.8466105 0.1341013 -0.5150328 0.8466188 0.134081 -0.6046465 0.7866892 0.1245898 -0.604646 0.7866898 0.1245886 -0.6872063 0.7175198 0.1136341 -0.687207 0.7175191 0.1136353 -0.7617195 0.6399314 0.1013476 -0.7617238 0.6399247 0.1013568 -0.8273307 0.5547992 0.08787387 -0.8273316 0.5547976 0.08787578 -0.8832451 0.4631379 0.07335758 -0.8832433 0.463142 0.07335364 -0.9288017 0.3660145 0.05797034 -0.9288015 0.3660151 0.0579698 -0.9634568 0.264566 0.04190218 -0.9634569 0.2645656 0.04190254 -0.9867909 0.1600049 0.02534192 -0.986791 0.1600048 0.02534198 -0.9985292 0.05354869 0.008481144 -0.9985293 0.05354833 0.008481383 0.3189038 0.04960733 0.9464879 0.3397365 -0.01141011 0.9404515 0.2879768 0.05010813 0.9563256 0.2146896 0.05110466 0.9753444 0.2377949 -0.01928621 0.9711239 0.1846251 0.05144864 0.9814615 0.5150328 0.04486715 0.8559954 0.5309333 0.002848148 0.8474088 0.483797 0.04579371 0.8739814 0.4194188 0.04750013 0.9065493 0.4378234 -0.003746509 0.8990532 0.3880645 0.04823839 0.920369 0.7211781 0.6688641 0.1803408 0.6867982 0.7053887 0.1753143 0.6799894 0.7082379 0.1897721 0.6046509 0.7693508 0.2061473 0.6046471 0.7693513 0.2061569 0.5150312 0.8279615 0.2218622 0.5150407 0.8279621 0.2218373 0.419413 0.8768671 0.2349405 0.4194141 0.8768673 0.2349374 0.3189163 0.9154928 0.2452863 0.3189036 0.9154877 0.2453219 0.2146884 0.9433984 0.2528012 0.2146877 0.9433979 0.2528033 0.1079661 0.9602743 0.2573257 0.107976 0.9602811 0.2572962 0 0.9659285 0.2588093 0 0.9659285 0.2588093 -0.107966 0.9602822 0.2572965 -0.1079759 0.9602733 0.2573255 -0.2146884 0.9433977 0.2528033 -0.2146877 0.9433985 0.2528012 -0.3189169 0.9154834 0.2453209 -0.3189042 0.9154967 0.2452874 -0.4194129 0.8768678 0.2349376 -0.419414 0.8768665 0.2349404 -0.5150306 0.827968 0.2218389 -0.5150402 0.8279562 0.2218608 -0.6046511 0.7693482 0.2061561 -0.6046473 0.7693534 0.206148 -0.6872045 0.7017103 0.188023 -0.6872068 0.7017068 0.1880277 -0.7617213 0.6258267 0.1676951 -0.7617195 0.6258298 0.1676916 -0.8273312 0.5425742 0.1453831 -0.8273305 0.5425758 0.1453816 -0.8832452 0.4529337 0.1213623 -0.8832452 0.4529339 0.1213621 -0.928801 0.3579521 0.09591209 -0.9288017 0.3579497 0.09591364 -0.958158 0.2764865 0.07408535 -0.9632284 0.2562043 0.0809344 -0.9730908 0.2229082 0.05836313 -0.9778058 0.2026835 0.05305862 0.6872007 0.03801691 0.7254722 0.6980701 0.01131796 0.71594 0.6578198 0.03940618 0.7521438 0.6046527 0.04167234 0.7953984 0.6180157 0.007897377 0.7861261 0.574011 0.04286122 0.8177252 0.8273282 0.02940052 0.5609489 0.8336418 0.01352632 0.5521399 0.802214 0.0312432 0.5962185 0.7617236 0.03390502 0.6470143 0.7702177 0.01313561 0.6376459 0.7341606 0.03553164 0.6780455 0.9288014 0.01939678 0.3700699 0.9315668 0.01086854 0.3634079 0.9103972 0.0216546 0.4131683 0.8832462 0.02454239 0.4682668 0.8876306 0.01270216 0.4603808 0.8611852 0.02660411 0.5075947 0.9873926 0.004943788 0.1582133 0.9773176 0.01108425 0.2114885 0.9634569 0.01401966 0.2674961 0.9649517 0.008223056 0.2622988 0.949263 0.01646065 0.3140522 0.9989199 0.01064038 0.04523193 0.9984781 0.02153742 0.05077052 0.9958643 0.02351421 0.08775663 0.9867908 0.04192835 0.1564794 0.9867909 0.04192858 0.1564791 0.9634577 0.06932765 0.2587335 0.9634571 0.06932598 0.2587363 0.9288002 0.0959106 0.3579543 0.9288009 0.09591209 0.3579521 0.8832452 0.1213621 0.452934 0.8832452 0.1213623 0.4529337 0.8273305 0.1453817 0.5425757 0.8273314 0.1453831 0.5425741 0.7617254 0.1676898 0.6258231 0.7617222 0.1676837 0.6258286 0.6871997 0.188017 0.7017166 0.6872091 0.188036 0.7017023 0.604645 0.2061639 0.769351 0.6046422 0.2061579 0.7693548 0.5150342 0.2218618 0.8279596 0.5150333 0.2218595 0.8279609 0.4194226 0.2349617 0.8768567 0.4194225 0.2349613 0.8768569 0.3189137 0.2453125 0.9154866 0.318896 0.2452659 0.9155053 0.2146778 0.2527433 0.9434162 0.2146961 0.2527945 0.9433984 0.1079759 0.257317 0.9602755 0.1079719 0.2573051 0.9602792 0 0.2588182 0.9659261 0 0.2588182 0.9659261 -0.08812731 0.2578111 0.9621678 -0.1076782 0.2202619 0.9694793 -0.1706188 0.2867503 0.9426895 -0.1730713 0.286666 0.942268 0.9947246 0.03676158 0.09576737 0.9867908 0.05805528 0.1512392 0.9867909 0.05805516 0.1512395 0.9634572 0.0959931 0.2500714 0.9634572 0.09599328 0.2500708 0.9288008 0.1328038 0.3459655 0.9288004 0.1328029 0.3459672 0.8832455 0.1680411 0.4377667 0.8832472 0.168044 0.437762 0.8273311 0.2013036 0.5244046 0.8273291 0.2013002 0.5244091 0.7617226 0.2321861 0.6048704 0.7617216 0.2321844 0.6048723 0.6872085 0.2603358 0.6782106 0.687205 0.2603291 0.6782168 0.604642 0.2854259 0.7435994 0.6046455 0.2854327 0.7435939 0.5150335 0.3071764 0.8002395 0.5150359 0.3071814 0.8002361 0.4194221 0.3253229 0.8474963 0.419417 0.3253113 0.8475034 0.3188977 0.3396438 0.8848425 0.3189084 0.3396707 0.8848283 0.214695 0.3500264 0.9118046 0.2146874 0.3500059 0.9118143 0.1079728 0.3562668 0.9281249 0.1079785 0.3562829 0.9281181 0 0.3583782 0.9335765 0 0.3583782 0.9335765 -0.1079727 0.3562831 0.9281187 -0.1079784 0.3562666 0.9281243 -0.1738577 0.3529043 0.919365 -0.2036284 0.3322918 0.920933 0.9949439 0.04559558 0.08948653 0.9867908 0.07354611 0.1443424 0.9867908 0.07354605 0.1443426 0.9634572 0.1216067 0.2386672 0.9634574 0.1216069 0.2386667 0.9288004 0.1682401 0.3301895 0.9288004 0.1682401 0.3301897 0.8832471 0.2128797 0.4177999 0.8832446 0.2128762 0.4178071 0.8273293 0.2550075 0.5004972 0.827331 0.2550099 0.5004931 0.7617219 0.2941386 0.5772886 0.7617266 0.2941455 0.5772791 0.6872051 0.3298139 0.6472805 0.6872042 0.3298124 0.6472821 0.6046454 0.3616061 0.7096796 0.6046414 0.3615987 0.7096866 0.5150363 0.3891423 0.7637447 0.5150395 0.3891488 0.7637391 0.4194172 0.4121333 0.8088482 0.4194131 0.4121244 0.8088548 0.3189079 0.4302793 0.8444864 0.31891 0.4302842 0.8444833 0.2146874 0.4434034 0.8702313 0.214699 0.4434331 0.8702135 0.1079785 0.4513661 0.8857818 0.1079621 0.4513222 0.8858062 0 0.4539756 0.891014 0 0.4539756 0.891014 -0.1079788 0.4513213 0.8858045 -0.1079624 0.4513669 0.8857834 -0.2073935 0.4441491 0.8716189 -0.2144574 0.426793 0.8785533 -0.2850525 0.4473403 0.8477215 -0.2927103 0.4465338 0.8455343 0.9957741 0.05001777 0.07701992 0.9867908 0.08823186 0.1358638 0.9867908 0.08823174 0.1358644 0.9634574 0.1458883 0.2246475 0.9634569 0.1458878 0.2246496 0.9288003 0.2018314 0.310796 0.9288015 0.2018327 0.3107914 0.8832448 0.2553901 0.3932616 0.8832448 0.2553901 0.3932616 0.827331 0.3059343 0.4710919 0.8273301 0.3059331 0.4710944 0.7617262 0.3528718 0.5433735 0.7617247 0.3528699 0.5433768 0.6872045 0.3956582 0.6092655 0.6872034 0.3956567 0.6092678 0.6046414 0.4337988 0.6680025 0.6046457 0.4338057 0.6679942 0.5150398 0.4668501 0.7188776 0.5150368 0.4668447 0.7188833 0.4194128 0.4944182 0.7613433 0.4194198 0.494432 0.7613304 0.3189097 0.5162141 0.7948708 0.3189025 0.5161986 0.7948838 0.214699 0.5319346 0.8191154 0.2147015 0.5319405 0.8191108 0.1079617 0.5414583 0.8337668 0.1079589 0.5414514 0.8337717 0 0.5446346 0.8386735 0 0.5446346 0.8386735 -0.1079617 0.5414512 0.8337715 -0.1079589 0.5414584 0.8337671 -0.2146989 0.5319409 0.8191113 -0.2147014 0.5319343 0.8191149 -0.296517 0.5201418 0.8009559 -0.3181443 0.4863716 0.8137733 -0.3678873 0.5357296 0.7600346 -0.3799355 0.5340132 0.7553006 0.9970706 0.04813432 0.05944103 0.9867908 0.1019498 0.1258977 0.9867907 0.1019498 0.1258983 0.9634569 0.168571 0.2081692 0.9634571 0.168571 0.2081692 0.9288013 0.2332115 0.287994 0.928803 0.2332125 0.2879879 0.8832448 0.2950996 0.3644105 0.8832431 0.2950983 0.3644156 0.8273303 0.3534995 0.436535 0.8273286 0.353498 0.4365394 0.7617247 0.4077339 0.5035161 0.7617265 0.4077358 0.5035119 0.6872032 0.4571793 0.5645696 0.6872038 0.4571802 0.5645682 0.6046457 0.5012515 0.6189915 0.6046482 0.501255 0.6189863 0.5150369 0.5394397 0.6661395 0.5150343 0.5394356 0.6661449 0.4194195 0.5712937 0.7054862 0.419416 0.5712875 0.7054934 0.318903 0.5964557 0.7365742 0.3189041 0.5964578 0.736572 0.2147009 0.6146406 0.759026 0.2146912 0.6146199 0.7590455 0.1079595 0.6256158 0.7726252 0.107969 0.6256377 0.7726061 0 0.6293165 0.7771492 0 0.6293165 0.7771492 -0.1079593 0.6256383 0.772607 -0.1079688 0.6256151 0.7726244 -0.2147012 0.6146184 0.7590438 -0.2146915 0.6146419 0.7590276 -0.318903 0.5964581 0.7365722 -0.318904 0.5964555 0.7365739 -0.3831195 0.5812965 0.7178537 -0.4103587 0.560927 0.7190038 0.9985298 0.03833031 0.03833031 0.9867907 0.1145516 0.1145516 0.9867907 0.1145516 0.1145516 0.963457 0.1894078 0.1894078 0.963457 0.1894078 0.1894078 0.928803 0.2620354 0.2620354 0.9288017 0.2620351 0.2620399 0.8832432 0.3315702 0.3315762 0.8832448 0.3315709 0.3315709 0.8273285 0.3971949 0.3971949 0.8273285 0.3971948 0.3971948 0.7617268 0.4581333 0.4581333 0.7617268 0.4581333 0.4581333 0.6872035 0.5136883 0.5136884 0.6872035 0.5136884 0.5136884 0.6046483 0.5632053 0.5632053 0.6046484 0.5632053 0.5632053 0.5150339 0.6061106 0.6061106 0.5150338 0.6061106 0.6061106 0.419416 0.6419074 0.6419074 0.419416 0.6419073 0.6419073 0.3189046 0.6701864 0.6701865 0.3189047 0.6701865 0.6701865 0.2146919 0.6906183 0.6906184 0.2146999 0.6906339 0.6906004 0.1079686 0.7029902 0.7029562 0.1079689 0.7029908 0.7029556 0 0.7071245 0.7070891 0 0.7071245 0.7070891 -0.1079686 0.7029909 0.7029556 -0.1079689 0.7029902 0.7029562 -0.2146916 0.6906351 0.6906016 -0.2146997 0.6906171 0.6906171 -0.3189046 0.6701865 0.6701865 -0.3189047 0.6701865 0.6701865 -0.4189678 0.6420538 0.6420537 -0.4193931 0.6411111 0.6427176 -0.4877134 0.6182705 0.6163418 -0.5101588 0.6092677 0.6070675 0.9867908 0.008478164 0.1617771 0.9985292 0.002837359 0.05414164 0.9985292 0.002837359 0.05414158 -0.08706921 0.155847 0.9839363 0 0.1564411 0.9876874 0 0.1564411 0.9876874 0.1079763 0.1555265 0.9819128 0.1079715 0.1555122 0.9819155 0.2146773 0.1527796 0.9646617 0.21469 0.1528165 0.9646529 0.3189141 0.148295 0.9361103 0.3189035 0.1482662 0.9361184 0.4194234 0.1420095 0.8966144 0.419419 0.1419984 0.8966181 0.5150338 0.1340799 0.8466184 0.515033 0.1340779 0.8466193 0.6046453 0.1245871 0.7866906 0.6046528 0.1246039 0.7866822 0.6871998 0.1136497 0.7175236 0.6872006 0.1136513 0.7175227 0.7617253 0.10136 0.6399226 0.7617238 0.1013568 0.6399247 0.8273307 0.08787393 0.5547991 0.8273282 0.08786863 0.5548037 0.8832449 0.07335096 0.4631392 0.8832462 0.0733537 0.4631364 0.9288002 0.05797165 0.3660182 0.9288012 0.05797415 0.3660153 0.9634577 0.0419048 0.2645625 0.9634569 0.04190254 0.2645656 0.9867909 0.02534192 0.1600049 0.986791 0.02534216 0.1600045 0.9985292 0.008481204 0.05354857 0.9985293 0.008481323 0.05354845 -0.5732071 0.6401666 0.5114886 -0.5148323 0.6612264 0.5456439 -0.5115455 0.6677665 0.5407488 -0.4194195 0.7054862 0.5712937 -0.419416 0.7054934 0.5712875 -0.318903 0.7365742 0.5964557 -0.3189041 0.736572 0.5964578 -0.2146854 0.7590286 0.6146427 -0.2147006 0.758998 0.6146754 -0.107975 0.7725771 0.6256725 -0.1079691 0.7725889 0.6256589 0 0.7771319 0.6293379 0 0.7771319 0.6293379 0.1079751 0.7725884 0.6256585 0.1079692 0.7725776 0.6256728 0.214685 0.7590006 0.6146775 0.2147001 0.7590261 0.6146407 0.318903 0.7365722 0.5964581 0.318904 0.7365739 0.5964555 0.4194197 0.705492 0.5712864 0.4194161 0.7054874 0.5712946 0.5150318 0.6661461 0.5394365 0.5150341 0.6661488 0.5394309 0.6046504 0.6189923 0.5012449 0.604648 0.6189902 0.5012504 0.6872032 0.5645687 0.4571806 0.6872038 0.5645692 0.4571791 0.7617277 0.5035108 0.4077351 0.7617266 0.5035103 0.4077377 0.8273279 0.4365366 0.3535031 0.8273286 0.4365368 0.353501 0.8832448 0.364413 0.2950963 0.8832447 0.364413 0.2950967 0.9288012 0.287993 0.2332128 0.9288018 0.2879929 0.2332106 0.9634569 0.2081692 0.1685711 0.963457 0.2081692 0.1685709 0.9867908 0.1258979 0.1019494 0.9867907 0.125898 0.1019501 0.9985292 0.04213339 0.03411889 0.9985292 0.04213339 0.03411906 -0.6589595 0.6318786 0.4080466 -0.6046003 0.6670734 0.4352834 -0.6038792 0.6684818 0.4341223 -0.5150353 0.7188798 0.4668516 -0.5150321 0.7188857 0.4668461 -0.4194179 0.7613413 0.4944169 -0.4194195 0.7613385 0.4944199 -0.3189043 0.7948806 0.5162024 -0.3189025 0.7948838 0.5161986 -0.2146839 0.8191182 0.5319364 -0.2146864 0.8191136 0.5319424 -0.1079773 0.8337655 0.5414574 -0.1079745 0.8337703 0.5414505 0 0.8386735 0.5446346 0 0.8386735 0.5446346 0.1079774 0.83377 0.5414503 0.1079746 0.8337657 0.5414576 0.2146838 0.8191141 0.5319426 0.2146863 0.8191177 0.5319361 0.3189043 0.7948833 0.5161982 0.3189026 0.7948811 0.5162028 0.4194178 0.7613391 0.4944203 0.4194194 0.7613407 0.4944165 0.5150354 0.718884 0.466845 0.5150323 0.7188813 0.4668526 0.6046451 0.6679945 0.4338059 0.6046494 0.6679974 0.4337955 0.6872097 0.609263 0.3956534 0.6872038 0.6092602 0.395668 0.7617219 0.5433741 0.35288 0.7617272 0.5433756 0.3528664 0.8273312 0.4710956 0.305928 0.8273282 0.4710955 0.3059366 0.8832433 0.3932636 0.2553914 0.8832447 0.3932635 0.2553874 0.9288011 0.3107938 0.2018311 0.9288015 0.3107935 0.2018298 0.9634574 0.2246483 0.1458869 0.9634569 0.2246487 0.1458891 0.9867908 0.135864 0.08823144 0.9867908 0.1358642 0.0882321 0.9985292 0.04546928 0.02952837 0.9985292 0.04546904 0.02952766 -0.761722 0.5772886 0.2941385 -0.6872054 0.6472855 0.3298031 -0.6872096 0.6472776 0.3298101 -0.6046454 0.7096796 0.3616061 -0.6046449 0.7096804 0.3616051 -0.515036 0.7637406 0.3891505 -0.5150357 0.7637411 0.3891499 -0.4194129 0.80885 0.4121342 -0.4194179 0.8088418 0.412145 -0.3189122 0.8444737 0.4303011 -0.3189052 0.8444846 0.4302849 -0.2146924 0.8702304 0.443403 -0.2146837 0.8702438 0.443381 -0.1079737 0.88581 0.4513118 -0.1079773 0.8858047 0.4513214 0 0.891014 0.4539756 0 0.891014 0.4539756 0.1079736 0.885805 0.4513216 0.1079773 0.8858097 0.4513116 0.2146926 0.8702421 0.44338 0.214684 0.8702321 0.4434038 0.3189125 0.8444825 0.4302839 0.3189055 0.8444758 0.4303022 0.4194127 0.808844 0.412146 0.4194176 0.808848 0.4121332 0.5150361 0.7637409 0.3891498 0.5150357 0.7637408 0.3891506 0.6046454 0.70968 0.3616049 0.604645 0.7096799 0.3616062 0.6872051 0.6472814 0.329812 0.6872093 0.6472823 0.3298014 0.761722 0.5772886 0.2941385 0.7617219 0.5772886 0.2941386 0.8273324 0.5004912 0.255009 0.8273312 0.5004915 0.2550127 0.8832449 0.4178038 0.2128813 0.8832437 0.4178045 0.2128852 0.9288004 0.3301887 0.168242 0.9288011 0.330188 0.1682394 0.9634572 0.238667 0.1216071 0.9634573 0.2386668 0.1216065 0.986791 0.1443418 0.07354563 0.9867908 0.1443422 0.07354676 0.9985292 0.04830688 0.02461385 0.9985293 0.04830682 0.02461361 -0.9080584 0.3943223 0.1412088 -0.8833296 0.4391222 0.1640135 -0.8843306 0.4358537 0.1673047 -0.8273312 0.5244072 0.2012964 -0.8273324 0.5244046 0.2012984 -0.7617208 0.6048724 0.2321868 -0.7617218 0.6048707 0.2321884 -0.687205 0.6782121 0.2603415 -0.6872053 0.6782114 0.2603421 -0.6046511 0.7435875 0.2854378 -0.6046453 0.7435965 0.2854265 -0.5150306 0.8002436 0.3071703 -0.5150359 0.8002361 0.3071814 -0.4194132 0.8475002 0.3253244 -0.4194139 0.8474991 0.3253261 -0.3189167 0.8848308 0.3396565 -0.3189117 0.8848375 0.3396438 -0.2146891 0.9118163 0.3499996 -0.2146913 0.9118134 0.3500055 -0.1079646 0.9281257 0.3562671 -0.1079745 0.9281139 0.3562949 0 0.9335719 0.3583901 0 0.9335719 0.3583901 0.1079645 0.928115 0.3562952 0.1079744 0.9281248 0.3562667 0.214689 0.9118139 0.3500058 0.2146912 0.9118158 0.3499994 0.3189169 0.8848358 0.3396431 0.3189119 0.8848323 0.339657 0.4194132 0.8474995 0.3253262 0.4194139 0.8474999 0.3253242 0.5150304 0.8002391 0.3071826 0.5150356 0.8002409 0.3071693 0.6046515 0.7435922 0.2854248 0.6046457 0.7435913 0.2854393 0.687205 0.6782118 0.2603422 0.6872053 0.6782118 0.2603414 0.7617209 0.6048717 0.2321887 0.7617217 0.6048715 0.2321865 0.8273311 0.5244061 0.201299 0.8273323 0.5244056 0.2012957 0.8832456 0.4377673 0.1680392 0.8832448 0.4377679 0.1680415 0.9288009 0.3459659 0.1328024 0.9288004 0.3459666 0.1328043 0.9634572 0.2500712 0.09599339 0.9634572 0.250071 0.09599292 0.9867909 0.1512393 0.05805516 0.986791 0.151239 0.05805456 0.9985292 0.05061465 0.0194289 0.9985292 0.05061507 0.01942962 0 0.7071035 -0.7071101 0 0.7071035 -0.7071101 0 -0.05231785 -0.9986305 2.08412e-5 -0.4539914 -0.8910061 -9.3172e-6 -0.4397599 -0.8981154 1.0863e-5 -0.3583947 -0.9335702 0 -0.3537117 -0.9353545 0 -0.2588143 -0.9659271 1.78857e-6 -0.2595364 -0.9657334 -1.88918e-6 -0.1564523 -0.9876856 0 -0.1572216 -0.9875634 0 -0.05231785 -0.9986305 2.76387e-4 -0.7802913 -0.6254162 2.81641e-5 -0.7182646 -0.69577 0 -0.6770298 -0.7359556 0 -0.6293323 -0.7771363 1.01596e-6 -0.6296868 -0.7768491 -1.20265e-6 -0.5446068 -0.8386916 0 -0.5450231 -0.8384211 0 -0.4905839 -0.8713939 2.82306e-4 -0.8937561 -0.4485533 -2.51715e-4 -0.7071068 -0.7071068 1.33819e-7 -0.7771363 -0.6293324 0 -0.8168054 -0.5769132 3.58756e-5 -0.8491732 -0.5281145 2.72938e-4 -0.9669615 -0.254922 -2.52326e-4 -0.8386753 -0.5446318 1.39158e-7 -0.8910061 -0.4539913 0 -0.9171032 -0.3986498 2.30616e-5 -0.9381473 -0.3462364 2.45071e-4 -0.9985327 -0.05415213 -2.53984e-4 -0.9876855 -0.1564523 0 -0.9986306 -0.052316 -2.53267e-4 -0.933582 -0.3583636 0 -0.965927 -0.2588143 0 -0.9785983 -0.20578 4.71925e-6 -0.9877257 -0.1561988 0.7071068 0 0.7071068 0.7071068 0 0.7071068 0.7252942 -0.688439 0 0.6790699 -0.7340735 -4.30666e-4 0.7071068 -0.7071068 2.18406e-4 0.6293324 -0.7771363 -1.31085e-4 0.7771885 -0.6292678 0 0.7771885 -0.6292678 0 0.8386591 -0.5446568 0 0.838659 -0.5446568 0 0.8910061 -0.4539914 0 0.8910061 -0.4539914 0 0.9335463 -0.3584567 0 0.9335463 -0.3584567 0 0.9659271 -0.2588143 0 0.9659271 -0.2588143 0 0.9877075 -0.1563134 0 0.9877075 -0.1563134 0 0.9986268 -0.05238884 0 0.9986268 -0.05238884 0 0.6191073 -0.7853064 0 0.5446481 -0.8386647 0 0.5446481 -0.8386647 0 0.4539769 -0.8910135 0 0.4539769 -0.8910135 0 0.3583518 -0.9335867 0 0.3583518 -0.9335866 0 0.2588143 -0.9659271 0 0.2588143 -0.9659271 0 0.1564523 -0.9876855 0 0.1564523 -0.9876855 0 0.05231595 -0.9986306 0 0.05231595 -0.9986306 0</float_array>
          <technique_common>
            <accessor source="#gripper-mesh-normals-array" count="13740" stride="3">
              <param name="X" type="float"/>
              <param name="Y" type="float"/>
              <param name="Z" type="float"/>
            </accessor>
          </technique_common>
        </source>
        <vertices id="gripper-mesh-vertices">
          <input semantic="POSITION" source="#gripper-mesh-positions"/>
        </vertices>
        <triangles count="13740">
          <input semantic="VERTEX" source="#gripper-mesh-vertices" offset="0"/>
          <input semantic="NORMAL" source="#gripper-mesh-normals" offset="1"/>
          <p>0 0 1 0 2 0 1 1 3 1 2 1 2 2 3 2 4 2 3 3 5 3 4 3 4 4 5 4 6 4 5 5 7 5 6 5 6 6 7 6 8 6 7 7 9 7 8 7 8 8 9 8 10 8 9 9 11 9 10 9 10 10 11 10 12 10 11 11 13 11 12 11 12 12 13 12 14 12 13 13 15 13 14 13 14 14 15 14 16 14 15 15 17 15 16 15 16 16 17 16 18 16 17 17 19 17 18 17 18 18 19 18 20 18 19 19 21 19 20 19 20 20 21 20 22 20 21 21 23 21 22 21 22 22 23 22 24 22 23 23 25 23 24 23 24 24 25 24 26 24 25 25 27 25 26 25 26 26 27 26 28 26 27 27 29 27 28 27 28 28 29 28 30 28 29 29 31 29 30 29 32 30 33 30 34 30 35 31 36 31 37 31 38 32 39 32 40 32 39 33 41 33 40 33 40 34 41 34 42 34 41 35 43 35 42 35 42 36 43 36 44 36 43 37 45 37 44 37 44 38 45 38 46 38 45 39 47 39 46 39 46 40 47 40 48 40 47 41 49 41 48 41 37 42 36 42 50 42 36 43 51 43 50 43 51 44 52 44 50 44 50 45 52 45 49 45 52 46 53 46 49 46 49 47 53 47 48 47 54 48 55 48 56 48 55 49 57 49 56 49 56 50 57 50 58 50 54 51 59 51 55 51 59 52 60 52 55 52 55 53 60 53 37 53 60 54 61 54 37 54 37 55 61 55 35 55 58 56 57 56 62 56 57 57 63 57 62 57 62 58 63 58 64 58 63 59 65 59 64 59 64 60 65 60 66 60 34 61 33 61 67 61 33 62 68 62 67 62 68 63 69 63 67 63 67 64 69 64 65 64 69 65 70 65 65 65 65 66 70 66 66 66 71 67 72 67 73 67 73 68 74 68 71 68 74 69 75 69 71 69 71 70 75 70 34 70 75 71 76 71 34 71 34 72 76 72 32 72 35 73 61 73 77 73 59 74 54 74 78 74 32 75 76 75 79 75 76 76 75 76 79 76 79 77 75 77 80 77 75 78 74 78 80 78 80 79 74 79 73 79 81 80 82 80 70 80 70 81 69 81 81 81 69 82 68 82 81 82 81 83 68 83 79 83 68 84 33 84 79 84 79 85 33 85 32 85 78 86 54 86 83 86 54 87 56 87 83 87 83 88 56 88 58 88 58 89 62 89 83 89 62 90 64 90 83 90 83 91 64 91 82 91 64 92 66 92 82 92 82 93 66 93 70 93 77 94 61 94 78 94 61 95 60 95 78 95 78 96 60 96 59 96 84 97 48 97 85 97 48 98 53 98 85 98 53 99 52 99 85 99 52 100 51 100 85 100 85 101 51 101 77 101 51 102 36 102 77 102 77 103 36 103 35 103 86 104 87 104 88 104 89 105 90 105 91 105 92 106 93 106 94 106 95 107 96 107 97 107 98 108 99 108 100 108 101 109 102 109 103 109 104 110 105 110 106 110 106 111 105 111 107 111 105 112 108 112 107 112 107 113 108 113 109 113 109 114 108 114 110 114 108 115 111 115 110 115 110 116 111 116 112 116 112 117 111 117 113 117 111 118 114 118 113 118 113 119 114 119 115 119 115 120 114 120 116 120 114 121 117 121 116 121 116 122 117 122 118 122 118 123 117 123 119 123 117 124 120 124 119 124 119 125 120 125 121 125 121 126 120 126 122 126 120 127 103 127 122 127 122 128 103 128 123 128 124 129 125 129 126 129 123 130 103 130 126 130 103 131 102 131 126 131 126 132 102 132 124 132 99 133 101 133 100 133 101 134 103 134 100 134 100 135 103 135 127 135 103 136 120 136 127 136 127 137 120 137 128 137 120 138 117 138 128 138 128 139 117 139 129 139 117 140 114 140 129 140 129 141 114 141 130 141 114 142 111 142 130 142 130 143 111 143 131 143 111 144 108 144 131 144 131 145 108 145 132 145 108 146 105 146 132 146 132 147 105 147 104 147 96 148 98 148 97 148 98 149 100 149 97 149 97 150 100 150 133 150 100 151 127 151 133 151 133 152 127 152 134 152 127 153 128 153 134 153 134 154 128 154 135 154 128 155 129 155 135 155 135 156 129 156 136 156 129 157 130 157 136 157 136 158 130 158 137 158 130 159 131 159 137 159 137 160 131 160 138 160 131 161 132 161 138 161 138 162 132 162 104 162 93 163 95 163 94 163 95 164 97 164 94 164 94 165 97 165 139 165 97 166 133 166 139 166 139 167 133 167 140 167 133 168 134 168 140 168 140 169 134 169 141 169 134 170 135 170 141 170 141 171 135 171 142 171 135 172 136 172 142 172 142 173 136 173 143 173 136 174 137 174 143 174 143 175 137 175 144 175 137 176 138 176 144 176 144 177 138 177 104 177 90 178 92 178 91 178 92 179 94 179 91 179 91 180 94 180 145 180 94 181 139 181 145 181 145 182 139 182 146 182 139 183 140 183 146 183 146 184 140 184 147 184 140 185 141 185 147 185 147 186 141 186 148 186 141 187 142 187 148 187 148 188 142 188 149 188 142 189 143 189 149 189 149 190 143 190 150 190 143 191 144 191 150 191 150 192 144 192 104 192 87 193 89 193 88 193 89 194 91 194 88 194 88 195 91 195 151 195 91 196 145 196 151 196 151 197 145 197 152 197 145 198 146 198 152 198 152 199 146 199 153 199 146 200 147 200 153 200 153 201 147 201 154 201 147 202 148 202 154 202 154 203 148 203 155 203 148 204 149 204 155 204 155 205 149 205 156 205 149 206 150 206 156 206 156 207 150 207 104 207 157 208 86 208 158 208 86 209 88 209 158 209 158 210 88 210 159 210 88 211 151 211 159 211 159 212 151 212 160 212 151 213 152 213 160 213 160 214 152 214 161 214 152 215 153 215 161 215 161 216 153 216 162 216 153 217 154 217 162 217 162 218 154 218 163 218 154 219 155 219 163 219 163 220 155 220 164 220 155 221 156 221 164 221 164 222 156 222 104 222 104 223 165 223 166 223 104 224 166 224 164 224 166 225 167 225 164 225 164 226 167 226 163 226 167 227 168 227 163 227 168 228 169 228 163 228 163 229 169 229 162 229 169 230 170 230 162 230 170 231 171 231 162 231 162 232 171 232 161 232 171 233 172 233 161 233 172 234 173 234 161 234 161 235 173 235 160 235 173 236 174 236 160 236 174 237 175 237 160 237 160 238 175 238 159 238 175 239 176 239 159 239 176 240 177 240 159 240 159 241 177 241 158 241 177 242 178 242 158 242 178 243 179 243 158 243 158 244 179 244 157 244 178 245 177 245 180 245 176 246 175 246 181 246 174 247 173 247 182 247 172 248 171 248 183 248 170 249 169 249 184 249 168 250 167 250 185 250 166 251 165 251 186 251 167 252 166 252 185 252 166 253 186 253 185 253 185 254 186 254 187 254 186 255 188 255 187 255 187 256 188 256 189 256 188 257 190 257 189 257 189 258 190 258 191 258 190 259 192 259 191 259 191 260 192 260 193 260 192 261 194 261 193 261 193 262 194 262 195 262 194 263 196 263 195 263 195 264 196 264 197 264 196 265 198 265 197 265 197 266 198 266 199 266 169 267 168 267 184 267 168 268 185 268 184 268 184 269 185 269 200 269 185 270 187 270 200 270 200 271 187 271 201 271 187 272 189 272 201 272 201 273 189 273 202 273 189 274 191 274 202 274 202 275 191 275 203 275 191 276 193 276 203 276 203 277 193 277 204 277 193 278 195 278 204 278 204 279 195 279 205 279 195 280 197 280 205 280 205 281 197 281 199 281 171 282 170 282 183 282 170 283 184 283 183 283 183 284 184 284 206 284 184 285 200 285 206 285 206 286 200 286 207 286 200 287 201 287 207 287 207 288 201 288 208 288 201 289 202 289 208 289 208 290 202 290 209 290 202 291 203 291 209 291 209 292 203 292 210 292 203 293 204 293 210 293 210 294 204 294 211 294 204 295 205 295 211 295 211 296 205 296 199 296 173 297 172 297 182 297 172 298 183 298 182 298 182 299 183 299 212 299 183 300 206 300 212 300 212 301 206 301 213 301 206 302 207 302 213 302 213 303 207 303 214 303 207 304 208 304 214 304 214 305 208 305 215 305 208 306 209 306 215 306 215 307 209 307 216 307 209 308 210 308 216 308 216 309 210 309 217 309 210 310 211 310 217 310 217 311 211 311 199 311 175 312 174 312 181 312 174 313 182 313 181 313 181 314 182 314 218 314 182 315 212 315 218 315 218 316 212 316 219 316 212 317 213 317 219 317 219 318 213 318 220 318 213 319 214 319 220 319 220 320 214 320 221 320 214 321 215 321 221 321 221 322 215 322 222 322 215 323 216 323 222 323 222 324 216 324 223 324 216 325 217 325 223 325 223 326 217 326 199 326 177 327 176 327 180 327 176 328 181 328 180 328 180 329 181 329 224 329 181 330 218 330 224 330 224 331 218 331 225 331 218 332 219 332 225 332 225 333 219 333 226 333 219 334 220 334 226 334 226 335 220 335 227 335 220 336 221 336 227 336 227 337 221 337 228 337 221 338 222 338 228 338 228 339 222 339 229 339 222 340 223 340 229 340 229 341 223 341 199 341 179 342 178 342 230 342 178 343 180 343 230 343 230 344 180 344 231 344 180 345 224 345 231 345 231 346 224 346 232 346 224 347 225 347 232 347 232 348 225 348 233 348 225 349 226 349 233 349 233 350 226 350 234 350 226 351 227 351 234 351 234 352 227 352 235 352 227 353 228 353 235 353 235 354 228 354 236 354 228 355 229 355 236 355 236 356 229 356 199 356 199 357 237 357 238 357 199 358 238 358 236 358 238 359 239 359 236 359 236 360 239 360 235 360 239 361 240 361 235 361 240 362 241 362 235 362 235 363 241 363 234 363 241 364 242 364 234 364 242 365 243 365 234 365 234 366 243 366 233 366 243 367 244 367 233 367 244 368 245 368 233 368 233 369 245 369 232 369 245 370 246 370 232 370 246 371 247 371 232 371 232 372 247 372 231 372 247 373 248 373 231 373 248 374 249 374 231 374 231 375 249 375 230 375 249 376 250 376 230 376 250 377 251 377 230 377 230 378 251 378 179 378 252 379 253 379 254 379 253 380 255 380 254 380 256 381 257 381 258 381 257 382 259 382 258 382 190 383 188 383 260 383 261 384 192 384 262 384 192 385 190 385 262 385 262 386 190 386 263 386 190 387 260 387 263 387 186 388 165 388 264 388 264 389 265 389 186 389 265 390 266 390 186 390 186 391 266 391 188 391 266 392 267 392 188 392 188 393 267 393 260 393 199 394 198 394 268 394 198 395 269 395 268 395 269 396 198 396 270 396 198 397 196 397 270 397 270 398 196 398 271 398 271 399 196 399 272 399 196 400 194 400 272 400 272 401 194 401 273 401 273 402 194 402 274 402 194 403 192 403 274 403 274 404 192 404 275 404 192 405 261 405 275 405 275 406 261 406 276 406 277 407 278 407 279 407 278 408 280 408 279 408 281 409 282 409 283 409 282 410 284 410 283 410 285 411 286 411 287 411 286 412 288 412 287 412 287 413 288 413 289 413 290 414 291 414 292 414 291 415 293 415 292 415 294 416 295 416 296 416 287 417 297 417 296 417 297 418 298 418 296 418 296 419 298 419 294 419 287 420 289 420 299 420 299 421 300 421 287 421 300 422 301 422 287 422 287 423 301 423 297 423 302 424 303 424 304 424 303 425 305 425 304 425 306 426 307 426 308 426 307 427 309 427 308 427 308 428 309 428 310 428 309 429 311 429 310 429 312 430 309 430 313 430 309 431 307 431 313 431 314 432 315 432 316 432 317 433 318 433 319 433 320 434 321 434 322 434 323 435 84 435 85 435 324 436 323 436 325 436 326 437 324 437 327 437 328 438 326 438 329 438 330 439 331 439 332 439 333 440 334 440 335 440 333 441 335 441 336 441 335 442 337 442 336 442 336 443 337 443 330 443 338 444 339 444 340 444 339 445 341 445 340 445 340 446 341 446 342 446 342 447 343 447 344 447 343 448 345 448 344 448 346 449 347 449 348 449 347 450 349 450 348 450 350 451 351 451 352 451 351 452 353 452 352 452 350 453 352 453 354 453 352 454 355 454 354 454 354 455 355 455 356 455 349 456 357 456 348 456 357 457 358 457 348 457 348 458 358 458 359 458 360 459 361 459 362 459 346 460 348 460 363 460 348 461 359 461 363 461 363 462 359 462 353 462 359 463 360 463 353 463 353 464 360 464 352 464 360 465 362 465 352 465 352 466 362 466 355 466 361 467 360 467 364 467 360 468 359 468 364 468 364 469 359 469 365 469 359 470 358 470 365 470 365 471 358 471 366 471 345 472 343 472 349 472 343 473 367 473 349 473 349 474 367 474 357 474 367 475 322 475 357 475 357 476 322 476 358 476 322 477 321 477 358 477 358 478 321 478 366 478 342 479 341 479 343 479 341 480 368 480 343 480 343 481 368 481 367 481 368 482 369 482 367 482 367 483 369 483 322 483 369 484 370 484 322 484 322 485 370 485 320 485 371 486 372 486 373 486 332 487 331 487 338 487 331 488 374 488 338 488 338 489 374 489 339 489 374 490 375 490 339 490 339 491 375 491 341 491 375 492 376 492 341 492 341 493 376 493 368 493 376 494 371 494 368 494 368 495 371 495 369 495 371 496 373 496 369 496 369 497 373 497 370 497 330 498 337 498 331 498 337 499 377 499 331 499 331 500 377 500 374 500 377 501 378 501 374 501 374 502 378 502 375 502 378 503 379 503 375 503 375 504 379 504 376 504 379 505 380 505 376 505 376 506 380 506 371 506 380 507 381 507 371 507 371 508 381 508 372 508 382 509 383 509 384 509 385 510 328 510 386 510 328 511 387 511 386 511 386 512 387 512 334 512 387 513 388 513 334 513 334 514 388 514 335 514 388 515 389 515 335 515 335 516 389 516 337 516 389 517 390 517 337 517 337 518 390 518 377 518 390 519 391 519 377 519 377 520 391 520 378 520 391 521 392 521 378 521 378 522 392 522 379 522 392 523 382 523 379 523 379 524 382 524 380 524 382 525 384 525 380 525 380 526 384 526 381 526 328 527 329 527 387 527 329 528 393 528 387 528 387 529 393 529 388 529 393 530 394 530 388 530 388 531 394 531 389 531 394 532 395 532 389 532 389 533 395 533 390 533 395 534 396 534 390 534 390 535 396 535 391 535 396 536 397 536 391 536 391 537 397 537 392 537 397 538 319 538 392 538 392 539 319 539 382 539 319 540 318 540 382 540 382 541 318 541 383 541 326 542 327 542 329 542 327 543 398 543 329 543 329 544 398 544 393 544 398 545 399 545 393 545 393 546 399 546 394 546 399 547 400 547 394 547 394 548 400 548 395 548 400 549 401 549 395 549 395 550 401 550 396 550 401 551 402 551 396 551 396 552 402 552 397 552 402 553 403 553 397 553 397 554 403 554 319 554 403 555 404 555 319 555 319 556 404 556 317 556 324 557 325 557 327 557 325 558 405 558 327 558 327 559 405 559 398 559 405 560 406 560 398 560 398 561 406 561 399 561 406 562 407 562 399 562 399 563 407 563 400 563 407 564 408 564 400 564 400 565 408 565 401 565 408 566 409 566 401 566 401 567 409 567 402 567 409 568 316 568 402 568 402 569 316 569 403 569 316 570 315 570 403 570 403 571 315 571 404 571 323 572 85 572 325 572 85 573 77 573 325 573 325 574 77 574 405 574 77 575 78 575 405 575 405 576 78 576 406 576 78 577 83 577 406 577 406 578 83 578 407 578 83 579 82 579 407 579 407 580 82 580 408 580 82 581 81 581 408 581 408 582 81 582 409 582 81 583 79 583 409 583 409 584 79 584 316 584 79 585 80 585 316 585 316 586 80 586 314 586 410 587 411 587 412 587 411 588 413 588 412 588 414 589 415 589 116 589 415 590 416 590 116 590 116 591 416 591 115 591 416 592 113 592 115 592 414 593 116 593 417 593 116 594 118 594 417 594 417 595 118 595 418 595 118 596 119 596 418 596 418 597 119 597 419 597 119 598 121 598 419 598 419 599 121 599 420 599 121 600 122 600 420 600 420 601 122 601 421 601 122 602 123 602 421 602 421 603 123 603 422 603 123 604 126 604 422 604 126 605 125 605 422 605 422 606 125 606 423 606 416 607 424 607 113 607 424 608 425 608 113 608 113 609 425 609 112 609 425 610 426 610 112 610 112 611 426 611 110 611 426 612 427 612 110 612 110 613 427 613 109 613 427 614 428 614 109 614 109 615 428 615 107 615 428 616 429 616 107 616 107 617 429 617 106 617 429 618 430 618 106 618 106 619 430 619 104 619 431 620 432 620 433 620 432 621 434 621 433 621 435 622 436 622 437 622 436 623 438 623 437 623 295 624 439 624 296 624 439 625 440 625 296 625 250 626 249 626 441 626 248 627 247 627 442 627 246 628 245 628 443 628 244 629 243 629 444 629 242 630 241 630 445 630 240 631 239 631 446 631 447 632 448 632 449 632 447 633 450 633 451 633 451 634 450 634 452 634 450 635 453 635 452 635 452 636 453 636 454 636 449 637 448 637 455 637 454 638 453 638 456 638 453 639 457 639 456 639 456 640 457 640 458 640 448 641 459 641 455 641 459 642 460 642 455 642 455 643 460 643 461 643 458 644 457 644 462 644 457 645 463 645 462 645 462 646 463 646 464 646 460 647 465 647 461 647 465 648 466 648 461 648 461 649 466 649 467 649 466 650 468 650 467 650 464 651 463 651 469 651 463 652 470 652 469 652 469 653 470 653 471 653 468 654 472 654 467 654 472 655 473 655 467 655 467 656 473 656 474 656 471 657 470 657 475 657 470 658 476 658 475 658 475 659 476 659 477 659 473 660 478 660 474 660 478 661 479 661 474 661 474 662 479 662 480 662 477 663 476 663 481 663 476 664 446 664 481 664 481 665 446 665 482 665 479 666 483 666 480 666 483 667 484 667 480 667 480 668 484 668 441 668 238 669 237 669 485 669 482 670 446 670 485 670 446 671 239 671 485 671 485 672 239 672 238 672 241 673 240 673 445 673 240 674 446 674 445 674 445 675 446 675 486 675 446 676 476 676 486 676 486 677 476 677 487 677 476 678 470 678 487 678 487 679 470 679 488 679 470 680 463 680 488 680 488 681 463 681 489 681 463 682 457 682 489 682 489 683 457 683 490 683 457 684 453 684 490 684 490 685 453 685 491 685 453 686 450 686 491 686 491 687 450 687 447 687 243 688 242 688 444 688 242 689 445 689 444 689 444 690 445 690 492 690 445 691 486 691 492 691 492 692 486 692 493 692 486 693 487 693 493 693 493 694 487 694 494 694 487 695 488 695 494 695 494 696 488 696 495 696 488 697 489 697 495 697 495 698 489 698 496 698 489 699 490 699 496 699 496 700 490 700 497 700 490 701 491 701 497 701 497 702 491 702 447 702 245 703 244 703 443 703 244 704 444 704 443 704 443 705 444 705 498 705 444 706 492 706 498 706 498 707 492 707 499 707 492 708 493 708 499 708 499 709 493 709 500 709 493 710 494 710 500 710 500 711 494 711 501 711 494 712 495 712 501 712 501 713 495 713 502 713 495 714 496 714 502 714 502 715 496 715 503 715 496 716 497 716 503 716 503 717 497 717 447 717 247 718 246 718 442 718 246 719 443 719 442 719 442 720 443 720 504 720 443 721 498 721 504 721 504 722 498 722 505 722 498 723 499 723 505 723 505 724 499 724 506 724 499 725 500 725 506 725 506 726 500 726 507 726 500 727 501 727 507 727 507 728 501 728 508 728 501 729 502 729 508 729 508 730 502 730 509 730 502 731 503 731 509 731 509 732 503 732 447 732 249 733 248 733 441 733 248 734 442 734 441 734 441 735 442 735 480 735 442 736 504 736 480 736 480 737 504 737 474 737 504 738 505 738 474 738 474 739 505 739 467 739 505 740 506 740 467 740 467 741 506 741 461 741 506 742 507 742 461 742 461 743 507 743 455 743 507 744 508 744 455 744 455 745 508 745 449 745 508 746 509 746 449 746 449 747 509 747 447 747 251 748 250 748 510 748 250 749 441 749 510 749 510 750 441 750 511 750 441 751 484 751 511 751 512 752 513 752 514 752 513 753 515 753 514 753 516 754 517 754 518 754 517 755 519 755 518 755 518 756 519 756 520 756 521 757 522 757 523 757 524 758 525 758 520 758 524 759 520 759 526 759 525 760 527 760 520 760 527 761 528 761 520 761 520 762 528 762 529 762 523 763 530 763 521 763 530 764 531 764 521 764 521 765 531 765 532 765 532 766 533 766 521 766 533 767 534 767 521 767 521 768 534 768 535 768 519 769 536 769 520 769 536 770 537 770 520 770 520 771 537 771 526 771 534 772 538 772 535 772 538 773 539 773 535 773 535 774 539 774 519 774 539 775 540 775 519 775 519 776 540 776 536 776 541 777 542 777 543 777 544 778 545 778 546 778 547 779 548 779 549 779 550 780 551 780 552 780 553 781 554 781 555 781 556 782 557 782 558 782 559 783 560 783 561 783 562 784 563 784 564 784 565 785 566 785 567 785 568 786 569 786 570 786 571 787 572 787 573 787 572 788 574 788 573 788 573 789 574 789 575 789 568 790 570 790 576 790 570 791 577 791 576 791 576 792 577 792 578 792 577 793 579 793 578 793 578 794 579 794 580 794 579 795 581 795 580 795 580 796 581 796 582 796 581 797 583 797 582 797 582 798 583 798 584 798 583 799 585 799 584 799 584 800 585 800 586 800 585 801 587 801 586 801 586 802 587 802 588 802 587 803 589 803 588 803 588 804 589 804 590 804 589 805 591 805 590 805 590 806 591 806 592 806 593 807 594 807 595 807 594 808 596 808 595 808 595 809 596 809 591 809 596 810 597 810 591 810 591 811 597 811 592 811 598 812 599 812 593 812 599 813 600 813 593 813 593 814 600 814 594 814 601 815 602 815 603 815 602 816 604 816 603 816 603 817 604 817 605 817 606 818 607 818 608 818 607 819 609 819 608 819 559 820 610 820 611 820 610 821 612 821 611 821 611 822 612 822 613 822 614 823 615 823 616 823 615 824 613 824 616 824 616 825 613 825 617 825 575 826 614 826 573 826 614 827 569 827 573 827 573 828 569 828 571 828 569 829 568 829 571 829 559 830 561 830 610 830 561 831 618 831 610 831 610 832 618 832 619 832 618 833 620 833 619 833 620 834 621 834 619 834 619 835 621 835 622 835 621 836 623 836 622 836 623 837 624 837 622 837 622 838 624 838 625 838 624 839 626 839 625 839 626 840 627 840 625 840 625 841 627 841 628 841 627 842 629 842 628 842 629 843 630 843 628 843 628 844 630 844 631 844 630 845 632 845 631 845 632 846 633 846 631 846 631 847 633 847 634 847 633 848 635 848 634 848 635 849 636 849 634 849 634 850 636 850 637 850 638 851 639 851 640 851 639 852 637 852 640 852 640 853 637 853 641 853 637 854 636 854 641 854 613 855 612 855 617 855 612 856 610 856 617 856 617 857 610 857 642 857 610 858 619 858 642 858 642 859 619 859 643 859 619 860 622 860 643 860 643 861 622 861 644 861 622 862 625 862 644 862 644 863 625 863 645 863 625 864 628 864 645 864 645 865 628 865 646 865 628 866 631 866 646 866 646 867 631 867 647 867 631 868 634 868 647 868 647 869 634 869 648 869 634 870 637 870 648 870 648 871 637 871 649 871 637 872 639 872 649 872 649 873 639 873 650 873 614 874 616 874 569 874 616 875 617 875 569 875 569 876 617 876 570 876 617 877 642 877 570 877 570 878 642 878 577 878 642 879 643 879 577 879 577 880 643 880 579 880 643 881 644 881 579 881 579 882 644 882 581 882 644 883 645 883 581 883 581 884 645 884 583 884 645 885 646 885 583 885 583 886 646 886 585 886 646 887 647 887 585 887 585 888 647 888 587 888 647 889 648 889 587 889 587 890 648 890 589 890 648 891 649 891 589 891 589 892 649 892 591 892 649 893 650 893 591 893 591 894 650 894 595 894 638 895 556 895 639 895 556 896 558 896 639 896 639 897 558 897 650 897 558 898 651 898 650 898 650 899 651 899 595 899 651 900 652 900 595 900 595 901 652 901 593 901 652 902 605 902 593 902 593 903 605 903 598 903 605 904 604 904 598 904 557 905 553 905 558 905 553 906 555 906 558 906 558 907 555 907 651 907 555 908 653 908 651 908 651 909 653 909 652 909 653 910 654 910 652 910 652 911 654 911 605 911 654 912 655 912 605 912 605 913 655 913 603 913 655 914 656 914 603 914 603 915 656 915 601 915 656 916 567 916 601 916 601 917 567 917 657 917 567 918 566 918 657 918 554 919 550 919 555 919 550 920 552 920 555 920 555 921 552 921 653 921 552 922 658 922 653 922 653 923 658 923 654 923 658 924 659 924 654 924 654 925 659 925 655 925 659 926 660 926 655 926 655 927 660 927 656 927 660 928 661 928 656 928 656 929 661 929 567 929 661 930 662 930 567 930 567 931 662 931 565 931 662 932 564 932 565 932 565 933 564 933 663 933 564 934 563 934 663 934 551 935 547 935 552 935 547 936 549 936 552 936 552 937 549 937 658 937 549 938 664 938 658 938 658 939 664 939 659 939 664 940 665 940 659 940 659 941 665 941 660 941 665 942 666 942 660 942 660 943 666 943 661 943 666 944 667 944 661 944 661 945 667 945 662 945 667 946 668 946 662 946 662 947 668 947 564 947 668 948 608 948 564 948 564 949 608 949 562 949 608 950 609 950 562 950 548 951 544 951 549 951 544 952 546 952 549 952 549 953 546 953 664 953 546 954 669 954 664 954 664 955 669 955 665 955 669 956 670 956 665 956 665 957 670 957 666 957 670 958 671 958 666 958 666 959 671 959 667 959 671 960 672 960 667 960 667 961 672 961 668 961 672 962 673 962 668 962 668 963 673 963 608 963 673 964 674 964 608 964 608 965 674 965 606 965 674 966 675 966 606 966 545 967 541 967 546 967 541 968 543 968 546 968 546 969 543 969 669 969 543 970 676 970 669 970 669 971 676 971 670 971 676 972 677 972 670 972 670 973 677 973 671 973 677 974 678 974 671 974 671 975 678 975 672 975 678 976 679 976 672 976 672 977 679 977 673 977 679 978 680 978 673 978 673 979 680 979 674 979 680 980 681 980 674 980 674 981 681 981 675 981 681 982 682 982 675 982 683 983 684 983 685 983 684 984 686 984 685 984 685 985 686 985 687 985 688 986 286 986 689 986 286 987 285 987 689 987 690 988 691 988 692 988 693 989 694 989 692 989 694 990 695 990 692 990 692 991 695 991 690 991 696 992 697 992 698 992 697 993 699 993 698 993 700 994 701 994 702 994 701 995 703 995 702 995 535 996 519 996 704 996 519 997 517 997 704 997 705 998 696 998 706 998 696 999 698 999 706 999 707 1000 708 1000 709 1000 710 1001 711 1001 712 1001 713 1002 714 1002 715 1002 716 1003 717 1003 718 1003 719 1004 720 1004 721 1004 722 1005 723 1005 724 1005 725 1006 726 1006 727 1006 728 1007 729 1007 730 1007 731 1008 732 1008 733 1008 734 1009 735 1009 736 1009 737 1010 738 1010 739 1010 740 1011 741 1011 742 1011 743 1012 744 1012 745 1012 746 1013 747 1013 748 1013 749 1014 750 1014 751 1014 752 1015 753 1015 754 1015 755 1016 756 1016 757 1016 758 1017 759 1017 760 1017 761 1018 760 1018 762 1018 763 1019 762 1019 764 1019 765 1020 764 1020 766 1020 767 1021 766 1021 768 1021 769 1022 770 1022 771 1022 772 1023 773 1023 750 1023 774 1024 775 1024 776 1024 774 1025 777 1025 778 1025 777 1026 779 1026 778 1026 773 1027 780 1027 750 1027 780 1028 779 1028 750 1028 750 1029 779 1029 751 1029 779 1030 777 1030 751 1030 751 1031 777 1031 781 1031 770 1032 782 1032 771 1032 782 1033 783 1033 771 1033 771 1034 783 1034 784 1034 785 1035 786 1035 787 1035 786 1036 788 1036 787 1036 787 1037 788 1037 789 1037 786 1038 769 1038 788 1038 769 1039 771 1039 788 1039 788 1040 771 1040 749 1040 771 1041 784 1041 749 1041 749 1042 784 1042 750 1042 784 1043 790 1043 750 1043 750 1044 790 1044 772 1044 791 1045 792 1045 793 1045 792 1046 794 1046 793 1046 794 1047 795 1047 793 1047 793 1048 795 1048 796 1048 797 1049 756 1049 798 1049 756 1050 755 1050 798 1050 798 1051 755 1051 799 1051 800 1052 801 1052 802 1052 801 1053 803 1053 802 1053 802 1054 803 1054 804 1054 803 1055 805 1055 804 1055 806 1056 807 1056 808 1056 807 1057 800 1057 808 1057 808 1058 800 1058 809 1058 800 1059 802 1059 809 1059 809 1060 802 1060 810 1060 802 1061 804 1061 810 1061 811 1062 812 1062 813 1062 812 1063 814 1063 813 1063 813 1064 814 1064 815 1064 774 1065 776 1065 777 1065 776 1066 816 1066 777 1066 777 1067 816 1067 781 1067 816 1068 817 1068 781 1068 781 1069 817 1069 818 1069 810 1070 797 1070 809 1070 797 1071 798 1071 809 1071 809 1072 798 1072 808 1072 798 1073 799 1073 808 1073 808 1074 799 1074 806 1074 799 1075 819 1075 806 1075 806 1076 819 1076 820 1076 819 1077 815 1077 820 1077 727 1078 821 1078 822 1078 821 1079 767 1079 822 1079 822 1080 767 1080 823 1080 767 1081 768 1081 823 1081 823 1082 768 1082 791 1082 815 1083 819 1083 813 1083 819 1084 799 1084 813 1084 813 1085 799 1085 824 1085 799 1086 755 1086 824 1086 824 1087 755 1087 825 1087 755 1088 757 1088 825 1088 825 1089 757 1089 759 1089 826 1090 827 1090 828 1090 829 1091 830 1091 826 1091 830 1092 831 1092 826 1092 826 1093 831 1093 827 1093 759 1094 758 1094 825 1094 758 1095 832 1095 825 1095 825 1096 832 1096 824 1096 832 1097 739 1097 824 1097 824 1098 739 1098 813 1098 739 1099 738 1099 813 1099 813 1100 738 1100 811 1100 760 1101 761 1101 758 1101 761 1102 833 1102 758 1102 758 1103 833 1103 832 1103 833 1104 736 1104 832 1104 832 1105 736 1105 739 1105 736 1106 735 1106 739 1106 739 1107 735 1107 737 1107 762 1108 763 1108 761 1108 763 1109 834 1109 761 1109 761 1110 834 1110 833 1110 834 1111 733 1111 833 1111 833 1112 733 1112 736 1112 733 1113 732 1113 736 1113 736 1114 732 1114 734 1114 764 1115 765 1115 763 1115 765 1116 835 1116 763 1116 763 1117 835 1117 834 1117 835 1118 730 1118 834 1118 834 1119 730 1119 733 1119 730 1120 729 1120 733 1120 733 1121 729 1121 731 1121 766 1122 767 1122 765 1122 767 1123 821 1123 765 1123 765 1124 821 1124 835 1124 821 1125 727 1125 835 1125 835 1126 727 1126 730 1126 727 1127 726 1127 730 1127 730 1128 726 1128 728 1128 791 1129 793 1129 823 1129 793 1130 836 1130 823 1130 823 1131 836 1131 822 1131 836 1132 724 1132 822 1132 822 1133 724 1133 727 1133 724 1134 723 1134 727 1134 727 1135 723 1135 725 1135 785 1136 787 1136 796 1136 787 1137 789 1137 796 1137 796 1138 789 1138 793 1138 789 1139 837 1139 793 1139 793 1140 837 1140 836 1140 837 1141 721 1141 836 1141 836 1142 721 1142 724 1142 721 1143 720 1143 724 1143 724 1144 720 1144 722 1144 818 1145 752 1145 781 1145 752 1146 754 1146 781 1146 781 1147 754 1147 751 1147 754 1148 838 1148 751 1148 751 1149 838 1149 749 1149 838 1150 839 1150 749 1150 749 1151 839 1151 788 1151 839 1152 840 1152 788 1152 788 1153 840 1153 789 1153 840 1154 841 1154 789 1154 789 1155 841 1155 837 1155 841 1156 718 1156 837 1156 837 1157 718 1157 721 1157 718 1158 717 1158 721 1158 721 1159 717 1159 719 1159 753 1160 746 1160 754 1160 746 1161 748 1161 754 1161 754 1162 748 1162 838 1162 748 1163 842 1163 838 1163 838 1164 842 1164 839 1164 842 1165 843 1165 839 1165 839 1166 843 1166 840 1166 843 1167 844 1167 840 1167 840 1168 844 1168 841 1168 844 1169 715 1169 841 1169 841 1170 715 1170 718 1170 715 1171 714 1171 718 1171 718 1172 714 1172 716 1172 747 1173 743 1173 748 1173 743 1174 745 1174 748 1174 748 1175 745 1175 842 1175 745 1176 845 1176 842 1176 842 1177 845 1177 843 1177 845 1178 846 1178 843 1178 843 1179 846 1179 844 1179 846 1180 712 1180 844 1180 844 1181 712 1181 715 1181 712 1182 711 1182 715 1182 715 1183 711 1183 713 1183 744 1184 740 1184 745 1184 740 1185 742 1185 745 1185 745 1186 742 1186 845 1186 742 1187 847 1187 845 1187 845 1188 847 1188 846 1188 847 1189 709 1189 846 1189 846 1190 709 1190 712 1190 709 1191 708 1191 712 1191 712 1192 708 1192 710 1192 741 1193 829 1193 742 1193 829 1194 826 1194 742 1194 742 1195 826 1195 847 1195 826 1196 828 1196 847 1196 847 1197 828 1197 709 1197 828 1198 848 1198 709 1198 709 1199 848 1199 707 1199 831 1200 849 1200 827 1200 849 1201 850 1201 827 1201 827 1202 850 1202 851 1202 851 1203 852 1203 827 1203 852 1204 853 1204 827 1204 827 1205 853 1205 828 1205 853 1206 854 1206 828 1206 828 1207 854 1207 848 1207 279 1208 280 1208 855 1208 280 1209 856 1209 855 1209 855 1210 856 1210 857 1210 282 1211 688 1211 284 1211 688 1212 689 1212 284 1212 308 1213 302 1213 306 1213 302 1214 304 1214 306 1214 858 1215 859 1215 860 1215 859 1216 861 1216 860 1216 860 1217 861 1217 862 1217 863 1218 72 1218 864 1218 72 1219 30 1219 864 1219 864 1220 30 1220 865 1220 30 1221 31 1221 865 1221 865 1222 31 1222 866 1222 867 1223 863 1223 862 1223 863 1224 866 1224 862 1224 862 1225 866 1225 860 1225 866 1226 31 1226 860 1226 860 1227 31 1227 868 1227 31 1228 869 1228 868 1228 868 1229 869 1229 870 1229 869 1230 871 1230 870 1230 870 1231 871 1231 872 1231 870 1232 873 1232 874 1232 872 1233 875 1233 870 1233 875 1234 876 1234 870 1234 870 1235 876 1235 877 1235 877 1236 878 1236 870 1236 878 1237 879 1237 870 1237 870 1238 879 1238 873 1238 874 1239 880 1239 870 1239 880 1240 881 1240 870 1240 870 1241 881 1241 882 1241 882 1242 883 1242 870 1242 883 1243 884 1243 870 1243 870 1244 884 1244 885 1244 885 1245 886 1245 870 1245 886 1246 887 1246 870 1246 870 1247 887 1247 888 1247 888 1248 889 1248 870 1248 889 1249 890 1249 870 1249 870 1250 890 1250 891 1250 892 1251 893 1251 73 1251 893 1252 894 1252 73 1252 894 1253 895 1253 73 1253 73 1254 895 1254 896 1254 896 1255 897 1255 73 1255 897 1256 898 1256 73 1256 73 1257 898 1257 899 1257 867 1258 859 1258 863 1258 859 1259 858 1259 863 1259 863 1260 858 1260 72 1260 858 1261 870 1261 72 1261 72 1262 870 1262 73 1262 870 1263 891 1263 73 1263 73 1264 891 1264 892 1264 899 1265 900 1265 73 1265 900 1266 901 1266 73 1266 73 1267 901 1267 902 1267 902 1268 903 1268 73 1268 903 1269 904 1269 73 1269 73 1270 904 1270 905 1270 906 1271 80 1271 907 1271 80 1272 73 1272 907 1272 907 1273 73 1273 908 1273 73 1274 905 1274 908 1274 909 1275 410 1275 432 1275 410 1276 412 1276 432 1276 258 1277 910 1277 256 1277 910 1278 911 1278 256 1278 912 1279 913 1279 914 1279 310 1280 311 1280 915 1280 310 1281 915 1281 916 1281 915 1282 917 1282 916 1282 917 1283 918 1283 916 1283 916 1284 918 1284 919 1284 920 1285 921 1285 922 1285 923 1286 924 1286 914 1286 924 1287 925 1287 914 1287 914 1288 925 1288 912 1288 926 1289 927 1289 923 1289 927 1290 928 1290 923 1290 923 1291 928 1291 924 1291 929 1292 930 1292 926 1292 930 1293 931 1293 926 1293 926 1294 931 1294 927 1294 918 1295 932 1295 919 1295 932 1296 933 1296 919 1296 919 1297 933 1297 922 1297 933 1298 934 1298 922 1298 922 1299 934 1299 920 1299 934 1300 935 1300 920 1300 920 1301 935 1301 929 1301 935 1302 936 1302 929 1302 929 1303 936 1303 930 1303 922 1304 303 1304 919 1304 303 1305 916 1305 919 1305 302 1306 308 1306 303 1306 308 1307 310 1307 303 1307 303 1308 310 1308 916 1308 303 1309 922 1309 305 1309 922 1310 921 1310 305 1310 937 1311 938 1311 939 1311 938 1312 940 1312 939 1312 703 1313 941 1313 942 1313 703 1314 942 1314 702 1314 942 1315 943 1315 702 1315 702 1316 943 1316 944 1316 540 1317 539 1317 851 1317 539 1318 542 1318 851 1318 945 1319 946 1319 947 1319 946 1320 948 1320 947 1320 949 1321 950 1321 951 1321 950 1322 952 1322 951 1322 953 1323 954 1323 955 1323 954 1324 956 1324 955 1324 675 1325 957 1325 606 1325 957 1326 607 1326 606 1326 675 1327 682 1327 957 1327 682 1328 522 1328 957 1328 957 1329 522 1329 691 1329 684 1330 958 1330 686 1330 958 1331 692 1331 686 1331 686 1332 692 1332 433 1332 692 1333 691 1333 433 1333 433 1334 691 1334 431 1334 691 1335 522 1335 431 1335 431 1336 522 1336 959 1336 522 1337 521 1337 959 1337 959 1338 521 1338 960 1338 521 1339 961 1339 960 1339 938 1340 937 1340 962 1340 937 1341 963 1341 962 1341 964 1342 295 1342 965 1342 295 1343 294 1343 965 1343 964 1344 966 1344 295 1344 966 1345 967 1345 295 1345 295 1346 967 1346 439 1346 967 1347 968 1347 439 1347 439 1348 968 1348 969 1348 959 1349 909 1349 431 1349 909 1350 432 1350 431 1350 970 1351 704 1351 971 1351 704 1352 517 1352 971 1352 971 1353 517 1353 972 1353 517 1354 516 1354 972 1354 973 1355 953 1355 974 1355 953 1356 955 1356 974 1356 975 1357 856 1357 695 1357 856 1358 280 1358 695 1358 695 1359 280 1359 690 1359 280 1360 278 1360 690 1360 690 1361 278 1361 976 1361 278 1362 413 1362 976 1362 977 1363 518 1363 411 1363 518 1364 520 1364 411 1364 411 1365 520 1365 413 1365 520 1366 529 1366 413 1366 413 1367 529 1367 976 1367 529 1368 817 1368 976 1368 817 1369 816 1369 976 1369 816 1370 776 1370 976 1370 976 1371 776 1371 775 1371 978 1372 979 1372 940 1372 979 1373 939 1373 940 1373 432 1374 412 1374 434 1374 412 1375 277 1375 434 1375 980 1376 981 1376 982 1376 981 1377 983 1377 982 1377 984 1378 985 1378 986 1378 946 1379 945 1379 987 1379 259 1380 981 1380 980 1380 697 1381 696 1381 988 1381 696 1382 705 1382 988 1382 293 1383 986 1383 292 1383 986 1384 989 1384 292 1384 292 1385 989 1385 990 1385 989 1386 991 1386 990 1386 254 1387 255 1387 986 1387 992 1388 993 1388 286 1388 993 1389 994 1389 286 1389 994 1390 995 1390 286 1390 286 1391 995 1391 288 1391 987 1392 984 1392 946 1392 984 1393 986 1393 946 1393 946 1394 986 1394 973 1394 986 1395 293 1395 973 1395 973 1396 293 1396 953 1396 293 1397 954 1397 953 1397 980 1398 254 1398 259 1398 254 1399 986 1399 259 1399 259 1400 986 1400 258 1400 986 1401 985 1401 258 1401 258 1402 985 1402 910 1402 985 1403 996 1403 910 1403 688 1404 282 1404 286 1404 282 1405 281 1405 286 1405 986 1406 997 1406 998 1406 992 1407 286 1407 999 1407 286 1408 281 1408 999 1408 999 1409 281 1409 998 1409 281 1410 988 1410 998 1410 998 1411 988 1411 986 1411 988 1412 705 1412 986 1412 986 1413 705 1413 989 1413 951 1414 952 1414 986 1414 1000 1415 1001 1415 255 1415 1001 1416 1002 1416 255 1416 255 1417 1002 1417 986 1417 1002 1418 1003 1418 986 1418 438 1419 1004 1419 1005 1419 1005 1420 951 1420 438 1420 951 1421 986 1421 438 1421 438 1422 986 1422 437 1422 986 1423 1003 1423 437 1423 437 1424 1003 1424 512 1424 1003 1425 513 1425 512 1425 1006 1426 1007 1426 952 1426 1007 1427 1008 1427 952 1427 1009 1428 1010 1428 952 1428 1010 1429 1011 1429 952 1429 952 1430 1011 1430 986 1430 1008 1431 1012 1431 952 1431 1012 1432 1013 1432 952 1432 952 1433 1013 1433 1009 1433 691 1434 690 1434 957 1434 690 1435 976 1435 957 1435 957 1436 976 1436 1014 1436 976 1437 1015 1437 1014 1437 1015 1438 1016 1438 1014 1438 1016 1439 1017 1439 1014 1439 1014 1440 1017 1440 1018 1440 1019 1441 1020 1441 1018 1441 1020 1442 1021 1442 1018 1442 1018 1443 1021 1443 1014 1443 1019 1444 1022 1444 1020 1444 1022 1445 1023 1445 1020 1445 1020 1446 1023 1446 1024 1446 1023 1447 1025 1447 1024 1447 1014 1448 1026 1448 957 1448 1026 1449 1027 1449 957 1449 957 1450 1027 1450 1028 1450 1029 1451 1030 1451 957 1451 1030 1452 1031 1452 957 1452 1032 1453 1033 1453 1023 1453 1033 1454 1034 1454 1023 1454 1023 1455 1034 1455 1025 1455 1028 1456 1035 1456 957 1456 1035 1457 1036 1457 957 1457 957 1458 1036 1458 1037 1458 1037 1459 1038 1459 957 1459 1038 1460 1039 1460 957 1460 957 1461 1039 1461 1029 1461 1031 1462 1040 1462 957 1462 1040 1463 1041 1463 957 1463 957 1464 1041 1464 1042 1464 1041 1465 1043 1465 1042 1465 38 1466 1044 1466 39 1466 1044 1467 1045 1467 39 1467 1046 1468 1047 1468 1014 1468 1047 1469 1026 1469 1014 1469 9 1470 7 1470 125 1470 1048 1471 423 1471 1 1471 423 1472 3 1472 1 1472 125 1473 7 1473 423 1473 7 1474 5 1474 423 1474 423 1475 5 1475 3 1475 125 1476 29 1476 27 1476 15 1477 13 1477 125 1477 13 1478 11 1478 125 1478 125 1479 11 1479 9 1479 1049 1480 1050 1480 125 1480 1050 1481 1051 1481 125 1481 125 1482 1051 1482 1052 1482 27 1483 25 1483 125 1483 25 1484 23 1484 125 1484 125 1485 23 1485 21 1485 21 1486 19 1486 125 1486 19 1487 17 1487 125 1487 125 1488 17 1488 15 1488 1052 1489 869 1489 125 1489 869 1490 31 1490 125 1490 125 1491 31 1491 29 1491 910 1492 996 1492 911 1492 996 1493 1053 1493 911 1493 1049 1494 125 1494 124 1494 1049 1495 124 1495 1054 1495 124 1496 102 1496 1054 1496 1054 1497 102 1497 1055 1497 102 1498 101 1498 1055 1498 101 1499 99 1499 1055 1499 1055 1500 99 1500 1056 1500 99 1501 98 1501 1056 1501 98 1502 96 1502 1056 1502 1056 1503 96 1503 1057 1503 96 1504 95 1504 1057 1504 95 1505 93 1505 1057 1505 1057 1506 93 1506 1058 1506 93 1507 92 1507 1058 1507 92 1508 90 1508 1058 1508 1058 1509 90 1509 1059 1509 90 1510 89 1510 1059 1510 89 1511 87 1511 1059 1511 1059 1512 87 1512 1060 1512 87 1513 86 1513 1060 1513 86 1514 157 1514 1060 1514 1060 1515 157 1515 1061 1515 693 1516 692 1516 943 1516 692 1517 958 1517 943 1517 943 1518 958 1518 944 1518 437 1519 512 1519 435 1519 512 1520 514 1520 435 1520 1050 1521 1049 1521 1062 1521 1050 1522 1062 1522 1063 1522 1062 1523 1064 1523 1063 1523 1063 1524 1064 1524 1065 1524 1065 1525 1064 1525 1066 1525 1064 1526 1067 1526 1066 1526 1066 1527 1067 1527 1068 1527 1068 1528 1067 1528 1069 1528 1067 1529 1070 1529 1069 1529 1069 1530 1070 1530 1071 1530 1071 1531 1070 1531 1072 1531 1070 1532 1073 1532 1072 1532 1072 1533 1073 1533 1074 1533 1074 1534 1073 1534 1075 1534 1073 1535 1076 1535 1075 1535 1075 1536 1076 1536 1077 1536 1077 1537 1076 1537 1078 1537 1076 1538 1079 1538 1078 1538 1078 1539 1079 1539 1080 1539 1080 1540 1079 1540 1081 1540 1079 1541 1082 1541 1081 1541 1081 1542 1082 1542 1083 1542 1083 1543 1082 1543 1084 1543 1082 1544 1085 1544 1084 1544 1084 1545 1085 1545 1086 1545 1086 1546 1085 1546 1087 1546 1085 1547 1088 1547 1087 1547 1087 1548 1088 1548 1089 1548 1089 1549 1088 1549 1090 1549 1088 1550 1091 1550 1090 1550 1090 1551 1091 1551 1092 1551 1092 1552 1091 1552 1093 1552 1091 1553 1094 1553 1093 1553 1093 1554 1094 1554 1095 1554 1095 1555 1094 1555 1096 1555 1094 1556 1097 1556 1096 1556 1096 1557 1097 1557 1098 1557 1098 1558 1097 1558 1099 1558 1097 1559 1100 1559 1099 1559 1099 1560 1100 1560 1101 1560 1101 1561 1100 1561 1102 1561 1100 1562 311 1562 1102 1562 1102 1563 311 1563 309 1563 917 1564 915 1564 1103 1564 915 1565 311 1565 1100 1565 915 1566 1100 1566 1103 1566 1100 1567 1097 1567 1103 1567 1103 1568 1097 1568 1104 1568 1097 1569 1094 1569 1104 1569 1104 1570 1094 1570 1105 1570 1094 1571 1091 1571 1105 1571 1105 1572 1091 1572 1106 1572 1091 1573 1088 1573 1106 1573 1106 1574 1088 1574 1107 1574 1088 1575 1085 1575 1107 1575 1107 1576 1085 1576 1108 1576 1085 1577 1082 1577 1108 1577 1108 1578 1082 1578 1109 1578 1082 1579 1079 1579 1109 1579 1109 1580 1079 1580 1110 1580 1079 1581 1076 1581 1110 1581 1110 1582 1076 1582 1111 1582 1076 1583 1073 1583 1111 1583 1111 1584 1073 1584 1112 1584 1073 1585 1070 1585 1112 1585 1112 1586 1070 1586 1113 1586 1070 1587 1067 1587 1113 1587 1113 1588 1067 1588 1114 1588 1067 1589 1064 1589 1114 1589 1114 1590 1064 1590 1115 1590 1064 1591 1062 1591 1115 1591 1115 1592 1062 1592 1116 1592 1062 1593 1049 1593 1116 1593 1116 1594 1049 1594 1054 1594 932 1595 918 1595 1117 1595 918 1596 917 1596 1117 1596 917 1597 1103 1597 1117 1597 1103 1598 1104 1598 1117 1598 1117 1599 1104 1599 1118 1599 1104 1600 1105 1600 1118 1600 1118 1601 1105 1601 1119 1601 1105 1602 1106 1602 1119 1602 1119 1603 1106 1603 1120 1603 1106 1604 1107 1604 1120 1604 1120 1605 1107 1605 1121 1605 1107 1606 1108 1606 1121 1606 1121 1607 1108 1607 1122 1607 1108 1608 1109 1608 1122 1608 1122 1609 1109 1609 1123 1609 1109 1610 1110 1610 1123 1610 1123 1611 1110 1611 1124 1611 1110 1612 1111 1612 1124 1612 1124 1613 1111 1613 1125 1613 1111 1614 1112 1614 1125 1614 1125 1615 1112 1615 1126 1615 1112 1616 1113 1616 1126 1616 1126 1617 1113 1617 1127 1617 1113 1618 1114 1618 1127 1618 1127 1619 1114 1619 1128 1619 1114 1620 1115 1620 1128 1620 1128 1621 1115 1621 1129 1621 1115 1622 1116 1622 1129 1622 1129 1623 1116 1623 1130 1623 1116 1624 1054 1624 1130 1624 1130 1625 1054 1625 1055 1625 934 1626 933 1626 1131 1626 933 1627 932 1627 1131 1627 932 1628 1117 1628 1131 1628 1117 1629 1118 1629 1131 1629 1131 1630 1118 1630 1132 1630 1118 1631 1119 1631 1132 1631 1132 1632 1119 1632 1133 1632 1119 1633 1120 1633 1133 1633 1133 1634 1120 1634 1134 1634 1120 1635 1121 1635 1134 1635 1134 1636 1121 1636 1135 1636 1121 1637 1122 1637 1135 1637 1135 1638 1122 1638 1136 1638 1122 1639 1123 1639 1136 1639 1136 1640 1123 1640 1137 1640 1123 1641 1124 1641 1137 1641 1137 1642 1124 1642 1138 1642 1124 1643 1125 1643 1138 1643 1138 1644 1125 1644 1139 1644 1125 1645 1126 1645 1139 1645 1139 1646 1126 1646 1140 1646 1126 1647 1127 1647 1140 1647 1140 1648 1127 1648 1141 1648 1127 1649 1128 1649 1141 1649 1141 1650 1128 1650 1142 1650 1128 1651 1129 1651 1142 1651 1142 1652 1129 1652 1143 1652 1129 1653 1130 1653 1143 1653 1143 1654 1130 1654 1144 1654 1130 1655 1055 1655 1144 1655 1144 1656 1055 1656 1056 1656 936 1657 935 1657 1145 1657 935 1658 934 1658 1145 1658 934 1659 1131 1659 1145 1659 1131 1660 1132 1660 1145 1660 1145 1661 1132 1661 1146 1661 1132 1662 1133 1662 1146 1662 1146 1663 1133 1663 1147 1663 1133 1664 1134 1664 1147 1664 1147 1665 1134 1665 1148 1665 1134 1666 1135 1666 1148 1666 1148 1667 1135 1667 1149 1667 1135 1668 1136 1668 1149 1668 1149 1669 1136 1669 1150 1669 1136 1670 1137 1670 1150 1670 1150 1671 1137 1671 1151 1671 1137 1672 1138 1672 1151 1672 1151 1673 1138 1673 1152 1673 1138 1674 1139 1674 1152 1674 1152 1675 1139 1675 1153 1675 1139 1676 1140 1676 1153 1676 1153 1677 1140 1677 1154 1677 1140 1678 1141 1678 1154 1678 1154 1679 1141 1679 1155 1679 1141 1680 1142 1680 1155 1680 1155 1681 1142 1681 1156 1681 1142 1682 1143 1682 1156 1682 1156 1683 1143 1683 1157 1683 1143 1684 1144 1684 1157 1684 1157 1685 1144 1685 1158 1685 1144 1686 1056 1686 1158 1686 1158 1687 1056 1687 1057 1687 931 1688 930 1688 1159 1688 930 1689 936 1689 1159 1689 936 1690 1145 1690 1159 1690 1145 1691 1146 1691 1159 1691 1159 1692 1146 1692 1160 1692 1146 1693 1147 1693 1160 1693 1160 1694 1147 1694 1161 1694 1147 1695 1148 1695 1161 1695 1161 1696 1148 1696 1162 1696 1148 1697 1149 1697 1162 1697 1162 1698 1149 1698 1163 1698 1149 1699 1150 1699 1163 1699 1163 1700 1150 1700 1164 1700 1150 1701 1151 1701 1164 1701 1164 1702 1151 1702 1165 1702 1151 1703 1152 1703 1165 1703 1165 1704 1152 1704 1166 1704 1152 1705 1153 1705 1166 1705 1166 1706 1153 1706 1167 1706 1153 1707 1154 1707 1167 1707 1167 1708 1154 1708 1168 1708 1154 1709 1155 1709 1168 1709 1168 1710 1155 1710 1169 1710 1155 1711 1156 1711 1169 1711 1169 1712 1156 1712 1170 1712 1156 1713 1157 1713 1170 1713 1170 1714 1157 1714 1171 1714 1157 1715 1158 1715 1171 1715 1171 1716 1158 1716 1172 1716 1158 1717 1057 1717 1172 1717 1172 1718 1057 1718 1058 1718 928 1719 927 1719 1173 1719 927 1720 931 1720 1173 1720 931 1721 1159 1721 1173 1721 1159 1722 1160 1722 1173 1722 1173 1723 1160 1723 1174 1723 1160 1724 1161 1724 1174 1724 1174 1725 1161 1725 1175 1725 1161 1726 1162 1726 1175 1726 1175 1727 1162 1727 1176 1727 1162 1728 1163 1728 1176 1728 1176 1729 1163 1729 1177 1729 1163 1730 1164 1730 1177 1730 1177 1731 1164 1731 1178 1731 1164 1732 1165 1732 1178 1732 1178 1733 1165 1733 1179 1733 1165 1734 1166 1734 1179 1734 1179 1735 1166 1735 1180 1735 1166 1736 1167 1736 1180 1736 1180 1737 1167 1737 1181 1737 1167 1738 1168 1738 1181 1738 1181 1739 1168 1739 1182 1739 1168 1740 1169 1740 1182 1740 1182 1741 1169 1741 1183 1741 1169 1742 1170 1742 1183 1742 1183 1743 1170 1743 1184 1743 1170 1744 1171 1744 1184 1744 1184 1745 1171 1745 1185 1745 1171 1746 1172 1746 1185 1746 1185 1747 1172 1747 1186 1747 1172 1748 1058 1748 1186 1748 1186 1749 1058 1749 1059 1749 925 1750 924 1750 1187 1750 924 1751 928 1751 1187 1751 928 1752 1173 1752 1187 1752 1173 1753 1174 1753 1187 1753 1187 1754 1174 1754 1188 1754 1174 1755 1175 1755 1188 1755 1188 1756 1175 1756 1189 1756 1175 1757 1176 1757 1189 1757 1189 1758 1176 1758 1190 1758 1176 1759 1177 1759 1190 1759 1190 1760 1177 1760 1191 1760 1177 1761 1178 1761 1191 1761 1191 1762 1178 1762 1192 1762 1178 1763 1179 1763 1192 1763 1192 1764 1179 1764 1193 1764 1179 1765 1180 1765 1193 1765 1193 1766 1180 1766 1194 1766 1180 1767 1181 1767 1194 1767 1194 1768 1181 1768 1195 1768 1181 1769 1182 1769 1195 1769 1195 1770 1182 1770 1196 1770 1182 1771 1183 1771 1196 1771 1196 1772 1183 1772 1197 1772 1183 1773 1184 1773 1197 1773 1197 1774 1184 1774 1198 1774 1184 1775 1185 1775 1198 1775 1198 1776 1185 1776 1199 1776 1185 1777 1186 1777 1199 1777 1199 1778 1186 1778 1200 1778 1186 1779 1059 1779 1200 1779 1200 1780 1059 1780 1060 1780 1201 1781 912 1781 925 1781 925 1782 1187 1782 1201 1782 1187 1783 1188 1783 1201 1783 1201 1784 1188 1784 1202 1784 1188 1785 1189 1785 1202 1785 1202 1786 1189 1786 1203 1786 1189 1787 1190 1787 1203 1787 1203 1788 1190 1788 1204 1788 1190 1789 1191 1789 1204 1789 1204 1790 1191 1790 1205 1790 1191 1791 1192 1791 1205 1791 1205 1792 1192 1792 1206 1792 1192 1793 1193 1793 1206 1793 1206 1794 1193 1794 1207 1794 1193 1795 1194 1795 1207 1795 1207 1796 1194 1796 1208 1796 1194 1797 1195 1797 1208 1797 1208 1798 1195 1798 1209 1798 1195 1799 1196 1799 1209 1799 1209 1800 1196 1800 1210 1800 1196 1801 1197 1801 1210 1801 1210 1802 1197 1802 1211 1802 1197 1803 1198 1803 1211 1803 1211 1804 1198 1804 1212 1804 1198 1805 1199 1805 1212 1805 1212 1806 1199 1806 1213 1806 1199 1807 1200 1807 1213 1807 1213 1808 1200 1808 1214 1808 1200 1809 1060 1809 1214 1809 1214 1810 1060 1810 1061 1810 1215 1811 977 1811 1216 1811 977 1812 411 1812 1216 1812 1216 1813 411 1813 410 1813 951 1814 1005 1814 949 1814 1005 1815 1217 1815 949 1815 540 1816 851 1816 850 1816 540 1817 850 1817 536 1817 850 1818 849 1818 536 1818 536 1819 849 1819 537 1819 849 1820 831 1820 537 1820 831 1821 830 1821 537 1821 537 1822 830 1822 526 1822 830 1823 829 1823 526 1823 829 1824 741 1824 526 1824 526 1825 741 1825 524 1825 741 1826 740 1826 524 1826 740 1827 744 1827 524 1827 524 1828 744 1828 525 1828 744 1829 743 1829 525 1829 743 1830 747 1830 525 1830 525 1831 747 1831 527 1831 747 1832 746 1832 527 1832 746 1833 753 1833 527 1833 527 1834 753 1834 528 1834 817 1835 529 1835 818 1835 529 1836 528 1836 818 1836 818 1837 528 1837 752 1837 528 1838 753 1838 752 1838 695 1839 694 1839 975 1839 694 1840 942 1840 975 1840 975 1841 942 1841 941 1841 1004 1842 438 1842 1218 1842 438 1843 436 1843 1218 1843 993 1844 992 1844 1219 1844 993 1845 1219 1845 1220 1845 1219 1846 1221 1846 1220 1846 1220 1847 1221 1847 1222 1847 1222 1848 1221 1848 1223 1848 1221 1849 1224 1849 1223 1849 1223 1850 1224 1850 1225 1850 1225 1851 1224 1851 1226 1851 1224 1852 1227 1852 1226 1852 1226 1853 1227 1853 1228 1853 1228 1854 1227 1854 1229 1854 1227 1855 1230 1855 1229 1855 1229 1856 1230 1856 1231 1856 1231 1857 1230 1857 1232 1857 1230 1858 1233 1858 1232 1858 1232 1859 1233 1859 1234 1859 1234 1860 1233 1860 1235 1860 1233 1861 1236 1861 1235 1861 1235 1862 1236 1862 1237 1862 1237 1863 1236 1863 1238 1863 1236 1864 1239 1864 1238 1864 1238 1865 1239 1865 1240 1865 1240 1866 1239 1866 1241 1866 1239 1867 1242 1867 1241 1867 1241 1868 1242 1868 1243 1868 1243 1869 1242 1869 1244 1869 1242 1870 1245 1870 1244 1870 1244 1871 1245 1871 1246 1871 1246 1872 1245 1872 1247 1872 1245 1873 1248 1873 1247 1873 1247 1874 1248 1874 1249 1874 1249 1875 1248 1875 1250 1875 1248 1876 1251 1876 1250 1876 1250 1877 1251 1877 1252 1877 1252 1878 1251 1878 1253 1878 1251 1879 1254 1879 1253 1879 1253 1880 1254 1880 1255 1880 1255 1881 1254 1881 1256 1881 1254 1882 1257 1882 1256 1882 1256 1883 1257 1883 1258 1883 1258 1884 1257 1884 1259 1884 1257 1885 906 1885 1259 1885 1259 1886 906 1886 907 1886 542 1887 539 1887 538 1887 542 1888 538 1888 543 1888 538 1889 534 1889 543 1889 543 1890 534 1890 676 1890 534 1891 533 1891 676 1891 676 1892 533 1892 677 1892 533 1893 532 1893 677 1893 677 1894 532 1894 678 1894 532 1895 531 1895 678 1895 678 1896 531 1896 679 1896 531 1897 530 1897 679 1897 679 1898 530 1898 680 1898 530 1899 523 1899 680 1899 680 1900 523 1900 681 1900 523 1901 522 1901 681 1901 681 1902 522 1902 682 1902 909 1903 959 1903 1260 1903 959 1904 960 1904 1260 1904 1260 1905 960 1905 1261 1905 1005 1906 1004 1906 1217 1906 1004 1907 1218 1907 1217 1907 1262 1908 1263 1908 1264 1908 1265 1909 906 1909 1257 1909 1266 1910 1265 1910 1267 1910 1268 1911 1269 1911 1262 1911 1270 1912 1271 1912 1272 1912 1273 1913 1274 1913 1275 1913 1276 1914 1277 1914 1278 1914 1279 1915 1280 1915 1281 1915 1280 1916 1282 1916 1281 1916 1281 1917 1282 1917 1276 1917 1282 1918 1283 1918 1276 1918 1276 1919 1283 1919 1277 1919 1284 1920 1285 1920 1286 1920 1285 1921 1287 1921 1288 1921 1289 1922 1290 1922 1288 1922 1290 1923 1291 1923 1288 1923 1288 1924 1291 1924 1285 1924 1274 1925 1292 1925 1275 1925 1292 1926 1289 1926 1275 1926 1275 1927 1289 1927 1293 1927 1273 1928 1294 1928 1295 1928 1294 1929 1296 1929 1295 1929 1295 1930 1296 1930 1297 1930 1296 1931 1298 1931 1297 1931 1299 1932 1300 1932 1298 1932 1299 1933 1298 1933 1301 1933 1302 1934 1303 1934 1304 1934 1303 1935 1305 1935 1304 1935 1304 1936 1305 1936 1299 1936 1305 1937 1306 1937 1299 1937 1299 1938 1306 1938 1300 1938 1307 1939 1308 1939 1302 1939 1307 1940 1302 1940 1309 1940 1271 1941 1270 1941 1310 1941 1270 1942 1311 1942 1310 1942 1311 1943 1312 1943 1310 1943 1310 1944 1312 1944 1307 1944 1312 1945 1313 1945 1307 1945 1307 1946 1313 1946 1308 1946 1314 1947 1315 1947 1272 1947 1314 1948 1272 1948 1316 1948 1315 1949 1314 1949 1317 1949 1314 1950 1318 1950 1317 1950 1317 1951 1318 1951 1319 1951 1319 1952 1318 1952 1320 1952 1318 1953 998 1953 1320 1953 1320 1954 998 1954 997 1954 1321 1955 1279 1955 1322 1955 1279 1956 1281 1956 1322 1956 1322 1957 1281 1957 1323 1957 1281 1958 1276 1958 1323 1958 1323 1959 1276 1959 1324 1959 1276 1960 1278 1960 1324 1960 1324 1961 1278 1961 1325 1961 1278 1962 1326 1962 1325 1962 1325 1963 1326 1963 1327 1963 1262 1964 1269 1964 1263 1964 1269 1965 1328 1965 1263 1965 1263 1966 1328 1966 1329 1966 1330 1967 1331 1967 1332 1967 1333 1968 1334 1968 1335 1968 1336 1969 1337 1969 1338 1969 1339 1970 1340 1970 1279 1970 1340 1971 1341 1971 1279 1971 1279 1972 1341 1972 1280 1972 1342 1973 1264 1973 1343 1973 1264 1974 1263 1974 1343 1974 1343 1975 1263 1975 1344 1975 1263 1976 1329 1976 1344 1976 1344 1977 1329 1977 1345 1977 1346 1978 1347 1978 1348 1978 1347 1979 1349 1979 1348 1979 1348 1980 1349 1980 1339 1980 1349 1981 1350 1981 1339 1981 1339 1982 1350 1982 1340 1982 1350 1983 1351 1983 1340 1983 1340 1984 1351 1984 1341 1984 1321 1985 1268 1985 1279 1985 1268 1986 1262 1986 1279 1986 1279 1987 1262 1987 1339 1987 1262 1988 1264 1988 1339 1988 1339 1989 1264 1989 1348 1989 1264 1990 1342 1990 1348 1990 1348 1991 1342 1991 1346 1991 1342 1992 1284 1992 1346 1992 1346 1993 1284 1993 1352 1993 1284 1994 1286 1994 1352 1994 1285 1995 1284 1995 1287 1995 1284 1996 1342 1996 1287 1996 1287 1997 1342 1997 1353 1997 1342 1998 1343 1998 1353 1998 1353 1999 1343 1999 1354 1999 1343 2000 1344 2000 1354 2000 1354 2001 1344 2001 1330 2001 1344 2002 1345 2002 1330 2002 1330 2003 1345 2003 1331 2003 1289 2004 1288 2004 1293 2004 1288 2005 1287 2005 1293 2005 1293 2006 1287 2006 1355 2006 1287 2007 1353 2007 1355 2007 1355 2008 1353 2008 1356 2008 1353 2009 1354 2009 1356 2009 1356 2010 1354 2010 1357 2010 1354 2011 1330 2011 1357 2011 1357 2012 1330 2012 1358 2012 1330 2013 1332 2013 1358 2013 1358 2014 1332 2014 1359 2014 1273 2015 1275 2015 1294 2015 1275 2016 1293 2016 1294 2016 1294 2017 1293 2017 1360 2017 1293 2018 1355 2018 1360 2018 1360 2019 1355 2019 1361 2019 1355 2020 1356 2020 1361 2020 1361 2021 1356 2021 1362 2021 1356 2022 1357 2022 1362 2022 1362 2023 1357 2023 1363 2023 1357 2024 1358 2024 1363 2024 1363 2025 1358 2025 1333 2025 1358 2026 1359 2026 1333 2026 1333 2027 1359 2027 1334 2027 1298 2028 1296 2028 1301 2028 1296 2029 1294 2029 1301 2029 1301 2030 1294 2030 1364 2030 1294 2031 1360 2031 1364 2031 1364 2032 1360 2032 1365 2032 1360 2033 1361 2033 1365 2033 1365 2034 1361 2034 1366 2034 1361 2035 1362 2035 1366 2035 1366 2036 1362 2036 1367 2036 1362 2037 1363 2037 1367 2037 1367 2038 1363 2038 1368 2038 1363 2039 1333 2039 1368 2039 1368 2040 1333 2040 1369 2040 1333 2041 1335 2041 1369 2041 1369 2042 1335 2042 1370 2042 1302 2043 1304 2043 1309 2043 1304 2044 1299 2044 1309 2044 1309 2045 1299 2045 1371 2045 1299 2046 1301 2046 1371 2046 1371 2047 1301 2047 1372 2047 1301 2048 1364 2048 1372 2048 1372 2049 1364 2049 1373 2049 1364 2050 1365 2050 1373 2050 1373 2051 1365 2051 1374 2051 1365 2052 1366 2052 1374 2052 1374 2053 1366 2053 1375 2053 1366 2054 1367 2054 1375 2054 1375 2055 1367 2055 1376 2055 1367 2056 1368 2056 1376 2056 1376 2057 1368 2057 1377 2057 1368 2058 1369 2058 1377 2058 1377 2059 1369 2059 1336 2059 1369 2060 1370 2060 1336 2060 1336 2061 1370 2061 1337 2061 1272 2062 1271 2062 1316 2062 1271 2063 1310 2063 1316 2063 1316 2064 1310 2064 1378 2064 1310 2065 1307 2065 1378 2065 1378 2066 1307 2066 1379 2066 1307 2067 1309 2067 1379 2067 1379 2068 1309 2068 1380 2068 1309 2069 1371 2069 1380 2069 1380 2070 1371 2070 1381 2070 1371 2071 1372 2071 1381 2071 1381 2072 1372 2072 1382 2072 1372 2073 1373 2073 1382 2073 1382 2074 1373 2074 1383 2074 1373 2075 1374 2075 1383 2075 1383 2076 1374 2076 1384 2076 1374 2077 1375 2077 1384 2077 1384 2078 1375 2078 1385 2078 1375 2079 1376 2079 1385 2079 1385 2080 1376 2080 1386 2080 1376 2081 1377 2081 1386 2081 1386 2082 1377 2082 1387 2082 1377 2083 1336 2083 1387 2083 1387 2084 1336 2084 1388 2084 1336 2085 1338 2085 1388 2085 1388 2086 1338 2086 1266 2086 1266 2087 1267 2087 1388 2087 1267 2088 1389 2088 1388 2088 1388 2089 1389 2089 1387 2089 1389 2090 1390 2090 1387 2090 1387 2091 1390 2091 1386 2091 1390 2092 1391 2092 1386 2092 1386 2093 1391 2093 1385 2093 1391 2094 1392 2094 1385 2094 1385 2095 1392 2095 1384 2095 1392 2096 1393 2096 1384 2096 1384 2097 1393 2097 1383 2097 1393 2098 1394 2098 1383 2098 1383 2099 1394 2099 1382 2099 1394 2100 1395 2100 1382 2100 1382 2101 1395 2101 1381 2101 1395 2102 1396 2102 1381 2102 1381 2103 1396 2103 1380 2103 1396 2104 1397 2104 1380 2104 1380 2105 1397 2105 1379 2105 1397 2106 1398 2106 1379 2106 1379 2107 1398 2107 1378 2107 1398 2108 1399 2108 1378 2108 1378 2109 1399 2109 1316 2109 1399 2110 1400 2110 1316 2110 1316 2111 1400 2111 1314 2111 1400 2112 1401 2112 1314 2112 1314 2113 1401 2113 1318 2113 1401 2114 999 2114 1318 2114 1318 2115 999 2115 998 2115 1265 2116 1257 2116 1267 2116 1257 2117 1254 2117 1267 2117 1267 2118 1254 2118 1389 2118 1254 2119 1251 2119 1389 2119 1389 2120 1251 2120 1390 2120 1251 2121 1248 2121 1390 2121 1390 2122 1248 2122 1391 2122 1248 2123 1245 2123 1391 2123 1391 2124 1245 2124 1392 2124 1245 2125 1242 2125 1392 2125 1392 2126 1242 2126 1393 2126 1242 2127 1239 2127 1393 2127 1393 2128 1239 2128 1394 2128 1239 2129 1236 2129 1394 2129 1394 2130 1236 2130 1395 2130 1236 2131 1233 2131 1395 2131 1395 2132 1233 2132 1396 2132 1233 2133 1230 2133 1396 2133 1396 2134 1230 2134 1397 2134 1230 2135 1227 2135 1397 2135 1397 2136 1227 2136 1398 2136 1227 2137 1224 2137 1398 2137 1398 2138 1224 2138 1399 2138 1224 2139 1221 2139 1399 2139 1399 2140 1221 2140 1400 2140 1221 2141 1219 2141 1400 2141 1400 2142 1219 2142 1401 2142 1219 2143 992 2143 1401 2143 1401 2144 992 2144 999 2144 1008 2145 1007 2145 1402 2145 1007 2146 1403 2146 1402 2146 990 2147 991 2147 1404 2147 991 2148 1405 2148 1404 2148 1260 2149 1216 2149 909 2149 1216 2150 410 2150 909 2150 1011 2151 568 2151 576 2151 1406 2152 572 2152 1011 2152 572 2153 571 2153 1011 2153 1011 2154 571 2154 568 2154 588 2155 986 2155 586 2155 986 2156 584 2156 586 2156 576 2157 578 2157 1011 2157 578 2158 580 2158 1011 2158 1011 2159 580 2159 986 2159 580 2160 582 2160 986 2160 986 2161 582 2161 584 2161 597 2162 1407 2162 592 2162 1407 2163 986 2163 592 2163 592 2164 986 2164 590 2164 986 2165 588 2165 590 2165 1408 2166 1409 2166 1410 2166 1409 2167 1411 2167 1410 2167 697 2168 988 2168 699 2168 988 2169 1412 2169 699 2169 971 2170 972 2170 1413 2170 972 2171 1414 2171 1413 2171 386 2172 334 2172 447 2172 334 2173 333 2173 447 2173 386 2174 447 2174 385 2174 447 2175 1415 2175 385 2175 385 2176 1415 2176 1416 2176 986 2177 1407 2177 1417 2177 333 2178 336 2178 447 2178 336 2179 330 2179 447 2179 447 2180 330 2180 332 2180 1417 2181 1418 2181 986 2181 1418 2182 1419 2182 986 2182 986 2183 1419 2183 1420 2183 332 2184 338 2184 447 2184 338 2185 340 2185 447 2185 447 2186 340 2186 342 2186 1420 2187 1421 2187 986 2187 1421 2188 1422 2188 986 2188 986 2189 1422 2189 1423 2189 342 2190 344 2190 447 2190 344 2191 345 2191 447 2191 447 2192 345 2192 349 2192 349 2193 347 2193 447 2193 347 2194 346 2194 447 2194 447 2195 346 2195 363 2195 363 2196 353 2196 447 2196 353 2197 351 2197 447 2197 447 2198 351 2198 350 2198 1424 2199 1425 2199 1327 2199 1425 2200 1426 2200 1327 2200 1327 2201 1426 2201 356 2201 1426 2202 447 2202 356 2202 356 2203 447 2203 354 2203 447 2204 350 2204 354 2204 1312 2205 1311 2205 1046 2205 1311 2206 1270 2206 1046 2206 1046 2207 1270 2207 1272 2207 1285 2208 1291 2208 1424 2208 1291 2209 1290 2209 1424 2209 1295 2210 1424 2210 1273 2210 1424 2211 1274 2211 1273 2211 1302 2212 1308 2212 1046 2212 1308 2213 1313 2213 1046 2213 1046 2214 1313 2214 1312 2214 1272 2215 1315 2215 1046 2215 1315 2216 1317 2216 1046 2216 1046 2217 1317 2217 1319 2217 1319 2218 1320 2218 1046 2218 1320 2219 997 2219 1046 2219 1046 2220 997 2220 1047 2220 997 2221 986 2221 1047 2221 1047 2222 986 2222 1427 2222 986 2223 1423 2223 1427 2223 1290 2224 1289 2224 1424 2224 1289 2225 1292 2225 1424 2225 1424 2226 1292 2226 1274 2226 1295 2227 1297 2227 1424 2227 1297 2228 1298 2228 1424 2228 1424 2229 1298 2229 1300 2229 1300 2230 1306 2230 1424 2230 1306 2231 1305 2231 1424 2231 1424 2232 1305 2232 1046 2232 1305 2233 1303 2233 1046 2233 1046 2234 1303 2234 1302 2234 1346 2235 1352 2235 1424 2235 1352 2236 1286 2236 1424 2236 1424 2237 1286 2237 1285 2237 1350 2238 1349 2238 1424 2238 1349 2239 1347 2239 1424 2239 1424 2240 1347 2240 1346 2240 1280 2241 1341 2241 1424 2241 1341 2242 1351 2242 1424 2242 1424 2243 1351 2243 1350 2243 1327 2244 1326 2244 1424 2244 1326 2245 1278 2245 1424 2245 1424 2246 1278 2246 1277 2246 1277 2247 1283 2247 1424 2247 1283 2248 1282 2248 1424 2248 1424 2249 1282 2249 1280 2249 1428 2250 1429 2250 1430 2250 1429 2251 1431 2251 1430 2251 943 2252 942 2252 693 2252 942 2253 694 2253 693 2253 991 2254 989 2254 1405 2254 989 2255 1432 2255 1405 2255 766 2256 764 2256 251 2256 1433 2257 791 2257 251 2257 791 2258 768 2258 251 2258 251 2259 768 2259 766 2259 913 2260 912 2260 805 2260 912 2261 804 2261 805 2261 764 2262 762 2262 251 2262 762 2263 760 2263 251 2263 251 2264 760 2264 759 2264 759 2265 757 2265 251 2265 757 2266 756 2266 251 2266 251 2267 756 2267 797 2267 1204 2268 251 2268 1203 2268 251 2269 1202 2269 1203 2269 1202 2270 251 2270 1201 2270 251 2271 797 2271 1201 2271 1201 2272 797 2272 912 2272 797 2273 810 2273 912 2273 912 2274 810 2274 804 2274 1204 2275 1205 2275 251 2275 1205 2276 1206 2276 251 2276 251 2277 1206 2277 1207 2277 1207 2278 1208 2278 251 2278 1208 2279 1209 2279 251 2279 251 2280 1209 2280 1210 2280 1210 2281 1211 2281 251 2281 1211 2282 1212 2282 251 2282 251 2283 1212 2283 1213 2283 157 2284 179 2284 1061 2284 179 2285 251 2285 1061 2285 1061 2286 251 2286 1214 2286 251 2287 1213 2287 1214 2287 1434 2288 1435 2288 1436 2288 1435 2289 1437 2289 1436 2289 1006 2290 952 2290 1438 2290 952 2291 950 2291 1438 2291 1439 2292 1440 2292 1441 2292 1442 2293 1443 2293 1441 2293 1443 2294 1444 2294 1441 2294 1441 2295 1444 2295 1439 2295 1445 2296 1446 2296 1447 2296 1440 2297 1439 2297 1447 2297 1439 2298 1448 2298 1447 2298 1447 2299 1448 2299 1445 2299 1449 2300 1450 2300 1451 2300 1446 2301 1445 2301 1452 2301 1445 2302 1453 2302 1452 2302 1452 2303 1453 2303 1454 2303 1453 2304 1455 2304 1454 2304 1454 2305 1455 2305 1456 2305 1455 2306 1457 2306 1456 2306 1456 2307 1457 2307 1458 2307 1457 2308 1459 2308 1458 2308 1458 2309 1459 2309 1451 2309 1459 2310 1460 2310 1451 2310 1451 2311 1460 2311 1449 2311 1450 2312 1449 2312 1461 2312 1449 2313 1462 2313 1461 2313 1461 2314 1462 2314 1463 2314 1462 2315 1464 2315 1463 2315 1463 2316 1464 2316 1465 2316 1464 2317 1466 2317 1465 2317 1466 2318 1467 2318 1465 2318 1465 2319 1467 2319 1468 2319 1467 2320 860 2320 1468 2320 1468 2321 860 2321 868 2321 1469 2322 1470 2322 313 2322 439 2323 969 2323 440 2323 969 2324 1471 2324 440 2324 440 2325 1471 2325 313 2325 1471 2326 1472 2326 313 2326 313 2327 1472 2327 1473 2327 1473 2328 1474 2328 313 2328 1474 2329 1475 2329 313 2329 313 2330 1475 2330 1476 2330 1476 2331 1477 2331 313 2331 1477 2332 1478 2332 313 2332 313 2333 1478 2333 1479 2333 1480 2334 1481 2334 313 2334 1470 2335 1482 2335 313 2335 1482 2336 1483 2336 313 2336 313 2337 1483 2337 312 2337 1479 2338 1484 2338 313 2338 1484 2339 1485 2339 313 2339 313 2340 1485 2340 1486 2340 1481 2341 1487 2341 313 2341 1487 2342 1488 2342 313 2342 313 2343 1488 2343 1489 2343 1486 2344 1490 2344 313 2344 1490 2345 1491 2345 313 2345 313 2346 1491 2346 1492 2346 1489 2347 1493 2347 313 2347 1493 2348 1494 2348 313 2348 313 2349 1494 2349 1469 2349 1492 2350 1495 2350 313 2350 1495 2351 1496 2351 313 2351 313 2352 1496 2352 1480 2352 1007 2353 1006 2353 1403 2353 1006 2354 1438 2354 1403 2354 1497 2355 1498 2355 1499 2355 1500 2356 1501 2356 1502 2356 1501 2357 1503 2357 1502 2357 1502 2358 1503 2358 1504 2358 1503 2359 1505 2359 1504 2359 1504 2360 1505 2360 1506 2360 1505 2361 1507 2361 1506 2361 1506 2362 1507 2362 1508 2362 1507 2363 1509 2363 1508 2363 1508 2364 1509 2364 1499 2364 1509 2365 1510 2365 1499 2365 1499 2366 1510 2366 1497 2366 1511 2367 1512 2367 1513 2367 1498 2368 1497 2368 1513 2368 1497 2369 1514 2369 1513 2369 1513 2370 1514 2370 1511 2370 1512 2371 1511 2371 1515 2371 1511 2372 1516 2372 1515 2372 1515 2373 1516 2373 1517 2373 1516 2374 1518 2374 1517 2374 1517 2375 1518 2375 1519 2375 1518 2376 1520 2376 1519 2376 1519 2377 1520 2377 1521 2377 1520 2378 1522 2378 1521 2378 1521 2379 1522 2379 1523 2379 1522 2380 1524 2380 1523 2380 1524 2381 1525 2381 1523 2381 1523 2382 1525 2382 1526 2382 1525 2383 870 2383 1526 2383 1526 2384 870 2384 858 2384 292 2385 990 2385 290 2385 990 2386 1404 2386 290 2386 687 2387 279 2387 685 2387 279 2388 855 2388 685 2388 252 2389 982 2389 983 2389 560 2390 313 2390 814 2390 313 2391 307 2391 814 2391 814 2392 307 2392 306 2392 304 2393 305 2393 306 2393 305 2394 921 2394 306 2394 955 2395 956 2395 974 2395 956 2396 291 2396 974 2396 806 2397 820 2397 306 2397 820 2398 815 2398 306 2398 306 2399 815 2399 814 2399 560 2400 257 2400 256 2400 911 2401 1053 2401 256 2401 1053 2402 1527 2402 256 2402 256 2403 1527 2403 560 2403 1527 2404 1528 2404 560 2404 1403 2405 1438 2405 1402 2405 1438 2406 950 2406 1402 2406 801 2407 800 2407 306 2407 800 2408 807 2408 306 2408 306 2409 807 2409 806 2409 949 2410 560 2410 950 2410 560 2411 559 2411 950 2411 950 2412 559 2412 611 2412 1217 2413 1218 2413 949 2413 1218 2414 436 2414 949 2414 949 2415 436 2415 560 2415 436 2416 435 2416 560 2416 514 2417 515 2417 435 2417 515 2418 1529 2418 435 2418 435 2419 1529 2419 560 2419 1529 2420 1530 2420 560 2420 801 2421 306 2421 803 2421 306 2422 913 2422 803 2422 803 2423 913 2423 805 2423 611 2424 613 2424 950 2424 613 2425 615 2425 950 2425 950 2426 615 2426 614 2426 1531 2427 1532 2427 1530 2427 1532 2428 253 2428 1530 2428 1530 2429 253 2429 560 2429 253 2430 252 2430 560 2430 560 2431 252 2431 257 2431 252 2432 983 2432 257 2432 1533 2433 947 2433 1528 2433 947 2434 948 2434 1528 2434 1528 2435 948 2435 560 2435 948 2436 974 2436 560 2436 560 2437 974 2437 313 2437 974 2438 291 2438 313 2438 313 2439 291 2439 290 2439 921 2440 920 2440 306 2440 920 2441 929 2441 306 2441 306 2442 929 2442 926 2442 614 2443 575 2443 950 2443 575 2444 574 2444 950 2444 950 2445 574 2445 572 2445 1404 2446 1405 2446 290 2446 1405 2447 1432 2447 290 2447 290 2448 1432 2448 313 2448 1432 2449 706 2449 313 2449 926 2450 923 2450 306 2450 923 2451 914 2451 306 2451 306 2452 914 2452 913 2452 698 2453 699 2453 706 2453 699 2454 1412 2454 706 2454 706 2455 1412 2455 313 2455 1412 2456 283 2456 313 2456 572 2457 1406 2457 950 2457 1406 2458 1534 2458 950 2458 950 2459 1534 2459 1535 2459 1535 2460 1536 2460 950 2460 1536 2461 1537 2461 950 2461 950 2462 1537 2462 1402 2462 296 2463 440 2463 287 2463 440 2464 313 2464 287 2464 287 2465 313 2465 285 2465 313 2466 283 2466 285 2466 285 2467 283 2467 689 2467 283 2468 284 2468 689 2468 1435 2469 1434 2469 1411 2469 1434 2470 1410 2470 1411 2470 981 2471 259 2471 983 2471 259 2472 257 2472 983 2472 434 2473 277 2473 687 2473 277 2474 279 2474 687 2474 430 2475 264 2475 104 2475 264 2476 165 2476 104 2476 1045 2477 1538 2477 39 2477 1538 2478 41 2478 39 2478 268 2479 1539 2479 0 2479 0 2480 2 2480 268 2480 2 2481 4 2481 268 2481 268 2482 4 2482 199 2482 4 2483 6 2483 199 2483 199 2484 6 2484 8 2484 8 2485 10 2485 199 2485 10 2486 12 2486 199 2486 199 2487 12 2487 14 2487 71 2488 34 2488 237 2488 237 2489 63 2489 57 2489 57 2490 55 2490 237 2490 55 2491 37 2491 237 2491 237 2492 37 2492 50 2492 237 2493 45 2493 1538 2493 45 2494 43 2494 1538 2494 1538 2495 43 2495 41 2495 14 2496 16 2496 199 2496 16 2497 18 2497 199 2497 199 2498 18 2498 20 2498 20 2499 22 2499 199 2499 22 2500 24 2500 199 2500 199 2501 24 2501 26 2501 34 2502 67 2502 237 2502 67 2503 65 2503 237 2503 237 2504 65 2504 63 2504 50 2505 49 2505 237 2505 49 2506 47 2506 237 2506 237 2507 47 2507 45 2507 26 2508 28 2508 199 2508 28 2509 30 2509 199 2509 199 2510 30 2510 237 2510 30 2511 72 2511 237 2511 237 2512 72 2512 71 2512 1260 2513 1261 2513 1413 2513 1260 2514 1413 2514 1216 2514 1413 2515 1414 2515 1216 2515 1216 2516 1414 2516 1215 2516 987 2517 945 2517 1533 2517 945 2518 947 2518 1533 2518 772 2519 790 2519 1016 2519 783 2520 782 2520 1017 2520 1046 2521 1014 2521 1021 2521 1046 2522 1021 2522 1424 2522 1021 2523 1020 2523 1424 2523 1424 2524 1020 2524 1425 2524 1020 2525 1024 2525 1425 2525 1425 2526 1024 2526 1426 2526 1426 2527 1024 2527 1540 2527 1024 2528 1025 2528 1540 2528 1540 2529 1025 2529 1541 2529 1034 2530 1542 2530 1543 2530 1034 2531 1543 2531 1025 2531 1543 2532 1544 2532 1025 2532 1025 2533 1544 2533 1541 2533 1033 2534 1545 2534 1546 2534 1033 2535 1546 2535 1034 2535 1546 2536 1547 2536 1034 2536 1034 2537 1547 2537 1542 2537 1545 2538 1033 2538 1548 2538 1033 2539 1032 2539 1548 2539 1548 2540 1032 2540 1549 2540 1550 2541 1551 2541 1023 2541 1551 2542 1552 2542 1023 2542 1023 2543 1552 2543 1032 2543 1552 2544 1553 2544 1032 2544 1032 2545 1553 2545 1549 2545 792 2546 791 2546 1433 2546 1022 2547 1554 2547 1555 2547 1555 2548 1556 2548 1022 2548 1556 2549 1557 2549 1022 2549 1022 2550 1557 2550 1023 2550 1557 2551 1558 2551 1023 2551 1023 2552 1558 2552 1550 2552 795 2553 794 2553 1019 2553 794 2554 792 2554 1019 2554 1019 2555 792 2555 1022 2555 792 2556 1433 2556 1022 2556 1022 2557 1433 2557 1554 2557 769 2558 786 2558 1018 2558 786 2559 785 2559 1018 2559 1018 2560 785 2560 1019 2560 785 2561 796 2561 1019 2561 1019 2562 796 2562 795 2562 1017 2563 782 2563 1018 2563 782 2564 770 2564 1018 2564 1018 2565 770 2565 769 2565 1016 2566 790 2566 1017 2566 790 2567 784 2567 1017 2567 1017 2568 784 2568 783 2568 976 2569 775 2569 1015 2569 775 2570 774 2570 1015 2570 1015 2571 774 2571 778 2571 778 2572 779 2572 1015 2572 779 2573 780 2573 1015 2573 1015 2574 780 2574 1016 2574 780 2575 773 2575 1016 2575 1016 2576 773 2576 772 2576 962 2577 963 2577 978 2577 963 2578 979 2578 978 2578 857 2579 701 2579 855 2579 701 2580 700 2580 855 2580 855 2581 700 2581 685 2581 700 2582 683 2582 685 2582 984 2583 987 2583 1528 2583 987 2584 1533 2584 1528 2584 597 2585 596 2585 1407 2585 596 2586 1030 2586 1407 2586 1407 2587 1030 2587 1417 2587 1030 2588 1029 2588 1417 2588 1029 2589 1039 2589 1417 2589 1417 2590 1039 2590 1418 2590 1039 2591 1038 2591 1418 2591 1418 2592 1038 2592 1419 2592 1038 2593 1037 2593 1419 2593 1419 2594 1037 2594 1420 2594 1037 2595 1036 2595 1420 2595 1420 2596 1036 2596 1421 2596 1036 2597 1035 2597 1421 2597 1421 2598 1035 2598 1422 2598 1035 2599 1028 2599 1422 2599 1422 2600 1028 2600 1423 2600 1028 2601 1027 2601 1423 2601 1423 2602 1027 2602 1427 2602 1027 2603 1026 2603 1427 2603 1427 2604 1026 2604 1047 2604 607 2605 957 2605 609 2605 957 2606 1042 2606 609 2606 609 2607 1042 2607 562 2607 1042 2608 563 2608 562 2608 563 2609 1042 2609 663 2609 1042 2610 1043 2610 663 2610 663 2611 1043 2611 565 2611 565 2612 1043 2612 566 2612 1043 2613 1041 2613 566 2613 566 2614 1041 2614 657 2614 657 2615 1041 2615 601 2615 1041 2616 1040 2616 601 2616 601 2617 1040 2617 602 2617 602 2618 1040 2618 604 2618 1040 2619 1031 2619 604 2619 604 2620 1031 2620 598 2620 596 2621 594 2621 1030 2621 594 2622 600 2622 1030 2622 1030 2623 600 2623 1031 2623 600 2624 599 2624 1031 2624 1031 2625 599 2625 598 2625 1559 2626 1560 2626 1561 2626 1560 2627 1562 2627 1561 2627 0 2628 1539 2628 1 2628 1539 2629 1048 2629 1 2629 1563 2630 1564 2630 1565 2630 1564 2631 1566 2631 1565 2631 385 2632 1416 2632 328 2632 1416 2633 326 2633 328 2633 46 2634 48 2634 84 2634 1416 2635 1044 2635 38 2635 38 2636 323 2636 1416 2636 323 2637 324 2637 1416 2637 1416 2638 324 2638 326 2638 38 2639 40 2639 323 2639 40 2640 42 2640 323 2640 323 2641 42 2641 84 2641 42 2642 44 2642 84 2642 84 2643 44 2643 46 2643 1500 2644 1567 2644 1501 2644 1567 2645 1568 2645 1501 2645 1443 2646 1561 2646 1500 2646 1561 2647 1567 2647 1500 2647 1442 2648 1559 2648 1443 2648 1559 2649 1561 2649 1443 2649 1501 2650 1568 2650 1442 2650 1568 2651 1559 2651 1442 2651 1560 2652 1569 2652 1562 2652 1569 2653 1570 2653 1562 2653 1571 2654 978 2654 1572 2654 978 2655 940 2655 1572 2655 1573 2656 962 2656 1571 2656 962 2657 978 2657 1571 2657 1574 2658 938 2658 1573 2658 938 2659 962 2659 1573 2659 1572 2660 940 2660 1574 2660 940 2661 938 2661 1574 2661 937 2662 939 2662 963 2662 939 2663 979 2663 963 2663 1575 2664 1408 2664 1576 2664 1408 2665 1410 2665 1576 2665 1577 2666 1436 2666 1575 2666 1436 2667 1408 2667 1575 2667 1578 2668 1434 2668 1577 2668 1434 2669 1436 2669 1577 2669 1576 2670 1410 2670 1578 2670 1410 2671 1434 2671 1578 2671 1435 2672 1411 2672 1437 2672 1411 2673 1409 2673 1437 2673 1436 2674 1437 2674 1408 2674 1437 2675 1409 2675 1408 2675 954 2676 293 2676 956 2676 293 2677 291 2677 956 2677 314 2678 80 2678 1265 2678 80 2679 906 2679 1265 2679 314 2680 1265 2680 315 2680 1265 2681 1266 2681 315 2681 315 2682 1266 2682 404 2682 1335 2683 383 2683 1370 2683 383 2684 318 2684 1370 2684 404 2685 1266 2685 317 2685 1266 2686 1338 2686 317 2686 317 2687 1338 2687 318 2687 1338 2688 1337 2688 318 2688 318 2689 1337 2689 1370 2689 372 2690 1335 2690 373 2690 1335 2691 1334 2691 373 2691 372 2692 381 2692 1335 2692 381 2693 384 2693 1335 2693 1335 2694 384 2694 383 2694 1334 2695 1359 2695 373 2695 1359 2696 1332 2696 373 2696 373 2697 1332 2697 370 2697 364 2698 1322 2698 361 2698 1322 2699 1323 2699 361 2699 361 2700 1323 2700 362 2700 1332 2701 1331 2701 370 2701 1331 2702 1345 2702 370 2702 370 2703 1345 2703 320 2703 1345 2704 1329 2704 320 2704 320 2705 1329 2705 321 2705 1329 2706 1328 2706 321 2706 321 2707 1328 2707 366 2707 1328 2708 1269 2708 366 2708 366 2709 1269 2709 365 2709 1269 2710 1268 2710 365 2710 365 2711 1268 2711 364 2711 1268 2712 1321 2712 364 2712 364 2713 1321 2713 1322 2713 1327 2714 356 2714 1325 2714 356 2715 355 2715 1325 2715 362 2716 1323 2716 355 2716 1323 2717 1324 2717 355 2717 355 2718 1324 2718 1325 2718 1567 2719 1570 2719 1568 2719 1570 2720 1569 2720 1568 2720 996 2721 985 2721 1053 2721 985 2722 1527 2722 1053 2722 560 2723 814 2723 561 2723 814 2724 812 2724 561 2724 561 2725 812 2725 618 2725 812 2726 811 2726 618 2726 618 2727 811 2727 620 2727 811 2728 738 2728 620 2728 620 2729 738 2729 621 2729 738 2730 737 2730 621 2730 621 2731 737 2731 623 2731 737 2732 735 2732 623 2732 623 2733 735 2733 624 2733 735 2734 734 2734 624 2734 624 2735 734 2735 626 2735 734 2736 732 2736 626 2736 626 2737 732 2737 627 2737 732 2738 731 2738 627 2738 627 2739 731 2739 629 2739 731 2740 729 2740 629 2740 629 2741 729 2741 630 2741 729 2742 728 2742 630 2742 630 2743 728 2743 632 2743 728 2744 726 2744 632 2744 632 2745 726 2745 633 2745 726 2746 725 2746 633 2746 633 2747 725 2747 635 2747 725 2748 723 2748 635 2748 635 2749 723 2749 636 2749 723 2750 722 2750 636 2750 636 2751 722 2751 641 2751 722 2752 720 2752 641 2752 641 2753 720 2753 640 2753 720 2754 719 2754 640 2754 640 2755 719 2755 638 2755 719 2756 717 2756 638 2756 638 2757 717 2757 556 2757 717 2758 716 2758 556 2758 556 2759 716 2759 557 2759 716 2760 714 2760 557 2760 557 2761 714 2761 553 2761 714 2762 713 2762 553 2762 553 2763 713 2763 554 2763 713 2764 711 2764 554 2764 554 2765 711 2765 550 2765 711 2766 710 2766 550 2766 550 2767 710 2767 551 2767 710 2768 708 2768 551 2768 551 2769 708 2769 547 2769 708 2770 707 2770 547 2770 547 2771 707 2771 548 2771 707 2772 848 2772 548 2772 548 2773 848 2773 544 2773 848 2774 854 2774 544 2774 544 2775 854 2775 545 2775 854 2776 853 2776 545 2776 545 2777 853 2777 541 2777 853 2778 852 2778 541 2778 541 2779 852 2779 542 2779 852 2780 851 2780 542 2780 706 2781 1432 2781 705 2781 1432 2782 989 2782 705 2782 1561 2783 1562 2783 1567 2783 1562 2784 1570 2784 1567 2784 283 2785 1412 2785 281 2785 1412 2786 988 2786 281 2786 1560 2787 1559 2787 1569 2787 1559 2788 1568 2788 1569 2788 1528 2789 1527 2789 984 2789 1527 2790 985 2790 984 2790 1429 2791 1045 2791 1431 2791 1045 2792 1044 2792 1431 2792 970 2793 971 2793 961 2793 971 2794 1413 2794 961 2794 961 2795 1413 2795 960 2795 1413 2796 1261 2796 960 2796 254 2797 980 2797 252 2797 980 2798 982 2798 252 2798 1579 2799 1580 2799 1428 2799 1430 2800 1416 2800 1428 2800 1416 2801 1415 2801 1428 2801 1579 2802 1428 2802 1581 2802 1582 2803 1583 2803 1428 2803 1583 2804 1584 2804 1428 2804 1428 2805 1584 2805 1581 2805 1415 2806 1585 2806 1428 2806 1585 2807 1586 2807 1428 2807 1428 2808 1586 2808 1582 2808 977 2809 1215 2809 1414 2809 977 2810 1414 2810 518 2810 1414 2811 972 2811 518 2811 518 2812 972 2812 516 2812 1000 2813 255 2813 1532 2813 255 2814 253 2814 1532 2814 1429 2815 1428 2815 1580 2815 1580 2816 1587 2816 1429 2816 1587 2817 1588 2817 1429 2817 1429 2818 1588 2818 1589 2818 1589 2819 1590 2819 1429 2819 1590 2820 1591 2820 1429 2820 1429 2821 1591 2821 1592 2821 1592 2822 1593 2822 1429 2822 1593 2823 1538 2823 1429 2823 1429 2824 1538 2824 1045 2824 974 2825 948 2825 973 2825 948 2826 946 2826 973 2826 1416 2827 1430 2827 1044 2827 1430 2828 1431 2828 1044 2828 701 2829 857 2829 856 2829 701 2830 856 2830 703 2830 856 2831 975 2831 703 2831 703 2832 975 2832 941 2832 1002 2833 1001 2833 1530 2833 1001 2834 1531 2834 1530 2834 1564 2835 1539 2835 268 2835 276 2836 1566 2836 275 2836 1566 2837 1564 2837 275 2837 275 2838 1564 2838 274 2838 271 2839 272 2839 1564 2839 272 2840 273 2840 1564 2840 1564 2841 273 2841 274 2841 268 2842 269 2842 1564 2842 269 2843 270 2843 1564 2843 1564 2844 270 2844 271 2844 1530 2845 1529 2845 1002 2845 1529 2846 1003 2846 1002 2846 1563 2847 1048 2847 1564 2847 1048 2848 1539 2848 1564 2848 513 2849 1003 2849 515 2849 1003 2850 1529 2850 515 2850 704 2851 970 2851 535 2851 970 2852 961 2852 535 2852 535 2853 961 2853 521 2853 416 2854 415 2854 1565 2854 276 2855 261 2855 1566 2855 261 2856 262 2856 1566 2856 1566 2857 262 2857 263 2857 426 2858 425 2858 1565 2858 425 2859 424 2859 1565 2859 1565 2860 424 2860 416 2860 263 2861 260 2861 1566 2861 260 2862 267 2862 1566 2862 1566 2863 267 2863 266 2863 429 2864 428 2864 1565 2864 428 2865 427 2865 1565 2865 1565 2866 427 2866 426 2866 266 2867 265 2867 1566 2867 265 2868 264 2868 1566 2868 1566 2869 264 2869 1565 2869 264 2870 430 2870 1565 2870 1565 2871 430 2871 429 2871 683 2872 700 2872 684 2872 700 2873 702 2873 684 2873 684 2874 702 2874 958 2874 702 2875 944 2875 958 2875 1001 2876 1000 2876 1531 2876 1000 2877 1532 2877 1531 2877 1563 2878 1565 2878 415 2878 415 2879 414 2879 1563 2879 414 2880 417 2880 1563 2880 1563 2881 417 2881 418 2881 418 2882 419 2882 1563 2882 419 2883 420 2883 1563 2883 1563 2884 420 2884 421 2884 421 2885 422 2885 1563 2885 422 2886 423 2886 1563 2886 1563 2887 423 2887 1048 2887 1462 2888 1449 2888 1517 2888 1460 2889 1459 2889 1512 2889 1457 2890 1455 2890 1498 2890 1498 2891 1455 2891 1499 2891 1448 2892 1439 2892 1504 2892 1504 2893 1439 2893 1502 2893 1502 2894 1439 2894 1500 2894 1439 2895 1444 2895 1500 2895 1500 2896 1444 2896 1443 2896 1448 2897 1504 2897 1445 2897 1504 2898 1506 2898 1445 2898 1445 2899 1506 2899 1508 2899 1499 2900 1455 2900 1508 2900 1455 2901 1453 2901 1508 2901 1508 2902 1453 2902 1445 2902 1457 2903 1498 2903 1459 2903 1498 2904 1513 2904 1459 2904 1459 2905 1513 2905 1512 2905 1460 2906 1512 2906 1449 2906 1512 2907 1515 2907 1449 2907 1449 2908 1515 2908 1517 2908 1462 2909 1517 2909 1464 2909 1517 2910 1519 2910 1464 2910 1464 2911 1519 2911 1521 2911 1523 2912 1467 2912 1521 2912 1467 2913 1466 2913 1521 2913 1521 2914 1466 2914 1464 2914 1523 2915 1526 2915 1467 2915 1526 2916 858 2916 1467 2916 1467 2917 858 2917 860 2917 1441 2918 1440 2918 1505 2918 1447 2919 1446 2919 1509 2919 1509 2920 1446 2920 1510 2920 1514 2921 1497 2921 1454 2921 1516 2922 1511 2922 1458 2922 1461 2923 1463 2923 1522 2923 1465 2924 1468 2924 1525 2924 1468 2925 868 2925 1525 2925 1525 2926 868 2926 870 2926 1465 2927 1525 2927 1463 2927 1525 2928 1524 2928 1463 2928 1463 2929 1524 2929 1522 2929 1461 2930 1522 2930 1450 2930 1522 2931 1520 2931 1450 2931 1450 2932 1520 2932 1518 2932 1516 2933 1458 2933 1518 2933 1458 2934 1451 2934 1518 2934 1518 2935 1451 2935 1450 2935 1514 2936 1454 2936 1511 2936 1454 2937 1456 2937 1511 2937 1511 2938 1456 2938 1458 2938 1510 2939 1446 2939 1497 2939 1446 2940 1452 2940 1497 2940 1497 2941 1452 2941 1454 2941 1447 2942 1509 2942 1440 2942 1509 2943 1507 2943 1440 2943 1440 2944 1507 2944 1505 2944 1441 2945 1505 2945 1442 2945 1505 2946 1503 2946 1442 2946 1442 2947 1503 2947 1501 2947 1594 2948 1595 2948 1596 2948 1571 2949 1572 2949 1596 2949 1572 2950 1597 2950 1596 2950 1596 2951 1597 2951 1594 2951 1598 2952 1599 2952 1600 2952 1595 2953 1594 2953 1601 2953 1594 2954 1602 2954 1601 2954 1601 2955 1602 2955 1603 2955 1602 2956 1604 2956 1603 2956 1603 2957 1604 2957 1600 2957 1604 2958 1605 2958 1600 2958 1600 2959 1605 2959 1598 2959 1606 2960 1607 2960 1608 2960 1599 2961 1598 2961 1609 2961 1598 2962 1610 2962 1609 2962 1609 2963 1610 2963 1611 2963 1610 2964 1612 2964 1611 2964 1611 2965 1612 2965 1608 2965 1612 2966 1613 2966 1608 2966 1608 2967 1613 2967 1606 2967 1607 2968 1606 2968 1614 2968 1606 2969 1615 2969 1614 2969 1614 2970 1615 2970 1616 2970 1615 2971 1617 2971 1616 2971 1616 2972 1617 2972 1618 2972 1617 2973 1619 2973 1618 2973 1619 2974 1620 2974 1618 2974 1618 2975 1620 2975 1621 2975 1620 2976 859 2976 1621 2976 1621 2977 859 2977 867 2977 1614 2978 1616 2978 1622 2978 1623 2979 1624 2979 1611 2979 1611 2980 1624 2980 1609 2980 1600 2981 1599 2981 1625 2981 1601 2982 1603 2982 1626 2982 1596 2983 1595 2983 1627 2983 1596 2984 1627 2984 1571 2984 1627 2985 1628 2985 1571 2985 1571 2986 1628 2986 1573 2986 1601 2987 1626 2987 1595 2987 1626 2988 1629 2988 1595 2988 1595 2989 1629 2989 1627 2989 1600 2990 1625 2990 1603 2990 1625 2991 1630 2991 1603 2991 1603 2992 1630 2992 1626 2992 1609 2993 1624 2993 1599 2993 1624 2994 1631 2994 1599 2994 1599 2995 1631 2995 1625 2995 1623 2996 1611 2996 1632 2996 1611 2997 1608 2997 1632 2997 1632 2998 1608 2998 1607 2998 1614 2999 1622 2999 1607 2999 1622 3000 1633 3000 1607 3000 1607 3001 1633 3001 1632 3001 1618 3002 1634 3002 1616 3002 1634 3003 1635 3003 1616 3003 1616 3004 1635 3004 1622 3004 1618 3005 1621 3005 1634 3005 1621 3006 867 3006 1634 3006 1634 3007 867 3007 862 3007 1636 3008 1637 3008 1594 3008 1594 3009 1637 3009 1602 3009 1605 3010 1604 3010 1638 3010 1610 3011 1598 3011 1639 3011 1613 3012 1612 3012 1640 3012 1615 3013 1606 3013 1641 3013 1642 3014 1643 3014 1620 3014 1643 3015 861 3015 1620 3015 1620 3016 861 3016 859 3016 1642 3017 1620 3017 1644 3017 1620 3018 1619 3018 1644 3018 1644 3019 1619 3019 1617 3019 1615 3020 1641 3020 1617 3020 1641 3021 1645 3021 1617 3021 1617 3022 1645 3022 1644 3022 1613 3023 1640 3023 1606 3023 1640 3024 1646 3024 1606 3024 1606 3025 1646 3025 1641 3025 1610 3026 1639 3026 1612 3026 1639 3027 1647 3027 1612 3027 1612 3028 1647 3028 1640 3028 1605 3029 1638 3029 1598 3029 1638 3030 1648 3030 1598 3030 1598 3031 1648 3031 1639 3031 1602 3032 1637 3032 1604 3032 1637 3033 1649 3033 1604 3033 1604 3034 1649 3034 1638 3034 1636 3035 1594 3035 1574 3035 1594 3036 1597 3036 1574 3036 1574 3037 1597 3037 1572 3037 1626 3038 1638 3038 1649 3038 1574 3039 1573 3039 1636 3039 1573 3040 1628 3040 1636 3040 1636 3041 1628 3041 1637 3041 1628 3042 1627 3042 1637 3042 1637 3043 1627 3043 1649 3043 1627 3044 1629 3044 1649 3044 1649 3045 1629 3045 1626 3045 1625 3046 1639 3046 1648 3046 1638 3047 1626 3047 1648 3047 1626 3048 1630 3048 1648 3048 1648 3049 1630 3049 1625 3049 1632 3050 1641 3050 1646 3050 1639 3051 1625 3051 1647 3051 1625 3052 1631 3052 1647 3052 1647 3053 1631 3053 1640 3053 1631 3054 1624 3054 1640 3054 1640 3055 1624 3055 1646 3055 1624 3056 1623 3056 1646 3056 1646 3057 1623 3057 1632 3057 1641 3058 1632 3058 1645 3058 1632 3059 1633 3059 1645 3059 1645 3060 1633 3060 1644 3060 1633 3061 1622 3061 1644 3061 1644 3062 1622 3062 1642 3062 1622 3063 1635 3063 1642 3063 1635 3064 1634 3064 1642 3064 1642 3065 1634 3065 1643 3065 1634 3066 862 3066 1643 3066 1643 3067 862 3067 861 3067 1650 3068 1575 3068 1576 3068 1576 3069 1651 3069 1650 3069 1651 3070 1652 3070 1650 3070 1650 3071 1652 3071 1653 3071 1652 3072 1654 3072 1653 3072 1652 3073 1655 3073 1654 3073 1655 3074 1656 3074 1654 3074 1654 3075 1656 3075 1657 3075 1656 3076 1658 3076 1657 3076 1656 3077 1659 3077 1658 3077 1659 3078 1660 3078 1658 3078 1658 3079 1660 3079 1661 3079 1660 3080 1662 3080 1661 3080 1660 3081 1663 3081 1662 3081 1663 3082 1664 3082 1662 3082 1662 3083 1664 3083 1665 3083 1664 3084 1666 3084 1665 3084 1664 3085 1667 3085 1666 3085 1667 3086 1668 3086 1666 3086 1666 3087 1668 3087 1669 3087 1668 3088 1670 3088 1669 3088 1668 3089 1671 3089 1670 3089 1671 3090 1672 3090 1670 3090 1670 3091 1672 3091 1673 3091 1672 3092 1674 3092 1673 3092 1672 3093 1675 3093 1674 3093 1675 3094 1676 3094 1674 3094 1674 3095 1676 3095 1677 3095 1676 3096 863 3096 1677 3096 1677 3097 863 3097 864 3097 1670 3098 1673 3098 1678 3098 1679 3099 1680 3099 1665 3099 1665 3100 1680 3100 1662 3100 1681 3101 1682 3101 1657 3101 1683 3102 1684 3102 1653 3102 1653 3103 1684 3103 1650 3103 1650 3104 1684 3104 1575 3104 1684 3105 1685 3105 1575 3105 1575 3106 1685 3106 1577 3106 1683 3107 1653 3107 1682 3107 1653 3108 1654 3108 1682 3108 1682 3109 1654 3109 1657 3109 1681 3110 1657 3110 1686 3110 1657 3111 1658 3111 1686 3111 1686 3112 1658 3112 1661 3112 1662 3113 1680 3113 1661 3113 1680 3114 1687 3114 1661 3114 1661 3115 1687 3115 1686 3115 1679 3116 1665 3116 1688 3116 1665 3117 1666 3117 1688 3117 1688 3118 1666 3118 1669 3118 1670 3119 1678 3119 1669 3119 1678 3120 1689 3120 1669 3120 1669 3121 1689 3121 1688 3121 1674 3122 1690 3122 1673 3122 1690 3123 1691 3123 1673 3123 1673 3124 1691 3124 1678 3124 1674 3125 1677 3125 1690 3125 1677 3126 864 3126 1690 3126 1690 3127 864 3127 865 3127 1651 3128 1576 3128 1578 3128 1655 3129 1652 3129 1692 3129 1693 3130 1694 3130 1660 3130 1695 3131 1696 3131 1664 3131 1697 3132 1698 3132 1668 3132 1699 3133 1700 3133 1672 3133 1672 3134 1700 3134 1675 3134 863 3135 1676 3135 866 3135 1676 3136 1701 3136 866 3136 1675 3137 1700 3137 1676 3137 1700 3138 1702 3138 1676 3138 1676 3139 1702 3139 1701 3139 1699 3140 1672 3140 1698 3140 1672 3141 1671 3141 1698 3141 1698 3142 1671 3142 1668 3142 1697 3143 1668 3143 1696 3143 1668 3144 1667 3144 1696 3144 1696 3145 1667 3145 1664 3145 1695 3146 1664 3146 1694 3146 1664 3147 1663 3147 1694 3147 1694 3148 1663 3148 1660 3148 1693 3149 1660 3149 1703 3149 1660 3150 1659 3150 1703 3150 1703 3151 1659 3151 1656 3151 1655 3152 1692 3152 1656 3152 1692 3153 1704 3153 1656 3153 1656 3154 1704 3154 1703 3154 1651 3155 1578 3155 1652 3155 1578 3156 1705 3156 1652 3156 1652 3157 1705 3157 1692 3157 1682 3158 1703 3158 1704 3158 1578 3159 1577 3159 1705 3159 1577 3160 1685 3160 1705 3160 1705 3161 1685 3161 1692 3161 1685 3162 1684 3162 1692 3162 1692 3163 1684 3163 1704 3163 1684 3164 1683 3164 1704 3164 1704 3165 1683 3165 1682 3165 1686 3166 1694 3166 1693 3166 1703 3167 1682 3167 1693 3167 1682 3168 1681 3168 1693 3168 1693 3169 1681 3169 1686 3169 1680 3170 1696 3170 1695 3170 1694 3171 1686 3171 1695 3171 1686 3172 1687 3172 1695 3172 1695 3173 1687 3173 1680 3173 1678 3174 1700 3174 1699 3174 1696 3175 1680 3175 1697 3175 1680 3176 1679 3176 1697 3176 1697 3177 1679 3177 1698 3177 1679 3178 1688 3178 1698 3178 1698 3179 1688 3179 1699 3179 1688 3180 1689 3180 1699 3180 1699 3181 1689 3181 1678 3181 1700 3182 1678 3182 1702 3182 1678 3183 1691 3183 1702 3183 1702 3184 1691 3184 1701 3184 1691 3185 1690 3185 1701 3185 1690 3186 865 3186 1701 3186 1701 3187 865 3187 866 3187 1406 3188 1011 3188 1010 3188 1406 3189 1010 3189 1534 3189 1010 3190 1009 3190 1534 3190 1534 3191 1009 3191 1535 3191 1009 3192 1013 3192 1535 3192 1535 3193 1013 3193 1536 3193 1013 3194 1012 3194 1536 3194 1536 3195 1012 3195 1537 3195 1012 3196 1008 3196 1537 3196 1537 3197 1008 3197 1402 3197 904 3198 903 3198 1706 3198 900 3199 899 3199 1707 3199 893 3200 892 3200 1708 3200 874 3201 1709 3201 880 3201 877 3202 1710 3202 878 3202 1488 3203 1487 3203 1711 3203 1712 3204 299 3204 289 3204 1713 3205 300 3205 299 3205 1714 3206 301 3206 300 3206 1715 3207 297 3207 301 3207 294 3208 298 3208 1716 3208 298 3209 297 3209 1716 3209 1717 3210 965 3210 294 3210 969 3211 968 3211 1471 3211 968 3212 1718 3212 1471 3212 1471 3213 1718 3213 1472 3213 1718 3214 1719 3214 1472 3214 1472 3215 1719 3215 1473 3215 1473 3216 1719 3216 1474 3216 1719 3217 1720 3217 1474 3217 1474 3218 1720 3218 1475 3218 1475 3219 1720 3219 1476 3219 1720 3220 1721 3220 1476 3220 1476 3221 1721 3221 1477 3221 1477 3222 1721 3222 1478 3222 1721 3223 1722 3223 1478 3223 1478 3224 1722 3224 1479 3224 1722 3225 1723 3225 1479 3225 1479 3226 1723 3226 1484 3226 1484 3227 1723 3227 1485 3227 1723 3228 1724 3228 1485 3228 1485 3229 1724 3229 1486 3229 1495 3230 1492 3230 1725 3230 1492 3231 1491 3231 1725 3231 1725 3232 1491 3232 1726 3232 1491 3233 1490 3233 1726 3233 1711 3234 1487 3234 1727 3234 1487 3235 1481 3235 1727 3235 1481 3236 1480 3236 1727 3236 1727 3237 1480 3237 1725 3237 1480 3238 1496 3238 1725 3238 1725 3239 1496 3239 1495 3239 1493 3240 1728 3240 1494 3240 1728 3241 1469 3241 1494 3241 1469 3242 1728 3242 1470 3242 1728 3243 1729 3243 1470 3243 1470 3244 1729 3244 1482 3244 1102 3245 309 3245 1730 3245 309 3246 312 3246 1730 3246 1730 3247 312 3247 1729 3247 312 3248 1483 3248 1729 3248 1729 3249 1483 3249 1482 3249 869 3250 1052 3250 871 3250 1052 3251 1731 3251 871 3251 1732 3252 875 3252 1731 3252 875 3253 872 3253 1731 3253 1731 3254 872 3254 871 3254 878 3255 1710 3255 879 3255 1710 3256 1733 3256 879 3256 879 3257 1733 3257 873 3257 880 3258 1709 3258 881 3258 1709 3259 1734 3259 881 3259 881 3260 1734 3260 882 3260 882 3261 1734 3261 883 3261 1734 3262 1735 3262 883 3262 883 3263 1735 3263 884 3263 884 3264 1735 3264 885 3264 1735 3265 1736 3265 885 3265 885 3266 1736 3266 886 3266 887 3267 1737 3267 888 3267 1737 3268 889 3268 888 3268 893 3269 1708 3269 894 3269 1259 3270 907 3270 1738 3270 907 3271 908 3271 1738 3271 1738 3272 908 3272 1739 3272 908 3273 905 3273 1739 3273 1739 3274 905 3274 904 3274 1740 3275 1741 3275 1063 3275 1741 3276 1051 3276 1063 3276 1063 3277 1051 3277 1050 3277 1063 3278 1065 3278 1740 3278 1065 3279 1066 3279 1740 3279 1740 3280 1066 3280 1742 3280 1066 3281 1068 3281 1742 3281 1068 3282 1069 3282 1742 3282 1742 3283 1069 3283 1743 3283 1069 3284 1071 3284 1743 3284 1071 3285 1072 3285 1743 3285 1743 3286 1072 3286 1744 3286 1072 3287 1074 3287 1744 3287 1074 3288 1075 3288 1744 3288 1744 3289 1075 3289 1745 3289 1075 3290 1077 3290 1745 3290 1077 3291 1078 3291 1745 3291 1745 3292 1078 3292 1746 3292 1078 3293 1080 3293 1746 3293 1080 3294 1081 3294 1746 3294 1746 3295 1081 3295 1747 3295 1081 3296 1083 3296 1747 3296 1083 3297 1084 3297 1747 3297 1747 3298 1084 3298 1748 3298 1084 3299 1086 3299 1748 3299 1086 3300 1087 3300 1748 3300 1748 3301 1087 3301 1749 3301 1087 3302 1089 3302 1749 3302 1089 3303 1090 3303 1749 3303 1749 3304 1090 3304 1750 3304 1090 3305 1092 3305 1750 3305 1092 3306 1093 3306 1750 3306 1750 3307 1093 3307 1751 3307 1093 3308 1095 3308 1751 3308 1095 3309 1096 3309 1751 3309 1751 3310 1096 3310 1752 3310 1096 3311 1098 3311 1752 3311 1098 3312 1099 3312 1752 3312 1752 3313 1099 3313 1730 3313 1099 3314 1101 3314 1730 3314 1730 3315 1101 3315 1102 3315 1753 3316 1256 3316 1738 3316 1256 3317 1258 3317 1738 3317 1738 3318 1258 3318 1259 3318 1488 3319 1711 3319 1489 3319 1711 3320 1754 3320 1489 3320 1489 3321 1754 3321 1493 3321 1754 3322 1755 3322 1493 3322 1493 3323 1755 3323 1728 3323 1755 3324 1756 3324 1728 3324 1728 3325 1756 3325 1729 3325 1756 3326 1757 3326 1729 3326 1729 3327 1757 3327 1730 3327 1757 3328 1758 3328 1730 3328 1730 3329 1758 3329 1752 3329 1758 3330 1759 3330 1752 3330 1752 3331 1759 3331 1751 3331 1759 3332 1760 3332 1751 3332 1751 3333 1760 3333 1750 3333 1760 3334 1761 3334 1750 3334 1750 3335 1761 3335 1749 3335 1761 3336 1762 3336 1749 3336 1749 3337 1762 3337 1748 3337 1762 3338 1763 3338 1748 3338 1748 3339 1763 3339 1747 3339 1763 3340 1764 3340 1747 3340 1747 3341 1764 3341 1746 3341 1764 3342 1765 3342 1746 3342 1746 3343 1765 3343 1745 3343 1765 3344 1766 3344 1745 3344 1745 3345 1766 3345 1744 3345 1766 3346 1767 3346 1744 3346 1744 3347 1767 3347 1743 3347 1767 3348 1768 3348 1743 3348 1743 3349 1768 3349 1742 3349 1768 3350 1732 3350 1742 3350 1742 3351 1732 3351 1740 3351 1732 3352 1731 3352 1740 3352 1740 3353 1731 3353 1741 3353 1731 3354 1052 3354 1741 3354 1741 3355 1052 3355 1051 3355 1769 3356 1770 3356 1250 3356 1250 3357 1252 3357 1769 3357 1252 3358 1253 3358 1769 3358 1769 3359 1253 3359 1753 3359 1253 3360 1255 3360 1753 3360 1753 3361 1255 3361 1256 3361 1771 3362 1772 3362 1244 3362 1244 3363 1246 3363 1771 3363 1246 3364 1247 3364 1771 3364 1771 3365 1247 3365 1770 3365 1247 3366 1249 3366 1770 3366 1770 3367 1249 3367 1250 3367 1486 3368 1724 3368 1490 3368 1724 3369 1773 3369 1490 3369 1490 3370 1773 3370 1726 3370 1773 3371 1774 3371 1726 3371 1726 3372 1774 3372 1725 3372 1774 3373 1775 3373 1725 3373 1725 3374 1775 3374 1727 3374 1775 3375 1776 3375 1727 3375 1727 3376 1776 3376 1711 3376 1776 3377 1777 3377 1711 3377 1711 3378 1777 3378 1754 3378 1777 3379 1778 3379 1754 3379 1754 3380 1778 3380 1755 3380 1778 3381 1779 3381 1755 3381 1755 3382 1779 3382 1756 3382 1779 3383 1780 3383 1756 3383 1756 3384 1780 3384 1757 3384 1780 3385 1781 3385 1757 3385 1757 3386 1781 3386 1758 3386 1781 3387 1782 3387 1758 3387 1758 3388 1782 3388 1759 3388 1782 3389 1783 3389 1759 3389 1759 3390 1783 3390 1760 3390 1783 3391 1784 3391 1760 3391 1760 3392 1784 3392 1761 3392 1784 3393 1785 3393 1761 3393 1761 3394 1785 3394 1762 3394 1785 3395 1786 3395 1762 3395 1762 3396 1786 3396 1763 3396 1786 3397 1787 3397 1763 3397 1763 3398 1787 3398 1764 3398 1787 3399 1788 3399 1764 3399 1764 3400 1788 3400 1765 3400 1788 3401 1789 3401 1765 3401 1765 3402 1789 3402 1766 3402 1789 3403 1733 3403 1766 3403 1766 3404 1733 3404 1767 3404 1733 3405 1710 3405 1767 3405 1767 3406 1710 3406 1768 3406 1710 3407 877 3407 1768 3407 1768 3408 877 3408 1732 3408 877 3409 876 3409 1732 3409 1732 3410 876 3410 875 3410 1790 3411 1791 3411 1238 3411 1238 3412 1240 3412 1790 3412 1240 3413 1241 3413 1790 3413 1790 3414 1241 3414 1772 3414 1241 3415 1243 3415 1772 3415 1772 3416 1243 3416 1244 3416 1792 3417 1793 3417 1232 3417 1232 3418 1234 3418 1792 3418 1234 3419 1235 3419 1792 3419 1792 3420 1235 3420 1791 3420 1235 3421 1237 3421 1791 3421 1791 3422 1237 3422 1238 3422 1794 3423 1795 3423 1226 3423 1226 3424 1228 3424 1794 3424 1228 3425 1229 3425 1794 3425 1794 3426 1229 3426 1793 3426 1229 3427 1231 3427 1793 3427 1793 3428 1231 3428 1232 3428 1220 3429 1222 3429 1796 3429 1222 3430 1223 3430 1796 3430 1796 3431 1223 3431 1795 3431 1223 3432 1225 3432 1795 3432 1795 3433 1225 3433 1226 3433 288 3434 995 3434 289 3434 995 3435 1797 3435 289 3435 289 3436 1797 3436 1712 3436 1797 3437 1798 3437 1712 3437 1712 3438 1798 3438 1799 3438 1798 3439 1800 3439 1799 3439 1799 3440 1800 3440 1801 3440 1800 3441 1802 3441 1801 3441 1801 3442 1802 3442 1803 3442 1802 3443 1804 3443 1803 3443 1803 3444 1804 3444 1805 3444 1804 3445 1806 3445 1805 3445 1805 3446 1806 3446 1807 3446 1806 3447 1808 3447 1807 3447 1807 3448 1808 3448 1809 3448 1808 3449 1810 3449 1809 3449 1809 3450 1810 3450 1811 3450 1810 3451 1812 3451 1811 3451 1811 3452 1812 3452 1813 3452 1812 3453 1814 3453 1813 3453 1813 3454 1814 3454 1815 3454 1814 3455 1816 3455 1815 3455 1815 3456 1816 3456 1817 3456 1816 3457 1818 3457 1817 3457 1817 3458 1818 3458 1819 3458 1818 3459 1820 3459 1819 3459 1819 3460 1820 3460 1821 3460 1820 3461 1822 3461 1821 3461 1821 3462 1822 3462 1823 3462 1822 3463 1706 3463 1823 3463 1823 3464 1706 3464 1824 3464 1706 3465 903 3465 1824 3465 1824 3466 903 3466 1825 3466 903 3467 902 3467 1825 3467 1825 3468 902 3468 901 3468 299 3469 1712 3469 1713 3469 1712 3470 1799 3470 1713 3470 1713 3471 1799 3471 1826 3471 1799 3472 1801 3472 1826 3472 1826 3473 1801 3473 1827 3473 1801 3474 1803 3474 1827 3474 1827 3475 1803 3475 1828 3475 1803 3476 1805 3476 1828 3476 1828 3477 1805 3477 1829 3477 1805 3478 1807 3478 1829 3478 1829 3479 1807 3479 1830 3479 1807 3480 1809 3480 1830 3480 1830 3481 1809 3481 1831 3481 1809 3482 1811 3482 1831 3482 1831 3483 1811 3483 1832 3483 1811 3484 1813 3484 1832 3484 1832 3485 1813 3485 1833 3485 1813 3486 1815 3486 1833 3486 1833 3487 1815 3487 1834 3487 1815 3488 1817 3488 1834 3488 1834 3489 1817 3489 1835 3489 1817 3490 1819 3490 1835 3490 1835 3491 1819 3491 1836 3491 1819 3492 1821 3492 1836 3492 1836 3493 1821 3493 1837 3493 1821 3494 1823 3494 1837 3494 1837 3495 1823 3495 1838 3495 1823 3496 1824 3496 1838 3496 1838 3497 1824 3497 1839 3497 1824 3498 1825 3498 1839 3498 1839 3499 1825 3499 1707 3499 1825 3500 901 3500 1707 3500 1707 3501 901 3501 900 3501 300 3502 1713 3502 1714 3502 1713 3503 1826 3503 1714 3503 1714 3504 1826 3504 1840 3504 1826 3505 1827 3505 1840 3505 1840 3506 1827 3506 1841 3506 1827 3507 1828 3507 1841 3507 1841 3508 1828 3508 1842 3508 1828 3509 1829 3509 1842 3509 1842 3510 1829 3510 1843 3510 1829 3511 1830 3511 1843 3511 1843 3512 1830 3512 1844 3512 1830 3513 1831 3513 1844 3513 1844 3514 1831 3514 1845 3514 1831 3515 1832 3515 1845 3515 1845 3516 1832 3516 1846 3516 1832 3517 1833 3517 1846 3517 1846 3518 1833 3518 1847 3518 1833 3519 1834 3519 1847 3519 1847 3520 1834 3520 1848 3520 1834 3521 1835 3521 1848 3521 1848 3522 1835 3522 1849 3522 1835 3523 1836 3523 1849 3523 1849 3524 1836 3524 1850 3524 1836 3525 1837 3525 1850 3525 1850 3526 1837 3526 1851 3526 1837 3527 1838 3527 1851 3527 1851 3528 1838 3528 1852 3528 1838 3529 1839 3529 1852 3529 1852 3530 1839 3530 1853 3530 1839 3531 1707 3531 1853 3531 1853 3532 1707 3532 1854 3532 1707 3533 899 3533 1854 3533 1854 3534 899 3534 1855 3534 899 3535 898 3535 1855 3535 1855 3536 898 3536 897 3536 301 3537 1714 3537 1715 3537 1714 3538 1840 3538 1715 3538 1715 3539 1840 3539 1856 3539 1840 3540 1841 3540 1856 3540 1856 3541 1841 3541 1857 3541 1841 3542 1842 3542 1857 3542 1857 3543 1842 3543 1858 3543 1842 3544 1843 3544 1858 3544 1858 3545 1843 3545 1859 3545 1843 3546 1844 3546 1859 3546 1859 3547 1844 3547 1860 3547 1844 3548 1845 3548 1860 3548 1860 3549 1845 3549 1861 3549 1845 3550 1846 3550 1861 3550 1861 3551 1846 3551 1862 3551 1846 3552 1847 3552 1862 3552 1862 3553 1847 3553 1863 3553 1847 3554 1848 3554 1863 3554 1863 3555 1848 3555 1864 3555 1848 3556 1849 3556 1864 3556 1864 3557 1849 3557 1865 3557 1849 3558 1850 3558 1865 3558 1865 3559 1850 3559 1866 3559 1850 3560 1851 3560 1866 3560 1866 3561 1851 3561 1867 3561 1851 3562 1852 3562 1867 3562 1867 3563 1852 3563 1868 3563 1852 3564 1853 3564 1868 3564 1868 3565 1853 3565 1869 3565 1853 3566 1854 3566 1869 3566 1869 3567 1854 3567 1870 3567 1854 3568 1855 3568 1870 3568 1870 3569 1855 3569 1871 3569 1855 3570 897 3570 1871 3570 1871 3571 897 3571 1872 3571 897 3572 896 3572 1872 3572 1872 3573 896 3573 895 3573 297 3574 1715 3574 1716 3574 1715 3575 1856 3575 1716 3575 1716 3576 1856 3576 1873 3576 1856 3577 1857 3577 1873 3577 1873 3578 1857 3578 1874 3578 1857 3579 1858 3579 1874 3579 1874 3580 1858 3580 1875 3580 1858 3581 1859 3581 1875 3581 1875 3582 1859 3582 1876 3582 1859 3583 1860 3583 1876 3583 1876 3584 1860 3584 1877 3584 1860 3585 1861 3585 1877 3585 1877 3586 1861 3586 1878 3586 1861 3587 1862 3587 1878 3587 1878 3588 1862 3588 1879 3588 1862 3589 1863 3589 1879 3589 1879 3590 1863 3590 1880 3590 1863 3591 1864 3591 1880 3591 1880 3592 1864 3592 1881 3592 1864 3593 1865 3593 1881 3593 1881 3594 1865 3594 1882 3594 1865 3595 1866 3595 1882 3595 1882 3596 1866 3596 1883 3596 1866 3597 1867 3597 1883 3597 1883 3598 1867 3598 1884 3598 1867 3599 1868 3599 1884 3599 1884 3600 1868 3600 1885 3600 1868 3601 1869 3601 1885 3601 1885 3602 1869 3602 1886 3602 1869 3603 1870 3603 1886 3603 1886 3604 1870 3604 1887 3604 1870 3605 1871 3605 1887 3605 1887 3606 1871 3606 1888 3606 1871 3607 1872 3607 1888 3607 1888 3608 1872 3608 1708 3608 1872 3609 895 3609 1708 3609 1708 3610 895 3610 894 3610 294 3611 1716 3611 1717 3611 1716 3612 1873 3612 1717 3612 1717 3613 1873 3613 1889 3613 1873 3614 1874 3614 1889 3614 1889 3615 1874 3615 1890 3615 1874 3616 1875 3616 1890 3616 1890 3617 1875 3617 1891 3617 1875 3618 1876 3618 1891 3618 1891 3619 1876 3619 1892 3619 1876 3620 1877 3620 1892 3620 1892 3621 1877 3621 1893 3621 1877 3622 1878 3622 1893 3622 1893 3623 1878 3623 1894 3623 1878 3624 1879 3624 1894 3624 1894 3625 1879 3625 1895 3625 1879 3626 1880 3626 1895 3626 1895 3627 1880 3627 1896 3627 1880 3628 1881 3628 1896 3628 1896 3629 1881 3629 1897 3629 1881 3630 1882 3630 1897 3630 1897 3631 1882 3631 1898 3631 1882 3632 1883 3632 1898 3632 1898 3633 1883 3633 1899 3633 1883 3634 1884 3634 1899 3634 1899 3635 1884 3635 1900 3635 1884 3636 1885 3636 1900 3636 1900 3637 1885 3637 1901 3637 1885 3638 1886 3638 1901 3638 1901 3639 1886 3639 1902 3639 1886 3640 1887 3640 1902 3640 1902 3641 1887 3641 1903 3641 1887 3642 1888 3642 1903 3642 1903 3643 1888 3643 1904 3643 1888 3644 1708 3644 1904 3644 1904 3645 1708 3645 1905 3645 1708 3646 892 3646 1905 3646 1905 3647 892 3647 1906 3647 892 3648 891 3648 1906 3648 1906 3649 891 3649 890 3649 1796 3650 1907 3650 1220 3650 1907 3651 994 3651 1220 3651 1220 3652 994 3652 993 3652 904 3653 1706 3653 1739 3653 1706 3654 1822 3654 1739 3654 1739 3655 1822 3655 1738 3655 1822 3656 1820 3656 1738 3656 1738 3657 1820 3657 1753 3657 1820 3658 1818 3658 1753 3658 1753 3659 1818 3659 1769 3659 1818 3660 1816 3660 1769 3660 1769 3661 1816 3661 1770 3661 1816 3662 1814 3662 1770 3662 1770 3663 1814 3663 1771 3663 1814 3664 1812 3664 1771 3664 1771 3665 1812 3665 1772 3665 1812 3666 1810 3666 1772 3666 1772 3667 1810 3667 1790 3667 1810 3668 1808 3668 1790 3668 1790 3669 1808 3669 1791 3669 1808 3670 1806 3670 1791 3670 1791 3671 1806 3671 1792 3671 1806 3672 1804 3672 1792 3672 1792 3673 1804 3673 1793 3673 1804 3674 1802 3674 1793 3674 1793 3675 1802 3675 1794 3675 1802 3676 1800 3676 1794 3676 1794 3677 1800 3677 1795 3677 1800 3678 1798 3678 1795 3678 1795 3679 1798 3679 1796 3679 1798 3680 1797 3680 1796 3680 1796 3681 1797 3681 1907 3681 1797 3682 995 3682 1907 3682 1907 3683 995 3683 994 3683 889 3684 1737 3684 890 3684 1737 3685 1908 3685 890 3685 890 3686 1908 3686 1906 3686 1908 3687 1909 3687 1906 3687 1906 3688 1909 3688 1905 3688 1909 3689 1910 3689 1905 3689 1905 3690 1910 3690 1904 3690 1910 3691 1911 3691 1904 3691 1904 3692 1911 3692 1903 3692 1911 3693 1912 3693 1903 3693 1903 3694 1912 3694 1902 3694 1912 3695 1913 3695 1902 3695 1902 3696 1913 3696 1901 3696 1913 3697 1914 3697 1901 3697 1901 3698 1914 3698 1900 3698 1914 3699 1915 3699 1900 3699 1900 3700 1915 3700 1899 3700 1915 3701 1916 3701 1899 3701 1899 3702 1916 3702 1898 3702 1916 3703 1917 3703 1898 3703 1898 3704 1917 3704 1897 3704 1917 3705 1918 3705 1897 3705 1897 3706 1918 3706 1896 3706 1918 3707 1919 3707 1896 3707 1896 3708 1919 3708 1895 3708 1919 3709 1920 3709 1895 3709 1895 3710 1920 3710 1894 3710 1920 3711 1921 3711 1894 3711 1894 3712 1921 3712 1893 3712 1921 3713 1922 3713 1893 3713 1893 3714 1922 3714 1892 3714 1922 3715 1923 3715 1892 3715 1892 3716 1923 3716 1891 3716 1923 3717 1924 3717 1891 3717 1891 3718 1924 3718 1890 3718 1924 3719 1925 3719 1890 3719 1890 3720 1925 3720 1889 3720 1925 3721 1926 3721 1889 3721 1889 3722 1926 3722 1717 3722 1926 3723 964 3723 1717 3723 1717 3724 964 3724 965 3724 886 3725 1736 3725 887 3725 1736 3726 1927 3726 887 3726 887 3727 1927 3727 1737 3727 1927 3728 1928 3728 1737 3728 1737 3729 1928 3729 1908 3729 1928 3730 1929 3730 1908 3730 1908 3731 1929 3731 1909 3731 1929 3732 1930 3732 1909 3732 1909 3733 1930 3733 1910 3733 1930 3734 1931 3734 1910 3734 1910 3735 1931 3735 1911 3735 1931 3736 1932 3736 1911 3736 1911 3737 1932 3737 1912 3737 1932 3738 1933 3738 1912 3738 1912 3739 1933 3739 1913 3739 1933 3740 1934 3740 1913 3740 1913 3741 1934 3741 1914 3741 1934 3742 1935 3742 1914 3742 1914 3743 1935 3743 1915 3743 1935 3744 1936 3744 1915 3744 1915 3745 1936 3745 1916 3745 1936 3746 1937 3746 1916 3746 1916 3747 1937 3747 1917 3747 1937 3748 1938 3748 1917 3748 1917 3749 1938 3749 1918 3749 1938 3750 1939 3750 1918 3750 1918 3751 1939 3751 1919 3751 1939 3752 1940 3752 1919 3752 1919 3753 1940 3753 1920 3753 1940 3754 1941 3754 1920 3754 1920 3755 1941 3755 1921 3755 1941 3756 1942 3756 1921 3756 1921 3757 1942 3757 1922 3757 1942 3758 1943 3758 1922 3758 1922 3759 1943 3759 1923 3759 1943 3760 1944 3760 1923 3760 1923 3761 1944 3761 1924 3761 1944 3762 1945 3762 1924 3762 1924 3763 1945 3763 1925 3763 1945 3764 1946 3764 1925 3764 1925 3765 1946 3765 1926 3765 1946 3766 966 3766 1926 3766 1926 3767 966 3767 964 3767 1734 3768 1947 3768 1735 3768 1947 3769 1948 3769 1735 3769 1735 3770 1948 3770 1736 3770 1948 3771 1949 3771 1736 3771 1736 3772 1949 3772 1927 3772 1949 3773 1950 3773 1927 3773 1927 3774 1950 3774 1928 3774 1950 3775 1951 3775 1928 3775 1928 3776 1951 3776 1929 3776 1951 3777 1952 3777 1929 3777 1929 3778 1952 3778 1930 3778 1952 3779 1953 3779 1930 3779 1930 3780 1953 3780 1931 3780 1953 3781 1954 3781 1931 3781 1931 3782 1954 3782 1932 3782 1954 3783 1955 3783 1932 3783 1932 3784 1955 3784 1933 3784 1955 3785 1956 3785 1933 3785 1933 3786 1956 3786 1934 3786 1956 3787 1957 3787 1934 3787 1934 3788 1957 3788 1935 3788 1957 3789 1958 3789 1935 3789 1935 3790 1958 3790 1936 3790 1958 3791 1959 3791 1936 3791 1936 3792 1959 3792 1937 3792 1959 3793 1960 3793 1937 3793 1937 3794 1960 3794 1938 3794 1960 3795 1961 3795 1938 3795 1938 3796 1961 3796 1939 3796 1961 3797 1962 3797 1939 3797 1939 3798 1962 3798 1940 3798 1962 3799 1963 3799 1940 3799 1940 3800 1963 3800 1941 3800 1963 3801 1964 3801 1941 3801 1941 3802 1964 3802 1942 3802 1964 3803 1965 3803 1942 3803 1942 3804 1965 3804 1943 3804 1965 3805 1966 3805 1943 3805 1943 3806 1966 3806 1944 3806 1966 3807 1967 3807 1944 3807 1944 3808 1967 3808 1945 3808 1967 3809 1968 3809 1945 3809 1945 3810 1968 3810 1946 3810 1968 3811 967 3811 1946 3811 1946 3812 967 3812 966 3812 873 3813 1733 3813 874 3813 1733 3814 1789 3814 874 3814 874 3815 1789 3815 1709 3815 1789 3816 1788 3816 1709 3816 1709 3817 1788 3817 1734 3817 1788 3818 1787 3818 1734 3818 1734 3819 1787 3819 1947 3819 1787 3820 1786 3820 1947 3820 1947 3821 1786 3821 1948 3821 1786 3822 1785 3822 1948 3822 1948 3823 1785 3823 1949 3823 1785 3824 1784 3824 1949 3824 1949 3825 1784 3825 1950 3825 1784 3826 1783 3826 1950 3826 1950 3827 1783 3827 1951 3827 1783 3828 1782 3828 1951 3828 1951 3829 1782 3829 1952 3829 1782 3830 1781 3830 1952 3830 1952 3831 1781 3831 1953 3831 1781 3832 1780 3832 1953 3832 1953 3833 1780 3833 1954 3833 1780 3834 1779 3834 1954 3834 1954 3835 1779 3835 1955 3835 1779 3836 1778 3836 1955 3836 1955 3837 1778 3837 1956 3837 1778 3838 1777 3838 1956 3838 1956 3839 1777 3839 1957 3839 1777 3840 1776 3840 1957 3840 1957 3841 1776 3841 1958 3841 1776 3842 1775 3842 1958 3842 1958 3843 1775 3843 1959 3843 1775 3844 1774 3844 1959 3844 1959 3845 1774 3845 1960 3845 1774 3846 1773 3846 1960 3846 1960 3847 1773 3847 1961 3847 1773 3848 1724 3848 1961 3848 1961 3849 1724 3849 1962 3849 1724 3850 1723 3850 1962 3850 1962 3851 1723 3851 1963 3851 1723 3852 1722 3852 1963 3852 1963 3853 1722 3853 1964 3853 1722 3854 1721 3854 1964 3854 1964 3855 1721 3855 1965 3855 1721 3856 1720 3856 1965 3856 1965 3857 1720 3857 1966 3857 1720 3858 1719 3858 1966 3858 1966 3859 1719 3859 1967 3859 1719 3860 1718 3860 1967 3860 1967 3861 1718 3861 1968 3861 1718 3862 968 3862 1968 3862 1968 3863 968 3863 967 3863 412 3864 413 3864 277 3864 413 3865 278 3865 277 3865 1433 3866 251 3866 510 3866 479 3867 1558 3867 483 3867 1558 3868 1557 3868 483 3868 483 3869 1557 3869 484 3869 1557 3870 1556 3870 484 3870 484 3871 1556 3871 511 3871 1556 3872 1555 3872 511 3872 511 3873 1555 3873 510 3873 1555 3874 1554 3874 510 3874 510 3875 1554 3875 1433 3875 1548 3876 1549 3876 473 3876 1549 3877 1553 3877 473 3877 1553 3878 1552 3878 473 3878 473 3879 1552 3879 478 3879 1552 3880 1551 3880 478 3880 478 3881 1551 3881 479 3881 1551 3882 1550 3882 479 3882 479 3883 1550 3883 1558 3883 1547 3884 1546 3884 468 3884 473 3885 472 3885 1548 3885 472 3886 468 3886 1548 3886 1548 3887 468 3887 1545 3887 468 3888 1546 3888 1545 3888 1544 3889 1543 3889 465 3889 468 3890 466 3890 1547 3890 466 3891 465 3891 1547 3891 1547 3892 465 3892 1542 3892 465 3893 1543 3893 1542 3893 1540 3894 459 3894 1426 3894 459 3895 448 3895 1426 3895 1426 3896 448 3896 447 3896 465 3897 460 3897 1544 3897 460 3898 459 3898 1544 3898 1544 3899 459 3899 1541 3899 459 3900 1540 3900 1541 3900 433 3901 434 3901 686 3901 434 3902 687 3902 686 3902 1587 3903 1580 3903 469 3903 1580 3904 1579 3904 469 3904 469 3905 1579 3905 464 3905 1579 3906 462 3906 464 3906 1587 3907 469 3907 1588 3907 469 3908 471 3908 1588 3908 1588 3909 471 3909 1589 3909 471 3910 475 3910 1589 3910 1589 3911 475 3911 1590 3911 475 3912 477 3912 1590 3912 1590 3913 477 3913 1591 3913 477 3914 481 3914 1591 3914 1591 3915 481 3915 1592 3915 481 3916 482 3916 1592 3916 1592 3917 482 3917 1593 3917 482 3918 485 3918 1593 3918 485 3919 237 3919 1593 3919 1593 3920 237 3920 1538 3920 1579 3921 1581 3921 462 3921 1581 3922 1584 3922 462 3922 462 3923 1584 3923 458 3923 1584 3924 1583 3924 458 3924 458 3925 1583 3925 456 3925 1583 3926 1582 3926 456 3926 456 3927 1582 3927 454 3927 1582 3928 1586 3928 454 3928 454 3929 1586 3929 452 3929 1586 3930 1585 3930 452 3930 452 3931 1585 3931 451 3931 1585 3932 1415 3932 451 3932 451 3933 1415 3933 447 3933 1969 3934 1970 3934 1971 3934 1969 3935 1971 3935 1972 3935 1971 3936 1973 3936 1972 3936 1972 3937 1973 3937 1974 3937 1973 3938 1975 3938 1974 3938 1974 3939 1975 3939 1976 3939 1975 3940 1977 3940 1976 3940 1976 3941 1977 3941 1978 3941 1977 3942 1979 3942 1978 3942 1978 3943 1979 3943 1980 3943 1979 3944 1981 3944 1980 3944 1980 3945 1981 3945 1982 3945 1981 3946 1983 3946 1982 3946 1982 3947 1983 3947 1984 3947 1983 3948 1985 3948 1984 3948 1984 3949 1985 3949 1986 3949 1985 3950 1987 3950 1986 3950 1986 3951 1987 3951 1988 3951 1987 3952 1989 3952 1988 3952 1988 3953 1989 3953 1990 3953 1989 3954 1991 3954 1990 3954 1990 3955 1991 3955 1992 3955 1991 3956 1993 3956 1992 3956 1992 3957 1993 3957 1994 3957 1993 3958 1995 3958 1994 3958 1994 3959 1995 3959 1996 3959 1995 3960 1997 3960 1996 3960 1996 3961 1997 3961 1998 3961 1997 3962 1999 3962 1998 3962 1998 3963 1999 3963 2000 3963 1999 3964 2001 3964 2000 3964 2000 3965 2001 3965 2002 3965 2001 3966 2003 3966 2002 3966 2002 3967 2003 3967 2004 3967 2003 3968 2005 3968 2004 3968 2004 3969 2005 3969 2006 3969 2005 3970 2007 3970 2006 3970 2006 3971 2007 3971 2008 3971 2007 3972 2009 3972 2008 3972 2008 3973 2009 3973 2010 3973 2009 3974 2011 3974 2010 3974 2010 3975 2011 3975 2012 3975 2013 3976 2014 3976 2015 3976 2014 3977 2016 3977 2015 3977 2015 3978 2016 3978 2017 3978 2016 3979 2018 3979 2017 3979 2017 3980 2018 3980 2019 3980 2018 3981 2020 3981 2019 3981 2019 3982 2020 3982 2021 3982 2020 3983 2022 3983 2021 3983 2023 3984 2024 3984 2025 3984 2024 3985 2026 3985 2025 3985 2025 3986 2026 3986 2027 3986 2026 3987 2028 3987 2027 3987 2027 3988 2028 3988 2029 3988 2028 3989 2030 3989 2029 3989 2029 3990 2030 3990 2031 3990 2030 3991 2032 3991 2031 3991 2032 3992 2014 3992 2031 3992 2014 3993 2013 3993 2031 3993 2021 3994 2022 3994 2033 3994 2021 3995 2033 3995 2034 3995 2033 3996 2035 3996 2034 3996 2034 3997 2035 3997 2036 3997 2035 3998 2037 3998 2036 3998 2036 3999 2037 3999 2038 3999 2037 4000 2039 4000 2038 4000 2038 4001 2039 4001 2040 4001 2039 4002 2041 4002 2040 4002 2040 4003 2041 4003 2042 4003 2041 4004 2043 4004 2042 4004 2042 4005 2043 4005 2044 4005 2045 4006 2046 4006 2047 4006 2045 4007 2047 4007 2048 4007 2047 4008 2049 4008 2048 4008 2048 4009 2049 4009 2050 4009 2049 4010 2051 4010 2050 4010 2050 4011 2051 4011 2052 4011 2051 4012 2053 4012 2052 4012 2052 4013 2053 4013 2054 4013 2053 4014 2055 4014 2054 4014 2054 4015 2055 4015 2056 4015 2055 4016 2024 4016 2056 4016 2056 4017 2024 4017 2023 4017 2057 4018 2058 4018 2059 4018 2058 4019 2060 4019 2059 4019 2059 4020 2060 4020 2061 4020 2060 4021 2062 4021 2061 4021 2061 4022 2062 4022 2063 4022 2062 4023 2064 4023 2063 4023 2063 4024 2064 4024 2065 4024 2064 4025 2066 4025 2065 4025 2067 4026 2068 4026 2069 4026 2068 4027 2070 4027 2069 4027 2069 4028 2070 4028 2071 4028 2070 4029 2072 4029 2071 4029 2071 4030 2072 4030 2073 4030 2072 4031 2074 4031 2073 4031 2073 4032 2074 4032 2075 4032 2074 4033 2076 4033 2075 4033 2076 4034 2058 4034 2075 4034 2058 4035 2057 4035 2075 4035 2065 4036 2066 4036 2077 4036 2065 4037 2077 4037 2078 4037 2077 4038 2079 4038 2078 4038 2078 4039 2079 4039 2080 4039 2079 4040 2081 4040 2080 4040 2080 4041 2081 4041 2082 4041 2081 4042 2083 4042 2082 4042 2082 4043 2083 4043 2084 4043 2083 4044 2085 4044 2084 4044 2084 4045 2085 4045 2086 4045 2085 4046 2087 4046 2086 4046 2086 4047 2087 4047 2088 4047 2089 4048 2090 4048 2091 4048 2089 4049 2091 4049 2092 4049 2091 4050 2093 4050 2092 4050 2092 4051 2093 4051 2094 4051 2093 4052 2095 4052 2094 4052 2094 4053 2095 4053 2096 4053 2095 4054 2097 4054 2096 4054 2096 4055 2097 4055 2098 4055 2097 4056 2099 4056 2098 4056 2098 4057 2099 4057 2100 4057 2099 4058 2068 4058 2100 4058 2100 4059 2068 4059 2067 4059 2101 4060 2102 4060 2103 4060 2102 4061 2104 4061 2103 4061 2103 4062 2104 4062 2105 4062 2104 4063 2106 4063 2105 4063 2105 4064 2106 4064 2107 4064 2106 4065 2108 4065 2107 4065 2107 4066 2108 4066 2109 4066 2108 4067 2110 4067 2109 4067 2111 4068 2112 4068 2113 4068 2112 4069 2114 4069 2113 4069 2113 4070 2114 4070 2115 4070 2114 4071 2116 4071 2115 4071 2115 4072 2116 4072 2117 4072 2116 4073 2118 4073 2117 4073 2117 4074 2118 4074 2119 4074 2118 4075 2120 4075 2119 4075 2120 4076 2102 4076 2119 4076 2102 4077 2101 4077 2119 4077 2109 4078 2110 4078 2121 4078 2109 4079 2121 4079 2122 4079 2121 4080 2123 4080 2122 4080 2122 4081 2123 4081 2124 4081 2123 4082 2125 4082 2124 4082 2124 4083 2125 4083 2126 4083 2125 4084 2127 4084 2126 4084 2126 4085 2127 4085 2128 4085 2127 4086 2129 4086 2128 4086 2128 4087 2129 4087 2130 4087 2129 4088 2131 4088 2130 4088 2130 4089 2131 4089 2132 4089 2133 4090 2134 4090 2135 4090 2133 4091 2135 4091 2136 4091 2135 4092 2137 4092 2136 4092 2136 4093 2137 4093 2138 4093 2137 4094 2139 4094 2138 4094 2138 4095 2139 4095 2140 4095 2139 4096 2141 4096 2140 4096 2140 4097 2141 4097 2142 4097 2141 4098 2143 4098 2142 4098 2142 4099 2143 4099 2144 4099 2143 4100 2112 4100 2144 4100 2144 4101 2112 4101 2111 4101 2145 4102 2146 4102 2147 4102 2146 4103 2148 4103 2147 4103 2147 4104 2148 4104 2149 4104 2148 4105 2150 4105 2149 4105 2149 4106 2150 4106 2151 4106 2150 4107 2152 4107 2151 4107 2151 4108 2152 4108 2153 4108 2152 4109 2154 4109 2153 4109 2155 4110 2156 4110 2157 4110 2156 4111 2158 4111 2157 4111 2157 4112 2158 4112 2159 4112 2158 4113 2160 4113 2159 4113 2159 4114 2160 4114 2161 4114 2160 4115 2162 4115 2161 4115 2161 4116 2162 4116 2163 4116 2162 4117 2164 4117 2163 4117 2164 4118 2146 4118 2163 4118 2146 4119 2145 4119 2163 4119 2153 4120 2154 4120 2165 4120 2153 4121 2165 4121 2166 4121 2165 4122 2167 4122 2166 4122 2166 4123 2167 4123 2168 4123 2167 4124 2169 4124 2168 4124 2168 4125 2169 4125 2170 4125 2169 4126 2171 4126 2170 4126 2170 4127 2171 4127 2172 4127 2171 4128 2173 4128 2172 4128 2172 4129 2173 4129 2174 4129 2173 4130 2175 4130 2174 4130 2174 4131 2175 4131 2176 4131 2177 4132 2178 4132 2179 4132 2177 4133 2179 4133 2180 4133 2179 4134 2181 4134 2180 4134 2180 4135 2181 4135 2182 4135 2181 4136 2183 4136 2182 4136 2182 4137 2183 4137 2184 4137 2183 4138 2185 4138 2184 4138 2184 4139 2185 4139 2186 4139 2185 4140 2187 4140 2186 4140 2186 4141 2187 4141 2188 4141 2187 4142 2156 4142 2188 4142 2188 4143 2156 4143 2155 4143 2189 4144 2190 4144 2191 4144 2190 4145 2192 4145 2191 4145 2191 4146 2192 4146 2193 4146 2192 4147 2194 4147 2193 4147 2193 4148 2194 4148 2195 4148 2194 4149 2196 4149 2195 4149 2195 4150 2196 4150 2197 4150 2196 4151 2198 4151 2197 4151 2199 4152 2200 4152 2201 4152 2200 4153 2202 4153 2201 4153 2201 4154 2202 4154 2203 4154 2202 4155 2204 4155 2203 4155 2203 4156 2204 4156 2205 4156 2204 4157 2206 4157 2205 4157 2205 4158 2206 4158 2207 4158 2206 4159 2208 4159 2207 4159 2208 4160 2190 4160 2207 4160 2190 4161 2189 4161 2207 4161 2197 4162 2198 4162 2209 4162 2197 4163 2209 4163 2210 4163 2209 4164 2211 4164 2210 4164 2210 4165 2211 4165 2212 4165 2211 4166 2213 4166 2212 4166 2212 4167 2213 4167 2214 4167 2213 4168 2215 4168 2214 4168 2214 4169 2215 4169 2216 4169 2215 4170 2217 4170 2216 4170 2216 4171 2217 4171 2218 4171 2217 4172 2219 4172 2218 4172 2218 4173 2219 4173 2220 4173 2221 4174 2222 4174 2223 4174 2221 4175 2223 4175 2224 4175 2223 4176 2225 4176 2224 4176 2224 4177 2225 4177 2226 4177 2225 4178 2227 4178 2226 4178 2226 4179 2227 4179 2228 4179 2227 4180 2229 4180 2228 4180 2228 4181 2229 4181 2230 4181 2229 4182 2231 4182 2230 4182 2230 4183 2231 4183 2232 4183 2231 4184 2200 4184 2232 4184 2232 4185 2200 4185 2199 4185 2233 4186 2234 4186 2235 4186 2234 4187 2236 4187 2235 4187 2235 4188 2236 4188 2237 4188 2236 4189 2238 4189 2237 4189 2237 4190 2238 4190 2239 4190 2238 4191 2240 4191 2239 4191 2239 4192 2240 4192 2241 4192 2240 4193 2242 4193 2241 4193 2243 4194 2244 4194 2245 4194 2244 4195 2246 4195 2245 4195 2245 4196 2246 4196 2247 4196 2246 4197 2248 4197 2247 4197 2247 4198 2248 4198 2249 4198 2248 4199 2250 4199 2249 4199 2249 4200 2250 4200 2251 4200 2250 4201 2252 4201 2251 4201 2252 4202 2234 4202 2251 4202 2234 4203 2233 4203 2251 4203 2241 4204 2242 4204 2253 4204 2241 4205 2253 4205 2254 4205 2253 4206 2255 4206 2254 4206 2254 4207 2255 4207 2256 4207 2255 4208 2257 4208 2256 4208 2256 4209 2257 4209 2258 4209 2257 4210 2259 4210 2258 4210 2258 4211 2259 4211 2260 4211 2259 4212 2261 4212 2260 4212 2260 4213 2261 4213 2262 4213 2261 4214 2263 4214 2262 4214 2262 4215 2263 4215 2264 4215 2265 4216 2266 4216 2267 4216 2265 4217 2267 4217 2268 4217 2267 4218 2269 4218 2268 4218 2268 4219 2269 4219 2270 4219 2269 4220 2271 4220 2270 4220 2270 4221 2271 4221 2272 4221 2271 4222 2273 4222 2272 4222 2272 4223 2273 4223 2274 4223 2273 4224 2275 4224 2274 4224 2274 4225 2275 4225 2276 4225 2275 4226 2244 4226 2276 4226 2276 4227 2244 4227 2243 4227 2277 4228 2278 4228 2279 4228 2278 4229 2280 4229 2279 4229 2279 4230 2280 4230 2281 4230 2280 4231 2282 4231 2281 4231 2281 4232 2282 4232 2283 4232 2282 4233 2284 4233 2283 4233 2283 4234 2284 4234 2285 4234 2284 4235 2286 4235 2285 4235 2287 4236 2288 4236 2289 4236 2288 4237 2290 4237 2289 4237 2289 4238 2290 4238 2291 4238 2290 4239 2292 4239 2291 4239 2291 4240 2292 4240 2293 4240 2292 4241 2294 4241 2293 4241 2293 4242 2294 4242 2295 4242 2294 4243 2296 4243 2295 4243 2296 4244 2278 4244 2295 4244 2278 4245 2277 4245 2295 4245 2285 4246 2286 4246 2297 4246 2285 4247 2297 4247 2298 4247 2297 4248 2299 4248 2298 4248 2298 4249 2299 4249 2300 4249 2299 4250 2301 4250 2300 4250 2300 4251 2301 4251 2302 4251 2301 4252 2303 4252 2302 4252 2302 4253 2303 4253 2304 4253 2303 4254 2305 4254 2304 4254 2304 4255 2305 4255 2306 4255 2305 4256 2307 4256 2306 4256 2306 4257 2307 4257 2308 4257 2309 4258 2310 4258 2311 4258 2309 4259 2311 4259 2312 4259 2311 4260 2313 4260 2312 4260 2312 4261 2313 4261 2314 4261 2313 4262 2315 4262 2314 4262 2314 4263 2315 4263 2316 4263 2315 4264 2317 4264 2316 4264 2316 4265 2317 4265 2318 4265 2317 4266 2319 4266 2318 4266 2318 4267 2319 4267 2320 4267 2319 4268 2288 4268 2320 4268 2320 4269 2288 4269 2287 4269 2321 4270 2322 4270 2323 4270 2322 4271 2324 4271 2323 4271 2323 4272 2324 4272 2325 4272 2324 4273 2326 4273 2325 4273 2325 4274 2326 4274 2327 4274 2326 4275 2328 4275 2327 4275 2327 4276 2328 4276 2329 4276 2328 4277 2330 4277 2329 4277 2331 4278 2332 4278 2333 4278 2332 4279 2334 4279 2333 4279 2333 4280 2334 4280 2335 4280 2334 4281 2336 4281 2335 4281 2335 4282 2336 4282 2337 4282 2336 4283 2338 4283 2337 4283 2337 4284 2338 4284 2339 4284 2338 4285 2340 4285 2339 4285 2340 4286 2322 4286 2339 4286 2322 4287 2321 4287 2339 4287 2329 4288 2330 4288 2341 4288 2329 4289 2341 4289 2342 4289 2341 4290 2343 4290 2342 4290 2342 4291 2343 4291 2344 4291 2343 4292 2345 4292 2344 4292 2344 4293 2345 4293 2346 4293 2345 4294 2347 4294 2346 4294 2346 4295 2347 4295 2348 4295 2347 4296 2349 4296 2348 4296 2348 4297 2349 4297 2350 4297 2349 4298 2351 4298 2350 4298 2350 4299 2351 4299 2352 4299 2353 4300 2354 4300 2355 4300 2353 4301 2355 4301 2356 4301 2355 4302 2357 4302 2356 4302 2356 4303 2357 4303 2358 4303 2357 4304 2359 4304 2358 4304 2358 4305 2359 4305 2360 4305 2359 4306 2361 4306 2360 4306 2360 4307 2361 4307 2362 4307 2361 4308 2363 4308 2362 4308 2362 4309 2363 4309 2364 4309 2363 4310 2332 4310 2364 4310 2364 4311 2332 4311 2331 4311 2365 4312 2366 4312 2367 4312 2366 4313 2368 4313 2367 4313 2367 4314 2368 4314 2369 4314 2368 4315 2370 4315 2369 4315 2369 4316 2370 4316 2371 4316 2370 4317 2372 4317 2371 4317 2371 4318 2372 4318 2373 4318 2372 4319 2374 4319 2373 4319 2375 4320 2376 4320 2377 4320 2376 4321 2378 4321 2377 4321 2377 4322 2378 4322 2379 4322 2378 4323 2380 4323 2379 4323 2379 4324 2380 4324 2381 4324 2380 4325 2382 4325 2381 4325 2381 4326 2382 4326 2383 4326 2382 4327 2384 4327 2383 4327 2384 4328 2366 4328 2383 4328 2366 4329 2365 4329 2383 4329 2373 4330 2374 4330 2385 4330 2373 4331 2385 4331 2386 4331 2385 4332 2387 4332 2386 4332 2386 4333 2387 4333 2388 4333 2387 4334 2389 4334 2388 4334 2388 4335 2389 4335 2390 4335 2389 4336 2391 4336 2390 4336 2390 4337 2391 4337 2392 4337 2391 4338 2393 4338 2392 4338 2392 4339 2393 4339 2394 4339 2393 4340 2395 4340 2394 4340 2394 4341 2395 4341 2396 4341 2397 4342 2398 4342 2399 4342 2397 4343 2399 4343 2400 4343 2399 4344 2401 4344 2400 4344 2400 4345 2401 4345 2402 4345 2401 4346 2403 4346 2402 4346 2402 4347 2403 4347 2404 4347 2403 4348 2405 4348 2404 4348 2404 4349 2405 4349 2406 4349 2405 4350 2407 4350 2406 4350 2406 4351 2407 4351 2408 4351 2407 4352 2376 4352 2408 4352 2408 4353 2376 4353 2375 4353 2409 4354 2410 4354 2411 4354 2410 4355 2412 4355 2411 4355 2411 4356 2412 4356 2413 4356 2412 4357 2414 4357 2413 4357 2413 4358 2414 4358 2415 4358 2414 4359 2416 4359 2415 4359 2415 4360 2416 4360 2417 4360 2416 4361 2418 4361 2417 4361 2419 4362 2420 4362 2421 4362 2420 4363 2422 4363 2421 4363 2421 4364 2422 4364 2423 4364 2422 4365 2424 4365 2423 4365 2423 4366 2424 4366 2425 4366 2424 4367 2426 4367 2425 4367 2425 4368 2426 4368 2427 4368 2426 4369 2428 4369 2427 4369 2428 4370 2410 4370 2427 4370 2410 4371 2409 4371 2427 4371 2417 4372 2418 4372 2429 4372 2417 4373 2429 4373 2430 4373 2429 4374 2431 4374 2430 4374 2430 4375 2431 4375 2432 4375 2431 4376 2433 4376 2432 4376 2432 4377 2433 4377 2434 4377 2433 4378 2435 4378 2434 4378 2434 4379 2435 4379 2436 4379 2435 4380 2437 4380 2436 4380 2436 4381 2437 4381 2438 4381 2437 4382 2439 4382 2438 4382 2438 4383 2439 4383 2440 4383 2441 4384 2442 4384 2443 4384 2441 4385 2443 4385 2444 4385 2443 4386 2445 4386 2444 4386 2444 4387 2445 4387 2446 4387 2445 4388 2447 4388 2446 4388 2446 4389 2447 4389 2448 4389 2447 4390 2449 4390 2448 4390 2448 4391 2449 4391 2450 4391 2449 4392 2451 4392 2450 4392 2450 4393 2451 4393 2452 4393 2451 4394 2420 4394 2452 4394 2452 4395 2420 4395 2419 4395 2453 4396 2454 4396 2455 4396 2454 4397 2456 4397 2455 4397 2455 4398 2456 4398 2457 4398 2456 4399 2458 4399 2457 4399 2457 4400 2458 4400 2459 4400 2458 4401 2460 4401 2459 4401 2459 4402 2460 4402 2461 4402 2460 4403 2462 4403 2461 4403 2463 4404 2464 4404 2465 4404 2464 4405 2466 4405 2465 4405 2465 4406 2466 4406 2467 4406 2466 4407 2468 4407 2467 4407 2467 4408 2468 4408 2469 4408 2468 4409 2470 4409 2469 4409 2469 4410 2470 4410 2471 4410 2470 4411 2472 4411 2471 4411 2472 4412 2454 4412 2471 4412 2454 4413 2453 4413 2471 4413 2461 4414 2462 4414 2473 4414 2461 4415 2473 4415 2474 4415 2473 4416 2475 4416 2474 4416 2474 4417 2475 4417 2476 4417 2475 4418 2477 4418 2476 4418 2476 4419 2477 4419 2478 4419 2477 4420 2479 4420 2478 4420 2478 4421 2479 4421 2480 4421 2479 4422 2481 4422 2480 4422 2480 4423 2481 4423 2482 4423 2481 4424 2483 4424 2482 4424 2482 4425 2483 4425 2484 4425 2485 4426 2486 4426 2487 4426 2485 4427 2487 4427 2488 4427 2487 4428 2489 4428 2488 4428 2488 4429 2489 4429 2490 4429 2489 4430 2491 4430 2490 4430 2490 4431 2491 4431 2492 4431 2491 4432 2493 4432 2492 4432 2492 4433 2493 4433 2494 4433 2493 4434 2495 4434 2494 4434 2494 4435 2495 4435 2496 4435 2495 4436 2464 4436 2496 4436 2496 4437 2464 4437 2463 4437 2497 4438 2498 4438 2499 4438 2498 4439 2500 4439 2499 4439 2499 4440 2500 4440 2501 4440 2500 4441 2502 4441 2501 4441 2501 4442 2502 4442 2503 4442 2502 4443 2504 4443 2503 4443 2503 4444 2504 4444 2505 4444 2504 4445 2506 4445 2505 4445 2507 4446 2508 4446 2509 4446 2508 4447 2510 4447 2509 4447 2509 4448 2510 4448 2511 4448 2510 4449 2512 4449 2511 4449 2511 4450 2512 4450 2513 4450 2512 4451 2514 4451 2513 4451 2513 4452 2514 4452 2515 4452 2514 4453 2516 4453 2515 4453 2516 4454 2498 4454 2515 4454 2498 4455 2497 4455 2515 4455 2505 4456 2506 4456 2517 4456 2505 4457 2517 4457 2518 4457 2517 4458 2519 4458 2518 4458 2518 4459 2519 4459 2520 4459 2519 4460 2521 4460 2520 4460 2520 4461 2521 4461 2522 4461 2521 4462 2523 4462 2522 4462 2522 4463 2523 4463 2524 4463 2523 4464 2525 4464 2524 4464 2524 4465 2525 4465 2526 4465 2525 4466 2527 4466 2526 4466 2526 4467 2527 4467 2528 4467 2529 4468 2530 4468 2531 4468 2529 4469 2531 4469 2532 4469 2531 4470 2533 4470 2532 4470 2532 4471 2533 4471 2534 4471 2533 4472 2535 4472 2534 4472 2534 4473 2535 4473 2536 4473 2535 4474 2537 4474 2536 4474 2536 4475 2537 4475 2538 4475 2537 4476 2539 4476 2538 4476 2538 4477 2539 4477 2540 4477 2539 4478 2508 4478 2540 4478 2540 4479 2508 4479 2507 4479 2541 4480 2542 4480 2543 4480 2542 4481 2544 4481 2543 4481 2545 4482 2546 4482 2547 4482 2545 4483 2547 4483 2548 4483 2547 4484 2549 4484 2548 4484 2548 4485 2549 4485 2550 4485 2549 4486 2551 4486 2550 4486 2550 4487 2551 4487 2552 4487 2551 4488 2553 4488 2552 4488 2552 4489 2553 4489 2554 4489 2553 4490 2555 4490 2554 4490 2554 4491 2555 4491 2556 4491 2555 4492 2557 4492 2556 4492 2556 4493 2557 4493 2558 4493 2559 4494 2560 4494 2561 4494 2559 4495 2561 4495 2562 4495 2561 4496 2563 4496 2562 4496 2562 4497 2563 4497 2564 4497 2563 4498 2565 4498 2564 4498 2564 4499 2565 4499 2566 4499 2565 4500 2567 4500 2566 4500 2566 4501 2567 4501 2568 4501 2567 4502 2569 4502 2568 4502 2568 4503 2569 4503 2570 4503 2569 4504 2571 4504 2570 4504 2570 4505 2571 4505 2572 4505 2573 4506 2574 4506 2575 4506 2574 4507 2576 4507 2575 4507 2575 4508 2576 4508 2577 4508 2576 4509 2578 4509 2577 4509 2577 4510 2578 4510 2579 4510 2578 4511 2580 4511 2579 4511 2579 4512 2580 4512 2581 4512 2580 4513 2582 4513 2581 4513 2583 4514 2584 4514 2585 4514 2584 4515 2586 4515 2585 4515 2585 4516 2586 4516 2587 4516 2586 4517 2588 4517 2587 4517 2587 4518 2588 4518 2589 4518 2588 4519 2590 4519 2589 4519 2589 4520 2590 4520 2591 4520 2590 4521 2592 4521 2591 4521 2592 4522 2574 4522 2591 4522 2574 4523 2573 4523 2591 4523 2581 4524 2582 4524 2593 4524 2581 4525 2593 4525 2594 4525 2593 4526 2595 4526 2594 4526 2594 4527 2595 4527 2596 4527 2595 4528 2597 4528 2596 4528 2596 4529 2597 4529 2598 4529 2597 4530 2599 4530 2598 4530 2598 4531 2599 4531 2600 4531 2599 4532 2601 4532 2600 4532 2600 4533 2601 4533 2602 4533 2601 4534 2603 4534 2602 4534 2602 4535 2603 4535 2604 4535 2605 4536 2606 4536 2607 4536 2605 4537 2607 4537 2608 4537 2607 4538 2609 4538 2608 4538 2608 4539 2609 4539 2610 4539 2609 4540 2611 4540 2610 4540 2610 4541 2611 4541 2612 4541 2611 4542 2613 4542 2612 4542 2612 4543 2613 4543 2614 4543 2613 4544 2615 4544 2614 4544 2614 4545 2615 4545 2616 4545 2615 4546 2584 4546 2616 4546 2616 4547 2584 4547 2583 4547 2617 4548 2618 4548 2619 4548 2618 4549 2620 4549 2619 4549 2619 4550 2620 4550 2621 4550 2620 4551 2622 4551 2621 4551 2621 4552 2622 4552 2623 4552 2622 4553 2624 4553 2623 4553 2623 4554 2624 4554 2625 4554 1996 4555 2626 4555 1994 4555 2626 4556 2627 4556 1994 4556 1994 4557 2627 4557 1992 4557 2627 4558 2628 4558 1992 4558 1992 4559 2628 4559 1990 4559 2628 4560 2629 4560 1990 4560 1990 4561 2629 4561 1988 4561 1972 4562 1974 4562 2630 4562 2631 4563 2632 4563 1969 4563 2633 4564 2634 4564 2635 4564 2634 4565 2636 4565 2635 4565 2635 4566 2636 4566 2637 4566 2638 4567 2639 4567 2640 4567 2639 4568 2641 4568 2640 4568 2640 4569 2641 4569 2642 4569 2641 4570 2643 4570 2642 4570 2642 4571 2643 4571 2617 4571 2643 4572 2644 4572 2617 4572 2617 4573 2644 4573 2618 4573 2624 4574 2645 4574 2625 4574 2645 4575 2646 4575 2625 4575 2625 4576 2646 4576 2647 4576 2646 4577 2648 4577 2647 4577 2647 4578 2648 4578 2649 4578 2648 4579 2650 4579 2649 4579 2649 4580 2650 4580 2651 4580 2652 4581 2653 4581 2654 4581 2629 4582 2655 4582 1988 4582 2655 4583 2656 4583 1988 4583 1988 4584 2656 4584 1986 4584 2656 4585 2657 4585 1986 4585 1986 4586 2657 4586 1984 4586 2657 4587 2658 4587 1984 4587 1984 4588 2658 4588 1982 4588 2658 4589 2659 4589 1982 4589 2659 4590 2660 4590 1982 4590 1982 4591 2660 4591 1980 4591 2660 4592 2661 4592 1980 4592 1980 4593 2661 4593 1978 4593 2662 4594 2663 4594 2664 4594 2663 4595 2665 4595 2664 4595 2664 4596 2665 4596 2653 4596 2665 4597 2666 4597 2653 4597 2653 4598 2666 4598 2654 4598 2630 4599 2667 4599 1972 4599 2667 4600 2668 4600 1972 4600 1972 4601 2668 4601 1969 4601 2668 4602 2669 4602 1969 4602 1969 4603 2669 4603 2631 4603 2670 4604 2671 4604 2672 4604 2671 4605 2673 4605 2672 4605 2672 4606 2673 4606 2674 4606 2674 4607 2675 4607 2672 4607 2675 4608 2676 4608 2672 4608 2672 4609 2676 4609 2677 4609 2650 4610 2678 4610 2651 4610 2678 4611 2679 4611 2651 4611 2651 4612 2679 4612 2680 4612 2679 4613 2681 4613 2680 4613 2680 4614 2681 4614 2662 4614 2681 4615 2682 4615 2662 4615 2662 4616 2682 4616 2663 4616 2683 4617 2684 4617 2685 4617 2684 4618 2686 4618 2685 4618 2012 4619 2687 4619 2688 4619 2661 4620 2689 4620 1978 4620 2689 4621 2690 4621 1978 4621 1978 4622 2690 4622 1976 4622 2690 4623 2691 4623 1976 4623 1976 4624 2691 4624 1974 4624 2691 4625 2692 4625 1974 4625 1974 4626 2692 4626 2630 4626 2693 4627 2694 4627 2695 4627 2670 4628 2696 4628 2671 4628 2696 4629 2697 4629 2671 4629 2671 4630 2697 4630 2635 4630 2697 4631 2698 4631 2635 4631 2635 4632 2698 4632 2633 4632 2637 4633 2699 4633 2635 4633 2699 4634 2700 4634 2635 4634 2635 4635 2700 4635 2701 4635 2700 4636 2702 4636 2701 4636 2701 4637 2702 4637 2703 4637 2704 4638 2705 4638 2706 4638 2705 4639 2685 4639 2706 4639 2632 4640 2707 4640 1969 4640 2707 4641 2708 4641 1969 4641 1969 4642 2708 4642 2635 4642 2708 4643 2709 4643 2635 4643 2635 4644 2709 4644 2671 4644 2677 4645 2710 4645 2672 4645 2710 4646 2693 4646 2672 4646 2672 4647 2693 4647 2711 4647 2693 4648 2695 4648 2711 4648 2712 4649 2713 4649 2638 4649 2713 4650 2714 4650 2638 4650 2638 4651 2714 4651 2639 4651 2686 4652 2715 4652 2685 4652 2715 4653 2716 4653 2685 4653 2685 4654 2716 4654 2717 4654 2718 4655 2719 4655 2717 4655 2719 4656 2720 4656 2717 4656 2717 4657 2720 4657 2685 4657 2704 4658 2721 4658 2705 4658 2721 4659 2722 4659 2705 4659 2705 4660 2722 4660 2012 4660 2722 4661 2723 4661 2012 4661 2012 4662 2723 4662 2687 4662 2702 4663 2724 4663 2703 4663 2724 4664 2725 4664 2703 4664 2703 4665 2725 4665 2726 4665 2725 4666 2727 4666 2726 4666 2726 4667 2727 4667 2712 4667 2727 4668 2728 4668 2712 4668 2712 4669 2728 4669 2713 4669 2654 4670 2729 4670 2652 4670 2729 4671 2730 4671 2652 4671 2652 4672 2730 4672 2705 4672 2730 4673 2731 4673 2705 4673 2705 4674 2731 4674 2732 4674 2732 4675 2733 4675 2705 4675 2733 4676 2734 4676 2705 4676 2705 4677 2734 4677 2735 4677 2735 4678 2736 4678 2705 4678 2736 4679 2737 4679 2705 4679 2705 4680 2737 4680 2685 4680 2737 4681 2738 4681 2685 4681 2685 4682 2738 4682 2683 4682 2694 4683 2693 4683 2739 4683 2693 4684 2740 4684 2739 4684 2739 4685 2740 4685 2717 4685 2740 4686 2741 4686 2717 4686 2717 4687 2741 4687 2718 4687 2002 4688 2742 4688 2000 4688 2742 4689 2743 4689 2000 4689 2000 4690 2743 4690 1998 4690 2743 4691 2744 4691 1998 4691 1998 4692 2744 4692 1996 4692 2744 4693 2745 4693 1996 4693 1996 4694 2745 4694 2626 4694 2688 4695 2746 4695 2012 4695 2746 4696 2747 4696 2012 4696 2012 4697 2747 4697 2010 4697 2747 4698 2748 4698 2010 4698 2010 4699 2748 4699 2008 4699 2748 4700 2749 4700 2008 4700 2749 4701 2750 4701 2008 4701 2008 4702 2750 4702 2006 4702 2750 4703 2751 4703 2006 4703 2006 4704 2751 4704 2004 4704 2751 4705 2752 4705 2004 4705 2752 4706 2753 4706 2004 4706 2004 4707 2753 4707 2002 4707 2753 4708 2754 4708 2002 4708 2002 4709 2754 4709 2742 4709 2755 4710 2756 4710 2757 4710 2756 4711 2758 4711 2757 4711 2757 4712 2758 4712 2759 4712 2758 4713 2760 4713 2759 4713 2759 4714 2760 4714 2761 4714 2760 4715 2762 4715 2761 4715 2761 4716 2762 4716 2763 4716 2762 4717 2764 4717 2763 4717 2705 4718 2012 4718 2765 4718 2012 4719 2011 4719 2765 4719 2766 4720 2767 4720 2768 4720 2767 4721 2769 4721 2768 4721 2768 4722 2769 4722 2770 4722 2769 4723 2771 4723 2770 4723 2770 4724 2771 4724 2772 4724 2771 4725 2773 4725 2772 4725 2772 4726 2773 4726 2774 4726 2773 4727 2775 4727 2774 4727 1969 4728 2635 4728 1970 4728 2635 4729 2776 4729 1970 4729 2763 4730 2764 4730 2777 4730 2763 4731 2777 4731 2778 4731 2777 4732 2779 4732 2778 4732 2778 4733 2779 4733 2780 4733 2779 4734 2781 4734 2780 4734 2780 4735 2781 4735 2782 4735 2781 4736 2783 4736 2782 4736 2782 4737 2783 4737 2784 4737 2783 4738 2785 4738 2784 4738 2784 4739 2785 4739 2786 4739 2785 4740 2787 4740 2786 4740 2786 4741 2787 4741 2788 4741 2705 4742 2765 4742 2789 4742 2705 4743 2789 4743 2652 4743 2789 4744 2790 4744 2652 4744 2652 4745 2790 4745 2653 4745 2790 4746 2791 4746 2653 4746 2653 4747 2791 4747 2664 4747 2791 4748 2792 4748 2664 4748 2664 4749 2792 4749 2662 4749 2792 4750 2793 4750 2662 4750 2662 4751 2793 4751 2680 4751 2793 4752 2794 4752 2680 4752 2680 4753 2794 4753 2651 4753 2794 4754 2795 4754 2651 4754 2651 4755 2795 4755 2649 4755 2795 4756 2796 4756 2649 4756 2649 4757 2796 4757 2647 4757 2796 4758 2797 4758 2647 4758 2647 4759 2797 4759 2625 4759 2797 4760 2798 4760 2625 4760 2625 4761 2798 4761 2623 4761 2798 4762 2799 4762 2623 4762 2623 4763 2799 4763 2621 4763 2799 4764 2800 4764 2621 4764 2621 4765 2800 4765 2619 4765 2800 4766 2801 4766 2619 4766 2619 4767 2801 4767 2617 4767 2801 4768 2802 4768 2617 4768 2617 4769 2802 4769 2642 4769 2802 4770 2803 4770 2642 4770 2642 4771 2803 4771 2640 4771 2803 4772 2804 4772 2640 4772 2640 4773 2804 4773 2638 4773 2804 4774 2805 4774 2638 4774 2638 4775 2805 4775 2712 4775 2805 4776 2806 4776 2712 4776 2712 4777 2806 4777 2726 4777 2806 4778 2807 4778 2726 4778 2726 4779 2807 4779 2703 4779 2807 4780 2808 4780 2703 4780 2703 4781 2808 4781 2701 4781 2808 4782 2776 4782 2701 4782 2701 4783 2776 4783 2635 4783 2809 4784 2810 4784 2811 4784 2809 4785 2811 4785 2812 4785 2811 4786 2813 4786 2812 4786 2812 4787 2813 4787 2814 4787 2813 4788 2815 4788 2814 4788 2814 4789 2815 4789 2816 4789 2815 4790 2817 4790 2816 4790 2816 4791 2817 4791 2818 4791 2817 4792 2819 4792 2818 4792 2818 4793 2819 4793 2820 4793 2819 4794 2767 4794 2820 4794 2820 4795 2767 4795 2766 4795 2821 4796 2822 4796 2823 4796 2822 4797 2824 4797 2823 4797 2825 4798 2826 4798 2827 4798 2826 4799 2828 4799 2827 4799 2829 4800 2830 4800 2831 4800 2830 4801 2832 4801 2831 4801 2833 4802 2834 4802 2835 4802 2834 4803 2836 4803 2835 4803 2837 4804 2838 4804 2839 4804 2838 4805 2840 4805 2839 4805 2841 4806 2842 4806 2843 4806 2842 4807 2844 4807 2843 4807 2845 4808 2846 4808 2847 4808 2846 4809 2848 4809 2847 4809 2849 4810 2850 4810 2851 4810 2850 4811 2852 4811 2851 4811 2853 4812 2854 4812 2855 4812 2854 4813 2856 4813 2855 4813 2855 4814 2856 4814 2857 4814 2856 4815 2858 4815 2857 4815 2857 4816 2858 4816 2859 4816 2858 4817 2860 4817 2859 4817 2859 4818 2860 4818 2861 4818 2860 4819 2862 4819 2861 4819 2861 4820 2862 4820 2863 4820 2862 4821 2864 4821 2863 4821 2863 4822 2864 4822 2865 4822 2864 4823 2866 4823 2865 4823 2865 4824 2866 4824 2867 4824 2866 4825 2868 4825 2867 4825 2867 4826 2868 4826 2869 4826 2868 4827 2870 4827 2869 4827 2869 4828 2870 4828 2871 4828 2870 4829 2872 4829 2871 4829 2871 4830 2872 4830 2873 4830 2872 4831 2874 4831 2873 4831 2873 4832 2874 4832 2875 4832 2874 4833 2876 4833 2875 4833 2875 4834 2876 4834 2877 4834 2876 4835 2878 4835 2877 4835 2877 4836 2878 4836 2879 4836 2878 4837 2880 4837 2879 4837 2879 4838 2880 4838 2881 4838 2880 4839 2882 4839 2881 4839 2881 4840 2882 4840 2883 4840 2882 4841 2884 4841 2883 4841 2883 4842 2884 4842 2885 4842 2884 4843 2886 4843 2885 4843 2885 4844 2886 4844 2887 4844 2886 4845 2888 4845 2887 4845 2887 4846 2888 4846 2889 4846 2888 4847 2890 4847 2889 4847 2889 4848 2890 4848 2891 4848 2890 4849 2892 4849 2891 4849 2891 4850 2892 4850 2893 4850 2892 4851 2894 4851 2893 4851 2893 4852 2894 4852 2895 4852 2894 4853 2896 4853 2895 4853 2895 4854 2896 4854 2897 4854 2896 4855 2898 4855 2897 4855 2897 4856 2898 4856 2899 4856 2898 4857 2900 4857 2899 4857 2899 4858 2900 4858 2901 4858 2900 4859 2902 4859 2901 4859 2901 4860 2902 4860 2903 4860 2902 4861 2904 4861 2903 4861 2903 4862 2904 4862 2905 4862 2904 4863 2906 4863 2905 4863 2905 4864 2906 4864 2907 4864 2906 4865 2908 4865 2907 4865 2907 4866 2908 4866 2909 4866 2908 4867 2910 4867 2909 4867 2909 4868 2910 4868 2911 4868 2910 4869 2912 4869 2911 4869 2911 4870 2912 4870 2913 4870 2912 4871 2914 4871 2913 4871 2913 4872 2914 4872 2915 4872 2914 4873 2916 4873 2915 4873 2915 4874 2916 4874 2917 4874 2916 4875 2918 4875 2917 4875 2917 4876 2918 4876 2919 4876 2918 4877 2920 4877 2919 4877 2919 4878 2920 4878 2921 4878 2920 4879 2922 4879 2921 4879 2921 4880 2922 4880 2923 4880 2922 4881 2924 4881 2923 4881 2923 4882 2924 4882 2925 4882 2924 4883 2926 4883 2925 4883 2925 4884 2926 4884 2927 4884 2926 4885 2928 4885 2927 4885 2927 4886 2928 4886 2929 4886 2928 4887 2930 4887 2929 4887 2929 4888 2930 4888 2931 4888 2930 4889 2932 4889 2931 4889 2931 4890 2932 4890 2933 4890 2932 4891 2934 4891 2933 4891 2933 4892 2934 4892 2935 4892 2934 4893 2936 4893 2935 4893 2935 4894 2936 4894 2937 4894 2936 4895 2938 4895 2937 4895 2937 4896 2938 4896 2939 4896 2938 4897 2940 4897 2939 4897 2939 4898 2940 4898 2941 4898 2940 4899 2942 4899 2941 4899 2941 4900 2942 4900 2943 4900 2942 4901 2944 4901 2943 4901 2943 4902 2944 4902 2945 4902 2944 4903 2946 4903 2945 4903 2945 4904 2946 4904 2947 4904 2946 4905 2948 4905 2947 4905 2947 4906 2948 4906 2949 4906 2948 4907 2950 4907 2949 4907 2949 4908 2950 4908 2951 4908 2950 4909 2952 4909 2951 4909 2951 4910 2952 4910 2953 4910 2952 4911 2954 4911 2953 4911 2953 4912 2954 4912 2955 4912 2954 4913 2956 4913 2955 4913 2955 4914 2956 4914 2957 4914 2956 4915 2958 4915 2957 4915 2957 4916 2958 4916 2959 4916 2958 4917 2960 4917 2959 4917 2959 4918 2960 4918 2961 4918 2960 4919 2962 4919 2961 4919 2961 4920 2962 4920 2963 4920 2962 4921 2964 4921 2963 4921 2963 4922 2964 4922 2965 4922 2964 4923 2966 4923 2965 4923 2965 4924 2966 4924 2967 4924 2966 4925 2968 4925 2967 4925 2967 4926 2968 4926 2853 4926 2968 4927 2854 4927 2853 4927 2219 4928 2046 4928 2220 4928 2046 4929 2045 4929 2220 4929 2131 4930 2969 4930 2132 4930 2969 4931 2970 4931 2132 4931 2336 4932 2334 4932 2280 4932 2336 4933 2280 4933 2338 4933 2018 4934 2016 4934 2971 4934 2514 4935 2512 4935 2972 4935 2973 4936 2974 4936 2975 4936 2162 4937 2160 4937 2060 4937 2160 4938 2158 4938 2060 4938 2326 4939 2324 4939 2971 4939 2324 4940 2322 4940 2971 4940 2971 4941 2322 4941 2340 4941 2470 4942 2976 4942 2472 4942 2976 4943 2454 4943 2472 4943 2973 4944 2975 4944 2977 4944 2464 4945 2504 4945 2466 4945 2504 4946 2502 4946 2466 4946 2466 4947 2502 4947 2468 4947 2978 4948 2979 4948 2980 4948 2979 4949 2981 4949 2980 4949 2982 4950 2983 4950 2984 4950 2368 4951 2292 4951 2290 4951 2366 4952 2985 4952 2368 4952 2985 4953 2986 4953 2368 4953 2368 4954 2986 4954 2987 4954 2988 4955 2426 4955 2976 4955 2426 4956 2424 4956 2976 4956 2976 4957 2424 4957 2454 4957 2424 4958 2422 4958 2454 4958 2454 4959 2422 4959 2456 4959 2971 4960 2989 4960 2990 4960 2989 4961 2991 4961 2990 4961 2990 4962 2991 4962 2992 4962 2991 4963 2993 4963 2992 4963 2148 4964 2146 4964 2971 4964 2146 4965 2164 4965 2971 4965 2238 4966 2236 4966 2971 4966 2236 4967 2234 4967 2971 4967 2512 4968 2510 4968 2972 4968 2510 4969 2979 4969 2972 4969 2972 4970 2979 4970 2994 4970 2979 4971 2978 4971 2994 4971 2995 4972 2996 4972 2997 4972 2996 4973 2998 4973 2997 4973 2997 4974 2998 4974 2975 4974 2998 4975 2999 4975 2975 4975 2975 4976 2999 4976 2977 4976 3000 4977 3001 4977 3002 4977 3003 4978 2985 4978 2412 4978 2985 4979 2366 4979 2412 4979 2412 4980 2366 4980 2414 4980 2366 4981 2384 4981 2414 4981 2414 4982 2384 4982 2382 4982 2990 4983 3004 4983 2971 4983 3004 4984 2846 4984 2971 4984 2971 4985 2846 4985 2148 4985 2846 4986 2845 4986 2148 4986 2148 4987 2845 4987 3005 4987 2102 4988 2120 4988 2148 4988 2156 4989 2064 4989 2158 4989 2064 4990 2062 4990 2158 4990 2158 4991 2062 4991 2060 4991 2018 4992 2070 4992 2020 4992 2070 4993 2068 4993 2020 4993 2234 4994 2252 4994 2971 4994 2252 4995 2250 4995 2971 4995 2971 4996 2250 4996 2326 4996 2354 4997 2307 4997 2355 4997 2307 4998 2305 4998 2355 4998 3006 4999 3007 4999 2500 4999 3007 5000 2976 5000 2500 5000 2500 5001 2976 5001 2502 5001 2976 5002 2470 5002 2502 5002 2502 5003 2470 5003 2468 5003 2974 5004 3008 5004 2975 5004 3008 5005 2576 5005 2975 5005 2975 5006 2576 5006 3009 5006 3010 5007 2580 5007 3008 5007 2580 5008 2578 5008 3008 5008 3008 5009 2578 5009 2576 5009 3009 5010 2576 5010 3011 5010 2576 5011 2574 5011 3011 5011 3011 5012 2574 5012 2592 5012 3012 5013 3013 5013 3011 5013 3013 5014 3014 5014 3011 5014 2542 5015 2541 5015 3015 5015 3016 5016 2984 5016 3017 5016 3018 5017 3019 5017 3020 5017 3019 5018 3021 5018 3020 5018 3020 5019 3021 5019 3022 5019 3023 5020 3024 5020 3025 5020 3024 5021 3026 5021 3025 5021 3027 5022 3028 5022 3029 5022 3028 5023 3030 5023 3029 5023 3030 5024 3031 5024 3029 5024 3029 5025 3031 5025 3032 5025 3031 5026 3033 5026 3032 5026 3034 5027 3035 5027 3036 5027 3037 5028 3038 5028 3039 5028 3038 5029 3040 5029 3039 5029 3039 5030 3040 5030 3041 5030 2104 5031 2102 5031 3042 5031 2102 5032 2148 5032 3042 5032 3042 5033 2148 5033 3043 5033 2148 5034 3005 5034 3043 5034 2120 5035 2118 5035 2148 5035 2118 5036 2116 5036 2148 5036 2148 5037 2116 5037 2150 5037 2116 5038 2114 5038 2150 5038 2150 5039 2114 5039 2152 5039 2114 5040 2112 5040 2152 5040 2058 5041 2971 5041 2060 5041 2971 5042 2164 5042 2060 5042 2060 5043 2164 5043 2162 5043 2305 5044 2303 5044 2355 5044 2303 5045 2301 5045 2355 5045 2355 5046 2301 5046 2357 5046 2301 5047 2299 5047 2357 5047 2357 5048 2299 5048 2359 5048 2299 5049 2297 5049 2359 5049 2359 5050 2297 5050 2361 5050 3044 5051 3045 5051 2516 5051 2592 5052 2590 5052 3011 5052 2590 5053 2588 5053 3011 5053 3011 5054 2588 5054 3012 5054 2588 5055 2586 5055 3012 5055 3012 5056 2586 5056 3046 5056 2586 5057 2584 5057 3046 5057 3001 5058 3047 5058 3002 5058 3047 5059 3014 5059 3002 5059 3002 5060 3014 5060 3015 5060 3014 5061 3013 5061 3015 5061 3015 5062 3013 5062 2542 5062 3016 5063 3048 5063 2984 5063 3048 5064 3049 5064 2984 5064 2984 5065 3049 5065 2982 5065 3050 5066 3051 5066 3052 5066 3051 5067 3053 5067 3052 5067 3053 5068 3054 5068 3052 5068 3052 5069 3054 5069 3055 5069 3054 5070 3056 5070 3055 5070 3035 5071 3057 5071 3036 5071 3057 5072 3019 5072 3036 5072 3036 5073 3019 5073 3029 5073 3019 5074 3018 5074 3029 5074 3029 5075 3018 5075 3027 5075 3034 5076 3036 5076 3039 5076 3036 5077 3058 5077 3039 5077 3039 5078 3058 5078 3037 5078 2292 5079 2368 5079 2294 5079 2368 5080 2987 5080 2294 5080 2294 5081 2987 5081 2296 5081 2288 5082 2372 5082 2290 5082 2372 5083 2370 5083 2290 5083 2290 5084 2370 5084 2368 5084 3059 5085 3060 5085 3061 5085 3062 5086 3063 5086 2412 5086 3063 5087 3064 5087 2412 5087 2016 5088 2014 5088 2971 5088 2014 5089 2032 5089 2971 5089 2971 5090 2032 5090 2238 5090 2208 5091 2206 5091 2238 5091 2266 5092 2351 5092 2267 5092 2351 5093 2349 5093 2267 5093 2361 5094 2297 5094 2363 5094 2297 5095 2286 5095 2363 5095 2363 5096 2286 5096 2332 5096 2286 5097 2284 5097 2332 5097 2332 5098 2284 5098 2334 5098 2284 5099 2282 5099 2334 5099 2334 5100 2282 5100 2280 5100 2486 5101 2527 5101 2487 5101 2527 5102 2525 5102 2487 5102 2487 5103 2525 5103 2489 5103 2498 5104 3065 5104 2500 5104 3065 5105 3066 5105 2500 5105 2500 5106 3066 5106 3006 5106 3045 5107 3067 5107 2516 5107 3067 5108 3068 5108 2516 5108 2516 5109 3068 5109 2498 5109 3068 5110 3069 5110 2498 5110 2498 5111 3069 5111 3065 5111 2972 5112 3070 5112 2514 5112 3070 5113 3071 5113 2514 5113 2514 5114 3071 5114 3072 5114 3072 5115 3073 5115 2514 5115 3073 5116 3074 5116 2514 5116 2514 5117 3074 5117 2516 5117 3074 5118 3075 5118 2516 5118 2516 5119 3075 5119 3044 5119 2530 5120 3076 5120 2531 5120 3076 5121 3077 5121 2531 5121 3059 5122 3078 5122 3060 5122 3078 5123 3079 5123 3060 5123 3060 5124 3079 5124 3080 5124 2850 5125 2849 5125 3081 5125 2849 5126 3082 5126 3081 5126 2775 5127 2773 5127 3015 5127 2773 5128 2771 5128 3015 5128 2771 5129 2769 5129 3015 5129 3015 5130 2769 5130 3083 5130 2769 5131 2767 5131 3083 5131 3084 5132 3085 5132 3050 5132 3085 5133 3086 5133 3050 5133 3050 5134 3086 5134 3087 5134 3086 5135 3088 5135 3087 5135 3087 5136 3088 5136 3089 5136 3088 5137 3090 5137 3089 5137 3091 5138 3092 5138 3093 5138 3092 5139 3094 5139 3093 5139 2398 5140 2439 5140 2399 5140 2439 5141 2437 5141 2399 5141 3064 5142 3095 5142 2412 5142 3095 5143 3096 5143 2412 5143 2412 5144 3096 5144 3097 5144 3098 5145 2410 5145 3099 5145 2410 5146 2428 5146 3099 5146 3099 5147 2428 5147 3100 5147 2988 5148 3101 5148 2426 5148 3101 5149 3102 5149 2426 5149 2426 5150 3102 5150 2428 5150 3102 5151 3103 5151 2428 5151 2428 5152 3103 5152 3100 5152 2442 5153 2483 5153 2443 5153 2483 5154 2481 5154 2443 5154 2822 5155 2821 5155 3104 5155 2821 5156 3105 5156 3104 5156 3104 5157 3105 5157 3106 5157 2969 5158 2131 5158 3107 5158 2131 5159 2129 5159 3107 5159 2058 5160 2076 5160 2971 5160 2076 5161 2074 5161 2971 5161 2971 5162 2074 5162 2018 5162 2074 5163 2072 5163 2018 5163 2018 5164 2072 5164 2070 5164 2206 5165 2204 5165 2238 5165 2204 5166 2202 5166 2238 5166 2238 5167 2202 5167 2240 5167 2202 5168 2200 5168 2240 5168 2349 5169 2347 5169 2267 5169 2347 5170 2345 5170 2267 5170 2267 5171 2345 5171 2269 5171 2345 5172 2343 5172 2269 5172 2269 5173 2343 5173 2271 5173 2343 5174 2341 5174 2271 5174 2521 5175 2495 5175 2523 5175 2495 5176 2493 5176 2523 5176 2523 5177 2493 5177 2525 5177 2493 5178 2491 5178 2525 5178 2525 5179 2491 5179 2489 5179 3077 5180 3108 5180 2531 5180 3108 5181 3109 5181 2531 5181 2531 5182 3109 5182 2533 5182 3109 5183 3110 5183 2533 5183 2533 5184 3110 5184 2535 5184 3110 5185 3111 5185 2535 5185 2535 5186 3111 5186 2537 5186 3080 5187 3112 5187 3060 5187 3112 5188 3113 5188 3060 5188 3060 5189 3113 5189 3114 5189 3060 5190 3115 5190 3116 5190 3117 5191 3118 5191 3119 5191 3118 5192 3120 5192 3119 5192 3119 5193 3120 5193 3121 5193 3121 5194 3122 5194 3119 5194 3122 5195 3123 5195 3119 5195 3119 5196 3123 5196 3124 5196 3124 5197 3125 5197 3119 5197 3125 5198 3126 5198 3119 5198 3119 5199 3126 5199 3127 5199 3060 5200 3128 5200 3129 5200 3128 5201 3130 5201 3129 5201 3082 5202 3131 5202 3081 5202 3131 5203 3132 5203 3081 5203 3081 5204 3132 5204 3133 5204 3132 5205 3134 5205 3133 5205 3133 5206 3134 5206 3135 5206 3134 5207 3136 5207 3135 5207 3135 5208 3136 5208 3137 5208 3017 5209 3084 5209 3016 5209 3084 5210 3050 5210 3016 5210 3016 5211 3050 5211 3002 5211 3050 5212 3052 5212 3002 5212 3002 5213 3052 5213 3000 5213 3023 5214 3020 5214 3024 5214 3020 5215 3022 5215 3024 5215 3024 5216 3022 5216 3138 5216 3022 5217 3139 5217 3138 5217 3138 5218 3139 5218 3054 5218 3139 5219 3140 5219 3054 5219 3054 5220 3140 5220 3056 5220 2340 5221 2338 5221 2971 5221 2338 5222 2280 5222 2971 5222 2971 5223 2280 5223 3141 5223 2437 5224 2435 5224 2399 5224 2435 5225 2433 5225 2399 5225 2399 5226 2433 5226 2401 5226 2433 5227 2431 5227 2401 5227 2401 5228 2431 5228 2403 5228 2431 5229 2429 5229 2403 5229 3097 5230 3142 5230 2412 5230 3142 5231 3143 5231 2412 5231 2412 5232 3143 5232 3003 5232 3098 5233 3144 5233 2410 5233 3144 5234 3145 5234 2410 5234 2410 5235 3145 5235 3146 5235 2481 5236 2479 5236 2443 5236 2479 5237 2477 5237 2443 5237 2443 5238 2477 5238 2445 5238 2477 5239 2475 5239 2445 5239 2445 5240 2475 5240 2447 5240 2475 5241 2473 5241 2447 5241 2447 5242 2473 5242 2449 5242 3147 5243 3148 5243 3149 5243 3148 5244 3150 5244 3149 5244 3149 5245 3150 5245 3105 5245 3150 5246 3151 5246 3105 5246 3105 5247 3151 5247 3106 5247 2129 5248 2127 5248 3107 5248 2127 5249 2125 5249 3107 5249 3107 5250 2125 5250 3152 5250 2125 5251 2123 5251 3152 5251 3152 5252 2123 5252 3153 5252 2123 5253 2121 5253 3153 5253 3153 5254 2121 5254 3154 5254 2178 5255 2087 5255 2179 5255 2087 5256 2085 5256 2179 5256 2179 5257 2085 5257 2181 5257 2090 5258 2043 5258 2091 5258 2043 5259 2041 5259 2091 5259 2091 5260 2041 5260 2093 5260 2250 5261 2248 5261 2326 5261 2248 5262 2246 5262 2326 5262 2326 5263 2246 5263 2328 5263 2246 5264 2244 5264 2328 5264 2328 5265 2244 5265 2330 5265 2244 5266 2275 5266 2330 5266 2330 5267 2275 5267 2341 5267 2275 5268 2273 5268 2341 5268 2341 5269 2273 5269 2271 5269 2537 5270 3111 5270 2539 5270 3111 5271 3155 5271 2539 5271 2539 5272 3155 5272 2508 5272 3155 5273 3156 5273 2508 5273 2508 5274 3156 5274 2510 5274 3156 5275 3157 5275 2510 5275 2510 5276 3157 5276 2979 5276 3116 5277 3158 5277 3060 5277 3158 5278 3159 5278 3060 5278 3060 5279 3159 5279 3160 5279 2995 5280 2997 5280 3119 5280 2997 5281 3161 5281 3119 5281 3119 5282 3161 5282 3117 5282 3127 5283 3162 5283 3119 5283 3162 5284 3163 5284 3119 5284 3119 5285 3163 5285 3128 5285 3163 5286 3164 5286 3128 5286 3128 5287 3164 5287 3130 5287 3137 5288 3136 5288 3165 5288 3136 5289 3166 5289 3165 5289 3165 5290 3166 5290 3167 5290 3166 5291 3168 5291 3167 5291 3167 5292 3168 5292 2996 5292 3168 5293 3169 5293 2996 5293 2996 5294 3169 5294 2998 5294 3170 5295 2603 5295 3171 5295 2603 5296 2601 5296 3171 5296 3171 5297 2601 5297 3172 5297 2838 5298 2837 5298 3173 5298 2837 5299 3174 5299 3173 5299 3173 5300 3174 5300 3175 5300 2830 5301 2829 5301 3176 5301 2829 5302 3177 5302 3176 5302 3176 5303 3177 5303 3178 5303 2382 5304 2380 5304 2414 5304 2380 5305 2378 5305 2414 5305 2414 5306 2378 5306 2416 5306 2378 5307 2376 5307 2416 5307 2416 5308 2376 5308 2418 5308 2376 5309 2407 5309 2418 5309 2418 5310 2407 5310 2429 5310 2407 5311 2405 5311 2429 5311 2429 5312 2405 5312 2403 5312 3146 5313 3179 5313 2410 5313 3179 5314 3180 5314 2410 5314 2410 5315 3180 5315 2412 5315 3180 5316 3181 5316 2412 5316 2412 5317 3181 5317 3182 5317 3061 5318 3183 5318 3059 5318 3183 5319 3184 5319 3059 5319 3059 5320 3184 5320 3185 5320 3184 5321 3186 5321 3185 5321 3185 5322 3186 5322 3187 5322 3186 5323 3188 5323 3187 5323 2449 5324 2473 5324 2451 5324 2473 5325 2462 5325 2451 5325 2451 5326 2462 5326 2420 5326 2462 5327 2460 5327 2420 5327 2420 5328 2460 5328 2422 5328 2460 5329 2458 5329 2422 5329 2422 5330 2458 5330 2456 5330 3154 5331 2121 5331 3189 5331 2121 5332 2110 5332 3189 5332 3189 5333 2110 5333 3190 5333 2110 5334 2108 5334 3190 5334 3190 5335 2108 5335 3042 5335 2108 5336 2106 5336 3042 5336 3042 5337 2106 5337 2104 5337 2134 5338 2175 5338 2135 5338 2175 5339 2173 5339 2135 5339 2135 5340 2173 5340 2137 5340 2081 5341 2187 5341 2083 5341 2187 5342 2185 5342 2083 5342 2083 5343 2185 5343 2085 5343 2185 5344 2183 5344 2085 5344 2085 5345 2183 5345 2181 5345 2037 5346 2099 5346 2039 5346 2099 5347 2097 5347 2039 5347 2039 5348 2097 5348 2041 5348 2097 5349 2095 5349 2041 5349 2041 5350 2095 5350 2093 5350 2032 5351 2030 5351 2238 5351 2030 5352 2028 5352 2238 5352 2238 5353 2028 5353 2208 5353 2028 5354 2190 5354 2208 5354 2521 5355 2519 5355 2495 5355 2519 5356 2517 5356 2495 5356 2495 5357 2517 5357 2464 5357 2517 5358 2506 5358 2464 5358 2464 5359 2506 5359 2504 5359 3114 5360 3191 5360 3060 5360 3191 5361 3192 5361 3060 5361 3060 5362 3192 5362 3193 5362 3194 5363 3195 5363 3060 5363 3195 5364 3196 5364 3060 5364 3060 5365 3196 5365 3115 5365 2597 5366 3197 5366 2599 5366 3197 5367 3198 5367 2599 5367 2599 5368 3198 5368 2601 5368 3198 5369 3199 5369 2601 5369 2601 5370 3199 5370 3172 5370 2606 5371 2557 5371 2607 5371 2557 5372 2555 5372 2607 5372 2607 5373 2555 5373 2609 5373 2541 5374 3200 5374 3015 5374 3200 5375 3201 5375 3015 5375 3015 5376 3201 5376 2775 5376 3201 5377 2756 5377 2775 5377 2842 5378 2841 5378 3202 5378 2841 5379 3203 5379 3202 5379 3204 5380 3205 5380 3206 5380 3205 5381 3207 5381 3206 5381 3206 5382 3207 5382 3174 5382 3207 5383 3208 5383 3174 5383 3174 5384 3208 5384 3175 5384 3209 5385 3210 5385 3211 5385 3210 5386 3212 5386 3211 5386 3211 5387 3212 5387 3177 5387 3212 5388 3213 5388 3177 5388 3177 5389 3213 5389 3178 5389 3141 5390 2280 5390 2987 5390 2280 5391 2278 5391 2987 5391 2987 5392 2278 5392 2296 5392 3040 5393 3092 5393 3041 5393 3092 5394 3091 5394 3041 5394 3041 5395 3091 5395 3214 5395 3091 5396 2971 5396 3214 5396 3214 5397 2971 5397 3215 5397 2971 5398 3141 5398 3215 5398 2310 5399 2395 5399 2311 5399 2395 5400 2393 5400 2311 5400 2311 5401 2393 5401 2313 5401 3147 5402 3216 5402 3148 5402 3216 5403 3217 5403 3148 5403 3148 5404 3217 5404 2993 5404 3217 5405 3218 5405 2993 5405 2993 5406 3218 5406 2992 5406 2169 5407 2143 5407 2171 5407 2143 5408 2141 5408 2171 5408 2171 5409 2141 5409 2173 5409 2141 5410 2139 5410 2173 5410 2173 5411 2139 5411 2137 5411 2046 5412 2219 5412 2047 5412 2219 5413 2217 5413 2047 5413 3193 5414 3219 5414 3060 5414 3219 5415 3220 5415 3060 5415 3060 5416 3220 5416 3194 5416 2981 5417 3128 5417 2980 5417 3128 5418 3060 5418 2980 5418 2980 5419 3060 5419 3221 5419 3060 5420 3160 5420 3221 5420 2551 5421 2615 5421 2553 5421 2615 5422 2613 5422 2553 5422 2553 5423 2613 5423 2555 5423 2613 5424 2611 5424 2555 5424 2555 5425 2611 5425 2609 5425 2810 5426 3222 5426 2811 5426 3222 5427 3223 5427 2811 5427 2811 5428 3223 5428 2813 5428 3203 5429 3224 5429 3202 5429 3224 5430 3225 5430 3202 5430 3202 5431 3225 5431 3226 5431 3225 5432 3227 5432 3226 5432 3226 5433 3227 5433 3228 5433 3227 5434 3229 5434 3228 5434 3228 5435 3229 5435 3230 5435 2834 5436 2833 5436 3231 5436 2833 5437 3232 5437 3231 5437 3231 5438 3232 5438 3233 5438 2826 5439 2825 5439 3234 5439 2825 5440 3235 5440 3234 5440 2389 5441 2319 5441 2391 5441 2319 5442 2317 5442 2391 5442 2391 5443 2317 5443 2393 5443 2317 5444 2315 5444 2393 5444 2393 5445 2315 5445 2313 5445 2081 5446 2079 5446 2187 5446 2079 5447 2077 5447 2187 5447 2187 5448 2077 5448 2156 5448 2077 5449 2066 5449 2156 5449 2156 5450 2066 5450 2064 5450 2037 5451 2035 5451 2099 5451 2035 5452 2033 5452 2099 5452 2099 5453 2033 5453 2068 5453 2033 5454 2022 5454 2068 5454 2068 5455 2022 5455 2020 5455 2217 5456 2215 5456 2047 5456 2215 5457 2213 5457 2047 5457 2047 5458 2213 5458 2049 5458 2213 5459 2211 5459 2049 5459 2049 5460 2211 5460 2051 5460 2211 5461 2209 5461 2051 5461 2051 5462 2209 5462 2053 5462 2222 5463 2263 5463 2223 5463 2263 5464 2261 5464 2223 5464 2223 5465 2261 5465 2225 5465 2597 5466 2595 5466 3197 5466 2595 5467 2593 5467 3197 5467 3197 5468 2593 5468 3010 5468 2593 5469 2582 5469 3010 5469 3010 5470 2582 5470 2580 5470 2560 5471 2787 5471 2561 5471 2787 5472 2785 5472 2561 5472 3236 5473 2819 5473 3237 5473 2819 5474 2817 5474 3237 5474 3237 5475 2817 5475 3223 5475 2817 5476 2815 5476 3223 5476 3223 5477 2815 5477 2813 5477 3230 5478 3229 5478 3238 5478 3229 5479 3239 5479 3238 5479 3238 5480 3239 5480 3240 5480 3239 5481 3241 5481 3240 5481 3240 5482 3241 5482 2983 5482 3241 5483 3242 5483 2983 5483 2983 5484 3242 5484 2984 5484 3243 5485 3244 5485 3245 5485 3244 5486 3246 5486 3245 5486 3245 5487 3246 5487 3232 5487 3246 5488 3247 5488 3232 5488 3232 5489 3247 5489 3233 5489 3204 5490 3248 5490 3205 5490 3248 5491 3249 5491 3205 5491 3205 5492 3249 5492 3026 5492 3249 5493 3250 5493 3026 5493 3026 5494 3250 5494 3025 5494 3209 5495 3251 5495 3210 5495 3251 5496 3252 5496 3210 5496 3210 5497 3252 5497 3033 5497 3252 5498 3253 5498 3033 5498 3033 5499 3253 5499 3032 5499 3235 5500 3254 5500 3234 5500 3254 5501 3255 5501 3234 5501 3234 5502 3255 5502 3256 5502 3255 5503 3257 5503 3256 5503 3256 5504 3257 5504 3258 5504 3257 5505 3259 5505 3258 5505 3258 5506 3259 5506 3260 5506 3182 5507 3261 5507 2412 5507 3261 5508 3187 5508 2412 5508 2412 5509 3187 5509 3062 5509 3187 5510 3188 5510 3062 5510 2169 5511 2167 5511 2143 5511 2167 5512 2165 5512 2143 5512 2143 5513 2165 5513 2112 5513 2165 5514 2154 5514 2112 5514 2112 5515 2154 5515 2152 5515 2053 5516 2209 5516 2055 5516 2209 5517 2198 5517 2055 5517 2055 5518 2198 5518 2024 5518 2198 5519 2196 5519 2024 5519 2024 5520 2196 5520 2026 5520 2196 5521 2194 5521 2026 5521 2026 5522 2194 5522 2028 5522 2194 5523 2192 5523 2028 5523 2028 5524 2192 5524 2190 5524 2257 5525 2231 5525 2259 5525 2231 5526 2229 5526 2259 5526 2259 5527 2229 5527 2261 5527 2229 5528 2227 5528 2261 5528 2261 5529 2227 5529 2225 5529 2551 5530 2549 5530 2615 5530 2549 5531 2547 5531 2615 5531 2615 5532 2547 5532 2584 5532 2547 5533 2546 5533 2584 5533 2584 5534 2546 5534 3046 5534 2785 5535 2783 5535 2561 5535 2783 5536 2781 5536 2561 5536 2561 5537 2781 5537 2563 5537 2781 5538 2779 5538 2563 5538 2563 5539 2779 5539 2565 5539 2779 5540 2777 5540 2565 5540 2565 5541 2777 5541 2567 5541 3260 5542 3259 5542 3262 5542 3259 5543 3263 5543 3262 5543 3262 5544 3263 5544 3264 5544 3263 5545 3265 5545 3264 5545 3264 5546 3265 5546 3092 5546 3265 5547 3266 5547 3092 5547 3092 5548 3266 5548 3094 5548 2389 5549 2387 5549 2319 5549 2387 5550 2385 5550 2319 5550 2319 5551 2385 5551 2288 5551 2385 5552 2374 5552 2288 5552 2288 5553 2374 5553 2372 5553 2567 5554 2777 5554 2569 5554 2777 5555 2764 5555 2569 5555 2569 5556 2764 5556 2571 5556 2764 5557 2762 5557 2571 5557 2571 5558 2762 5558 3267 5558 2762 5559 2760 5559 3267 5559 3267 5560 2760 5560 3201 5560 2760 5561 2758 5561 3201 5561 3201 5562 2758 5562 2756 5562 3236 5563 3268 5563 2819 5563 3268 5564 3269 5564 2819 5564 2819 5565 3269 5565 2767 5565 3269 5566 3270 5566 2767 5566 2767 5567 3270 5567 3083 5567 3243 5568 3271 5568 3244 5568 3271 5569 3272 5569 3244 5569 3244 5570 3272 5570 3090 5570 3272 5571 3273 5571 3090 5571 3090 5572 3273 5572 3089 5572 2257 5573 2255 5573 2231 5573 2255 5574 2253 5574 2231 5574 2231 5575 2253 5575 2200 5575 2253 5576 2242 5576 2200 5576 2200 5577 2242 5577 2240 5577 2527 5578 2486 5578 2528 5578 2486 5579 2485 5579 2528 5579 3274 5580 3275 5580 3276 5580 3275 5581 3277 5581 3276 5581 3276 5582 3277 5582 3278 5582 3277 5583 3279 5583 3278 5583 3278 5584 3279 5584 3280 5584 3279 5585 3281 5585 3280 5585 3280 5586 3281 5586 3282 5586 3281 5587 3283 5587 3282 5587 3282 5588 3283 5588 3284 5588 3283 5589 3285 5589 3284 5589 3284 5590 3285 5590 3286 5590 3285 5591 3287 5591 3286 5591 3286 5592 3287 5592 3288 5592 3287 5593 3289 5593 3288 5593 3288 5594 3289 5594 3290 5594 3289 5595 3291 5595 3290 5595 3290 5596 3291 5596 3292 5596 3291 5597 3293 5597 3292 5597 3292 5598 3293 5598 3294 5598 3293 5599 3295 5599 3294 5599 3294 5600 3295 5600 3296 5600 3295 5601 3297 5601 3296 5601 3296 5602 3297 5602 3298 5602 3297 5603 3299 5603 3298 5603 3298 5604 3299 5604 3300 5604 3299 5605 3301 5605 3300 5605 3300 5606 3301 5606 3302 5606 3301 5607 3303 5607 3302 5607 3302 5608 3303 5608 3304 5608 3303 5609 3305 5609 3304 5609 3304 5610 3305 5610 3306 5610 3305 5611 3307 5611 3306 5611 3306 5612 3307 5612 3308 5612 3307 5613 3309 5613 3308 5613 3308 5614 3309 5614 3310 5614 3309 5615 3311 5615 3310 5615 3310 5616 3311 5616 3312 5616 3311 5617 3313 5617 3312 5617 3312 5618 3313 5618 3314 5618 3313 5619 3315 5619 3314 5619 3314 5620 3315 5620 3316 5620 3315 5621 3317 5621 3316 5621 3316 5622 3317 5622 3318 5622 3317 5623 3319 5623 3318 5623 3318 5624 3319 5624 3320 5624 3319 5625 3321 5625 3320 5625 3320 5626 3321 5626 3322 5626 3321 5627 3323 5627 3322 5627 3322 5628 3323 5628 3324 5628 3323 5629 3325 5629 3324 5629 3324 5630 3325 5630 3326 5630 3325 5631 3327 5631 3326 5631 3326 5632 3327 5632 3328 5632 3327 5633 3329 5633 3328 5633 3328 5634 3329 5634 3330 5634 3329 5635 3331 5635 3330 5635 3330 5636 3331 5636 3332 5636 3331 5637 3333 5637 3332 5637 3332 5638 3333 5638 3334 5638 3333 5639 3335 5639 3334 5639 3334 5640 3335 5640 3336 5640 3335 5641 3337 5641 3336 5641 3336 5642 3337 5642 3338 5642 3337 5643 3339 5643 3338 5643 3338 5644 3339 5644 3340 5644 3339 5645 3341 5645 3340 5645 3340 5646 3341 5646 3342 5646 3341 5647 3343 5647 3342 5647 3342 5648 3343 5648 3344 5648 3343 5649 3345 5649 3344 5649 3344 5650 3345 5650 3346 5650 3345 5651 3347 5651 3346 5651 3346 5652 3347 5652 3348 5652 3347 5653 3349 5653 3348 5653 3348 5654 3349 5654 3350 5654 3349 5655 3351 5655 3350 5655 3350 5656 3351 5656 3352 5656 3351 5657 3353 5657 3352 5657 3352 5658 3353 5658 3354 5658 3353 5659 3355 5659 3354 5659 3354 5660 3355 5660 3356 5660 3355 5661 3357 5661 3356 5661 3356 5662 3357 5662 3358 5662 3357 5663 3359 5663 3358 5663 3358 5664 3359 5664 3360 5664 3359 5665 3361 5665 3360 5665 3360 5666 3361 5666 3362 5666 3361 5667 3363 5667 3362 5667 3362 5668 3363 5668 3364 5668 3363 5669 3365 5669 3364 5669 3364 5670 3365 5670 3366 5670 3365 5671 3367 5671 3366 5671 3366 5672 3367 5672 3368 5672 3367 5673 3369 5673 3368 5673 3368 5674 3369 5674 3370 5674 3369 5675 3371 5675 3370 5675 3370 5676 3371 5676 3372 5676 3371 5677 3373 5677 3372 5677 3372 5678 3373 5678 3374 5678 3373 5679 3375 5679 3374 5679 3374 5680 3375 5680 3376 5680 3375 5681 3377 5681 3376 5681 3376 5682 3377 5682 3378 5682 3377 5683 3379 5683 3378 5683 3378 5684 3379 5684 3380 5684 3379 5685 3381 5685 3380 5685 3380 5686 3381 5686 3382 5686 3381 5687 3383 5687 3382 5687 3382 5688 3383 5688 3384 5688 3383 5689 3385 5689 3384 5689 3384 5690 3385 5690 3386 5690 3385 5691 3387 5691 3386 5691 3386 5692 3387 5692 3388 5692 3387 5693 3389 5693 3388 5693 3388 5694 3389 5694 3274 5694 3389 5695 3275 5695 3274 5695 2043 5696 2090 5696 2044 5696 2090 5697 2089 5697 2044 5697 3222 5698 2810 5698 3390 5698 2810 5699 2809 5699 3390 5699 2775 5700 2756 5700 2774 5700 2756 5701 2755 5701 2774 5701 2907 5702 2629 5702 2905 5702 2629 5703 2628 5703 2905 5703 2905 5704 2628 5704 2903 5704 2628 5705 2627 5705 2903 5705 2903 5706 2627 5706 2901 5706 2627 5707 2626 5707 2901 5707 2901 5708 2626 5708 2899 5708 2626 5709 2745 5709 2899 5709 2899 5710 2745 5710 2897 5710 2745 5711 2744 5711 2897 5711 2897 5712 2744 5712 2895 5712 2744 5713 2743 5713 2895 5713 2895 5714 2743 5714 2893 5714 2743 5715 2742 5715 2893 5715 2893 5716 2742 5716 2891 5716 2742 5717 2754 5717 2891 5717 2891 5718 2754 5718 2889 5718 2754 5719 2753 5719 2889 5719 2889 5720 2753 5720 2887 5720 2753 5721 2752 5721 2887 5721 2887 5722 2752 5722 2885 5722 2752 5723 2751 5723 2885 5723 2885 5724 2751 5724 2883 5724 2751 5725 2750 5725 2883 5725 2883 5726 2750 5726 2881 5726 2750 5727 2749 5727 2881 5727 2881 5728 2749 5728 2879 5728 2749 5729 2748 5729 2879 5729 2879 5730 2748 5730 2877 5730 2748 5731 2747 5731 2877 5731 2877 5732 2747 5732 2875 5732 2747 5733 2746 5733 2875 5733 2875 5734 2746 5734 2873 5734 2746 5735 2688 5735 2873 5735 2873 5736 2688 5736 2871 5736 2688 5737 2687 5737 2871 5737 2871 5738 2687 5738 2869 5738 2687 5739 2723 5739 2869 5739 2869 5740 2723 5740 2867 5740 2723 5741 2722 5741 2867 5741 2867 5742 2722 5742 2865 5742 2722 5743 2721 5743 2865 5743 2865 5744 2721 5744 2863 5744 2721 5745 2704 5745 2863 5745 2863 5746 2704 5746 2861 5746 2704 5747 2706 5747 2861 5747 2861 5748 2706 5748 2859 5748 2706 5749 2685 5749 2859 5749 2859 5750 2685 5750 2857 5750 2685 5751 2720 5751 2857 5751 2857 5752 2720 5752 2855 5752 2720 5753 2719 5753 2855 5753 2855 5754 2719 5754 2853 5754 2719 5755 2718 5755 2853 5755 2853 5756 2718 5756 2967 5756 2718 5757 2741 5757 2967 5757 2967 5758 2741 5758 2965 5758 2741 5759 2740 5759 2965 5759 2965 5760 2740 5760 2963 5760 2740 5761 2693 5761 2963 5761 2963 5762 2693 5762 2961 5762 2693 5763 2710 5763 2961 5763 2961 5764 2710 5764 2959 5764 2710 5765 2677 5765 2959 5765 2959 5766 2677 5766 2957 5766 2677 5767 2676 5767 2957 5767 2957 5768 2676 5768 2955 5768 2676 5769 2675 5769 2955 5769 2955 5770 2675 5770 2953 5770 2675 5771 2674 5771 2953 5771 2953 5772 2674 5772 2951 5772 2674 5773 2673 5773 2951 5773 2951 5774 2673 5774 2949 5774 2673 5775 2671 5775 2949 5775 2949 5776 2671 5776 2947 5776 2671 5777 2709 5777 2947 5777 2947 5778 2709 5778 2945 5778 2709 5779 2708 5779 2945 5779 2945 5780 2708 5780 2943 5780 2708 5781 2707 5781 2943 5781 2943 5782 2707 5782 2941 5782 2707 5783 2632 5783 2941 5783 2941 5784 2632 5784 2939 5784 2632 5785 2631 5785 2939 5785 2939 5786 2631 5786 2937 5786 2631 5787 2669 5787 2937 5787 2937 5788 2669 5788 2935 5788 2669 5789 2668 5789 2935 5789 2935 5790 2668 5790 2933 5790 2668 5791 2667 5791 2933 5791 2933 5792 2667 5792 2931 5792 2667 5793 2630 5793 2931 5793 2931 5794 2630 5794 2929 5794 2630 5795 2692 5795 2929 5795 2929 5796 2692 5796 2927 5796 2692 5797 2691 5797 2927 5797 2927 5798 2691 5798 2925 5798 2691 5799 2690 5799 2925 5799 2925 5800 2690 5800 2923 5800 2690 5801 2689 5801 2923 5801 2923 5802 2689 5802 2921 5802 2689 5803 2661 5803 2921 5803 2921 5804 2661 5804 2919 5804 2661 5805 2660 5805 2919 5805 2919 5806 2660 5806 2917 5806 2660 5807 2659 5807 2917 5807 2917 5808 2659 5808 2915 5808 2659 5809 2658 5809 2915 5809 2915 5810 2658 5810 2913 5810 2658 5811 2657 5811 2913 5811 2913 5812 2657 5812 2911 5812 2657 5813 2656 5813 2911 5813 2911 5814 2656 5814 2909 5814 2656 5815 2655 5815 2909 5815 2909 5816 2655 5816 2907 5816 2655 5817 2629 5817 2907 5817 2832 5818 2830 5818 3176 5818 2832 5819 3176 5819 3391 5819 3176 5820 3178 5820 3391 5820 3391 5821 3178 5821 3392 5821 3178 5822 3213 5822 3392 5822 3392 5823 3213 5823 3393 5823 3213 5824 3212 5824 3393 5824 3393 5825 3212 5825 3394 5825 3212 5826 3210 5826 3394 5826 3394 5827 3210 5827 3395 5827 3210 5828 3033 5828 3395 5828 3395 5829 3033 5829 3396 5829 3128 5830 2981 5830 3397 5830 2981 5831 3398 5831 3397 5831 2395 5832 2310 5832 2396 5832 2310 5833 2309 5833 2396 5833 2175 5834 2134 5834 2176 5834 2134 5835 2133 5835 2176 5835 2970 5836 2969 5836 3107 5836 2970 5837 3107 5837 3399 5837 3107 5838 3152 5838 3399 5838 3399 5839 3152 5839 3400 5839 3152 5840 3153 5840 3400 5840 3400 5841 3153 5841 3401 5841 3153 5842 3154 5842 3401 5842 3401 5843 3154 5843 3402 5843 3154 5844 3189 5844 3402 5844 3402 5845 3189 5845 3403 5845 3189 5846 3190 5846 3403 5846 3403 5847 3190 5847 3404 5847 2603 5848 3170 5848 2604 5848 3170 5849 3405 5849 2604 5849 2572 5850 2571 5850 3406 5850 2571 5851 3267 5851 3406 5851 3406 5852 3267 5852 3407 5852 3267 5853 3201 5853 3407 5853 3407 5854 3201 5854 3408 5854 3201 5855 3200 5855 3408 5855 3408 5856 3200 5856 2543 5856 3200 5857 2541 5857 2543 5857 3409 5858 3410 5858 1989 5858 2155 5859 2157 5859 2063 5859 2544 5860 3411 5860 2765 5860 2323 5861 2325 5861 1970 5861 3412 5862 3413 5862 2579 5862 2111 5863 2113 5863 2151 5863 2113 5864 2149 5864 2151 5864 2101 5865 2103 5865 3414 5865 2067 5866 2069 5866 2019 5866 3415 5867 3416 5867 2765 5867 2587 5868 3411 5868 3417 5868 2063 5869 2157 5869 2061 5869 2157 5870 2159 5870 2061 5870 2061 5871 2159 5871 2161 5871 3418 5872 3419 5872 3420 5872 3419 5873 3421 5873 3420 5873 3409 5874 1989 5874 3422 5874 2025 5875 2027 5875 2237 5875 2798 5876 2797 5876 2291 5876 3423 5877 3424 5877 3425 5877 3406 5878 3407 5878 3416 5878 2011 5879 3426 5879 3427 5879 2587 5880 3417 5880 2585 5880 3417 5881 3428 5881 2585 5881 2585 5882 3428 5882 2583 5882 2591 5883 2573 5883 2765 5883 2573 5884 2575 5884 2765 5884 2765 5885 2575 5885 2577 5885 3396 5886 3429 5886 3430 5886 3431 5887 3432 5887 3433 5887 3432 5888 3434 5888 3433 5888 2088 5889 2177 5889 2086 5889 2177 5890 2180 5890 2086 5890 2113 5891 2115 5891 2061 5891 2115 5892 2117 5892 2061 5892 2061 5893 2117 5893 2119 5893 3419 5894 3422 5894 3421 5894 3422 5895 1989 5895 3421 5895 3421 5896 1989 5896 3435 5896 1989 5897 1987 5897 3435 5897 2335 5898 2337 5898 2776 5898 2337 5899 2339 5899 2776 5899 2776 5900 2339 5900 1970 5900 2339 5901 2321 5901 1970 5901 1970 5902 2321 5902 2323 5902 2031 5903 2013 5903 1970 5903 2013 5904 2015 5904 1970 5904 1970 5905 2015 5905 2017 5905 2579 5906 3413 5906 2577 5906 3413 5907 3436 5907 2577 5907 2577 5908 3436 5908 3437 5908 2365 5909 2367 5909 2291 5909 2367 5910 2369 5910 2291 5910 2291 5911 2369 5911 2289 5911 2369 5912 2371 5912 2289 5912 2289 5913 2371 5913 2287 5913 3423 5914 3425 5914 3427 5914 3425 5915 3438 5915 3427 5915 3427 5916 3438 5916 2011 5916 2544 5917 2765 5917 2543 5917 3411 5918 2587 5918 2765 5918 2587 5919 2589 5919 2765 5919 2765 5920 2589 5920 2591 5920 3439 5921 3440 5921 3441 5921 3440 5922 3410 5922 3441 5922 3410 5923 3440 5923 1989 5923 3440 5924 3442 5924 1989 5924 1989 5925 3442 5925 1991 5925 3442 5926 3443 5926 1991 5926 1991 5927 3443 5927 1993 5927 3444 5928 3445 5928 3446 5928 3445 5929 3447 5929 3446 5929 2180 5930 2182 5930 2086 5930 2182 5931 2184 5931 2086 5931 2086 5932 2184 5932 2084 5932 2184 5933 2186 5933 2084 5933 2084 5934 2186 5934 2082 5934 2186 5935 2188 5935 2082 5935 2161 5936 2163 5936 2061 5936 2163 5937 2145 5937 2061 5937 2061 5938 2145 5938 2113 5938 2145 5939 2147 5939 2113 5939 2113 5940 2147 5940 2149 5940 2199 5941 2201 5941 2239 5941 2237 5942 2027 5942 1970 5942 2027 5943 2029 5943 1970 5943 1970 5944 2029 5944 2031 5944 2075 5945 2057 5945 1970 5945 2057 5946 2059 5946 1970 5946 1970 5947 2059 5947 2061 5947 2801 5948 2800 5948 2291 5948 2800 5949 2799 5949 2291 5949 2291 5950 2799 5950 2798 5950 2766 5951 2768 5951 3448 5951 3416 5952 3407 5952 2765 5952 3407 5953 3408 5953 2765 5953 2765 5954 3408 5954 2543 5954 2003 5955 3449 5955 2005 5955 3449 5956 3450 5956 2005 5956 2005 5957 3450 5957 2007 5957 3450 5958 2009 5958 2007 5958 3432 5959 3451 5959 3452 5959 3451 5960 3453 5960 3452 5960 2063 5961 2065 5961 2155 5961 2065 5962 2078 5962 2155 5962 2155 5963 2078 5963 2188 5963 2078 5964 2080 5964 2188 5964 2188 5965 2080 5965 2082 5965 2176 5966 2133 5966 2174 5966 2133 5967 2136 5967 2174 5967 2847 5968 1977 5968 3454 5968 1977 5969 1975 5969 3454 5969 2119 5970 2101 5970 2061 5970 2101 5971 3414 5971 2061 5971 2061 5972 3414 5972 1970 5972 3414 5973 3455 5973 1970 5973 1970 5974 3455 5974 1971 5974 3455 5975 3454 5975 1971 5975 1971 5976 3454 5976 1973 5976 3454 5977 1975 5977 1973 5977 2251 5978 2233 5978 1970 5978 2233 5979 2235 5979 1970 5979 1970 5980 2235 5980 2237 5980 2019 5981 2069 5981 2017 5981 2069 5982 2071 5982 2017 5982 2017 5983 2071 5983 1970 5983 2071 5984 2073 5984 1970 5984 1970 5985 2073 5985 2075 5985 2604 5986 3405 5986 2602 5986 3405 5987 3456 5987 2602 5987 3398 5988 3457 5988 2509 5988 2295 5989 2776 5989 2808 5989 3445 5990 3458 5990 3452 5990 3458 5991 3426 5991 3452 5991 3452 5992 3426 5992 3450 5992 3426 5993 2011 5993 3450 5993 3450 5994 2011 5994 2009 5994 3430 5995 3429 5995 3452 5995 3429 5996 3459 5996 3452 5996 3452 5997 3459 5997 3460 5997 2136 5998 2138 5998 2174 5998 2138 5999 2140 5999 2174 5999 2174 6000 2140 6000 2172 6000 2140 6001 2142 6001 2172 6001 2172 6002 2142 6002 2170 6002 2142 6003 2144 6003 2170 6003 1987 6004 1985 6004 3435 6004 1985 6005 1983 6005 3435 6005 3435 6006 1983 6006 2848 6006 1983 6007 1981 6007 2848 6007 2848 6008 1981 6008 2847 6008 1981 6009 1979 6009 2847 6009 2847 6010 1979 6010 1977 6010 2823 6011 2824 6011 3461 6011 2824 6012 3462 6012 3461 6012 2239 6013 2201 6013 2237 6013 2201 6014 2203 6014 2237 6014 2237 6015 2203 6015 2205 6015 2044 6016 2089 6016 2042 6016 2089 6017 2092 6017 2042 6017 3456 6018 3463 6018 2602 6018 3463 6019 3464 6019 2602 6019 2602 6020 3464 6020 2600 6020 3464 6021 3465 6021 2600 6021 2600 6022 3465 6022 2598 6022 3465 6023 3466 6023 2598 6023 2463 6024 2465 6024 2503 6024 2465 6025 2501 6025 2503 6025 2453 6026 2455 6026 2421 6026 3437 6027 3467 6027 2577 6027 3467 6028 2509 6028 2577 6028 2577 6029 2509 6029 2765 6029 2509 6030 2511 6030 2765 6030 2765 6031 2511 6031 2789 6031 2511 6032 2513 6032 2789 6032 2789 6033 2513 6033 2790 6033 2423 6034 2425 6034 2797 6034 2295 6035 2808 6035 2293 6035 2843 6036 2844 6036 3468 6036 2844 6037 3469 6037 3468 6037 3468 6038 3469 6038 3470 6038 3438 6039 3471 6039 2011 6039 3471 6040 3472 6040 2011 6040 2011 6041 3472 6041 2765 6041 3472 6042 3473 6042 2765 6042 2765 6043 3473 6043 3415 6043 3448 6044 2768 6044 3416 6044 2768 6045 2770 6045 3416 6045 3416 6046 2770 6046 2772 6046 2003 6047 2001 6047 3449 6047 2001 6048 1999 6048 3449 6048 3449 6049 1999 6049 3474 6049 1999 6050 1997 6050 3474 6050 3474 6051 1997 6051 3443 6051 1997 6052 1995 6052 3443 6052 3443 6053 1995 6053 1993 6053 3453 6054 3475 6054 3452 6054 3475 6055 3476 6055 3452 6055 3452 6056 3476 6056 3445 6056 3476 6057 3477 6057 3445 6057 3445 6058 3477 6058 3447 6058 2151 6059 2153 6059 2111 6059 2153 6060 2166 6060 2111 6060 2111 6061 2166 6061 2144 6061 2166 6062 2168 6062 2144 6062 2144 6063 2168 6063 2170 6063 2132 6064 2970 6064 2130 6064 2970 6065 3399 6065 2130 6065 2130 6066 3399 6066 2128 6066 3462 6067 3478 6067 3461 6067 3478 6068 3479 6068 3461 6068 3461 6069 3479 6069 3480 6069 3479 6070 3481 6070 3480 6070 3480 6071 3481 6071 3482 6071 3481 6072 3483 6072 3482 6072 2352 6073 2265 6073 2350 6073 2265 6074 2268 6074 2350 6074 2350 6075 2268 6075 2348 6075 2092 6076 2094 6076 2042 6076 2094 6077 2096 6077 2042 6077 2042 6078 2096 6078 2040 6078 2096 6079 2098 6079 2040 6079 2040 6080 2098 6080 2038 6080 2098 6081 2100 6081 2038 6081 2579 6082 2581 6082 3412 6082 2581 6083 2594 6083 3412 6083 3412 6084 2594 6084 3466 6084 2594 6085 2596 6085 3466 6085 3466 6086 2596 6086 2598 6086 2423 6087 2513 6087 2421 6087 2513 6088 2515 6088 2421 6088 2421 6089 2515 6089 2497 6089 2425 6090 2427 6090 2797 6090 2427 6091 2409 6091 2797 6091 2797 6092 2409 6092 2291 6092 2409 6093 2411 6093 2291 6093 2291 6094 2411 6094 2413 6094 2365 6095 2291 6095 2383 6095 2291 6096 2413 6096 2383 6096 2383 6097 2413 6097 2381 6097 2804 6098 2803 6098 2291 6098 2803 6099 2802 6099 2291 6099 2291 6100 2802 6100 2801 6100 3484 6101 3485 6101 3486 6101 3485 6102 3487 6102 3486 6102 3486 6103 3487 6103 3469 6103 3487 6104 3488 6104 3469 6104 3469 6105 3488 6105 3470 6105 2558 6106 2605 6106 2556 6106 2605 6107 2608 6107 2556 6107 2827 6108 2828 6108 3489 6108 2828 6109 3490 6109 3489 6109 3489 6110 3490 6110 3491 6110 2839 6111 2840 6111 3492 6111 2840 6112 3493 6112 3492 6112 3401 6113 2122 6113 3400 6113 2122 6114 2124 6114 3400 6114 3400 6115 2124 6115 3399 6115 2124 6116 2126 6116 3399 6116 3399 6117 2126 6117 2128 6117 3420 6118 3494 6118 3418 6118 3494 6119 3495 6119 3418 6119 3418 6120 3495 6120 3483 6120 3495 6121 3496 6121 3483 6121 3483 6122 3496 6122 3482 6122 2272 6123 2342 6123 2270 6123 2342 6124 2344 6124 2270 6124 2270 6125 2344 6125 2268 6125 2344 6126 2346 6126 2268 6126 2268 6127 2346 6127 2348 6127 2019 6128 2021 6128 2067 6128 2021 6129 2034 6129 2067 6129 2067 6130 2034 6130 2100 6130 2034 6131 2036 6131 2100 6131 2100 6132 2036 6132 2038 6132 2797 6133 2796 6133 2423 6133 2796 6134 2795 6134 2423 6134 2423 6135 2795 6135 2794 6135 2396 6136 2309 6136 2394 6136 2309 6137 2312 6137 2394 6137 2608 6138 2610 6138 2556 6138 2610 6139 2612 6139 2556 6139 2556 6140 2612 6140 2554 6140 2612 6141 2614 6141 2554 6141 2554 6142 2614 6142 2552 6142 2614 6143 2616 6143 2552 6143 3497 6144 3498 6144 3499 6144 3498 6145 3500 6145 3499 6145 3499 6146 3500 6146 3490 6146 3500 6147 3501 6147 3490 6147 3490 6148 3501 6148 3491 6148 2831 6149 2832 6149 3502 6149 2832 6150 3391 6150 3502 6150 3460 6151 3503 6151 3452 6151 3503 6152 3504 6152 3452 6152 3452 6153 3504 6153 3432 6153 3504 6154 3505 6154 3432 6154 3432 6155 3505 6155 3434 6155 3493 6156 3506 6156 3492 6156 3506 6157 3507 6157 3492 6157 3492 6158 3507 6158 3508 6158 3507 6159 3509 6159 3508 6159 3508 6160 3509 6160 3510 6160 3509 6161 3511 6161 3510 6161 2835 6162 2836 6162 3512 6162 2836 6163 3513 6163 3512 6163 2205 6164 2207 6164 2237 6164 2207 6165 2189 6165 2237 6165 2237 6166 2189 6166 2025 6166 2189 6167 2191 6167 2025 6167 3467 6168 3514 6168 2509 6168 3514 6169 3515 6169 2509 6169 2509 6170 3515 6170 3398 6170 3515 6171 3397 6171 3398 6171 2465 6172 2467 6172 2501 6172 2467 6173 2469 6173 2501 6173 2501 6174 2469 6174 2471 6174 2794 6175 2793 6175 2423 6175 2793 6176 2792 6176 2423 6176 2423 6177 2792 6177 2513 6177 2792 6178 2791 6178 2513 6178 2513 6179 2791 6179 2790 6179 2440 6180 2397 6180 2438 6180 2397 6181 2400 6181 2438 6181 2438 6182 2400 6182 2436 6182 2312 6183 2314 6183 2394 6183 2314 6184 2316 6184 2394 6184 2394 6185 2316 6185 2392 6185 2316 6186 2318 6186 2392 6186 2392 6187 2318 6187 2390 6187 2318 6188 2320 6188 2390 6188 2308 6189 2353 6189 2306 6189 2353 6190 2356 6190 2306 6190 2306 6191 2356 6191 2304 6191 3424 6192 3516 6192 3425 6192 3516 6193 3517 6193 3425 6193 3425 6194 3517 6194 3518 6194 3517 6195 3519 6195 3518 6195 3518 6196 3519 6196 3520 6196 3519 6197 3485 6197 3520 6197 3520 6198 3485 6198 3521 6198 3485 6199 3484 6199 3521 6199 2772 6200 2774 6200 3416 6200 2774 6201 2755 6201 3416 6201 3416 6202 2755 6202 3406 6202 2755 6203 2757 6203 3406 6203 3428 6204 2545 6204 2583 6204 2545 6205 2548 6205 2583 6205 2583 6206 2548 6206 2616 6206 2548 6207 2550 6207 2616 6207 2616 6208 2550 6208 2552 6208 3391 6209 3392 6209 3502 6209 3392 6210 3393 6210 3502 6210 3502 6211 3393 6211 3522 6211 3393 6212 3394 6212 3522 6212 3522 6213 3394 6213 3523 6213 3394 6214 3395 6214 3523 6214 3433 6215 3524 6215 3431 6215 3524 6216 3525 6216 3431 6216 3431 6217 3525 6217 3511 6217 3525 6218 3526 6218 3511 6218 3511 6219 3526 6219 3510 6219 3513 6220 3527 6220 3512 6220 3527 6221 3528 6221 3512 6221 3512 6222 3528 6222 3529 6222 3528 6223 3530 6223 3529 6223 3529 6224 3530 6224 3531 6224 3530 6225 3532 6225 3531 6225 2103 6226 2105 6226 3414 6226 2105 6227 2107 6227 3414 6227 3414 6228 2107 6228 3404 6228 2107 6229 2109 6229 3404 6229 3404 6230 2109 6230 3403 6230 2109 6231 2122 6231 3403 6231 3403 6232 2122 6232 3402 6232 2122 6233 3401 6233 3402 6233 2272 6234 2274 6234 2342 6234 2274 6235 2276 6235 2342 6235 2342 6236 2276 6236 2329 6236 2276 6237 2243 6237 2329 6237 2329 6238 2243 6238 2327 6238 2243 6239 2245 6239 2327 6239 2327 6240 2245 6240 2325 6240 2245 6241 2247 6241 2325 6241 2325 6242 2247 6242 1970 6242 2247 6243 2249 6243 1970 6243 1970 6244 2249 6244 2251 6244 2264 6245 2221 6245 2262 6245 2221 6246 2224 6246 2262 6246 2220 6247 2045 6247 2218 6247 2045 6248 2048 6248 2218 6248 2218 6249 2048 6249 2216 6249 3533 6250 2529 6250 3534 6250 2529 6251 2532 6251 3534 6251 3534 6252 2532 6252 3535 6252 2497 6253 2499 6253 2421 6253 2499 6254 2501 6254 2421 6254 2421 6255 2501 6255 2453 6255 2501 6256 2471 6256 2453 6256 2404 6257 2430 6257 2402 6257 2430 6258 2432 6258 2402 6258 2402 6259 2432 6259 2400 6259 2432 6260 2434 6260 2400 6260 2400 6261 2434 6261 2436 6261 2371 6262 2373 6262 2287 6262 2373 6263 2386 6263 2287 6263 2287 6264 2386 6264 2320 6264 2386 6265 2388 6265 2320 6265 2320 6266 2388 6266 2390 6266 2808 6267 2807 6267 2293 6267 2807 6268 2806 6268 2293 6268 2293 6269 2806 6269 2291 6269 2806 6270 2805 6270 2291 6270 2291 6271 2805 6271 2804 6271 2360 6272 2298 6272 2358 6272 2298 6273 2300 6273 2358 6273 2358 6274 2300 6274 2356 6274 2300 6275 2302 6275 2356 6275 2356 6276 2302 6276 2304 6276 3390 6277 2809 6277 3536 6277 2809 6278 2812 6278 3536 6278 2788 6279 2559 6279 2786 6279 2559 6280 2562 6280 2786 6280 2786 6281 2562 6281 2784 6281 3439 6282 3537 6282 3440 6282 3537 6283 3538 6283 3440 6283 3440 6284 3538 6284 3539 6284 3538 6285 3540 6285 3539 6285 3539 6286 3540 6286 3541 6286 3540 6287 3498 6287 3541 6287 3541 6288 3498 6288 3542 6288 3498 6289 3497 6289 3542 6289 3430 6290 3543 6290 3396 6290 3543 6291 3544 6291 3396 6291 3396 6292 3544 6292 3395 6292 3544 6293 3545 6293 3395 6293 3395 6294 3545 6294 3523 6294 3446 6295 3546 6295 3444 6295 3546 6296 3547 6296 3444 6296 3444 6297 3547 6297 3532 6297 3547 6298 3548 6298 3532 6298 3532 6299 3548 6299 3531 6299 2224 6300 2226 6300 2262 6300 2226 6301 2228 6301 2262 6301 2262 6302 2228 6302 2260 6302 2228 6303 2230 6303 2260 6303 2260 6304 2230 6304 2258 6304 2230 6305 2232 6305 2258 6305 2052 6306 2210 6306 2050 6306 2210 6307 2212 6307 2050 6307 2050 6308 2212 6308 2048 6308 2212 6309 2214 6309 2048 6309 2048 6310 2214 6310 2216 6310 2851 6311 2852 6311 3549 6311 2852 6312 3550 6312 3549 6312 3549 6313 3550 6313 3551 6313 2536 6314 3552 6314 2534 6314 3552 6315 3553 6315 2534 6315 2534 6316 3553 6316 2532 6316 3553 6317 3554 6317 2532 6317 2532 6318 3554 6318 3535 6318 2528 6319 2485 6319 2526 6319 2485 6320 2488 6320 2526 6320 2484 6321 2441 6321 2482 6321 2441 6322 2444 6322 2482 6322 2482 6323 2444 6323 2480 6323 2812 6324 2814 6324 3536 6324 2814 6325 2816 6325 3536 6325 3536 6326 2816 6326 3555 6326 2816 6327 2818 6327 3555 6327 3555 6328 2818 6328 3556 6328 2818 6329 2820 6329 3556 6329 2566 6330 2778 6330 2564 6330 2778 6331 2780 6331 2564 6331 2564 6332 2780 6332 2562 6332 2780 6333 2782 6333 2562 6333 2562 6334 2782 6334 2784 6334 2239 6335 2241 6335 2199 6335 2241 6336 2254 6336 2199 6336 2199 6337 2254 6337 2232 6337 2254 6338 2256 6338 2232 6338 2232 6339 2256 6339 2258 6339 3557 6340 3558 6340 3559 6340 3558 6341 3560 6341 3559 6341 3559 6342 3560 6342 3550 6342 3560 6343 3561 6343 3550 6343 3550 6344 3561 6344 3551 6344 2488 6345 2490 6345 2526 6345 2490 6346 2492 6346 2526 6346 2526 6347 2492 6347 2524 6347 2492 6348 2494 6348 2524 6348 2524 6349 2494 6349 2522 6349 2494 6350 2496 6350 2522 6350 2448 6351 2474 6351 2446 6351 2474 6352 2476 6352 2446 6352 2446 6353 2476 6353 2444 6353 2476 6354 2478 6354 2444 6354 2444 6355 2478 6355 2480 6355 2404 6356 2406 6356 2430 6356 2406 6357 2408 6357 2430 6357 2430 6358 2408 6358 2417 6358 2408 6359 2375 6359 2417 6359 2417 6360 2375 6360 2415 6360 2375 6361 2377 6361 2415 6361 2415 6362 2377 6362 2413 6362 2377 6363 2379 6363 2413 6363 2413 6364 2379 6364 2381 6364 2295 6365 2277 6365 2776 6365 2277 6366 2279 6366 2776 6366 2776 6367 2279 6367 2335 6367 2279 6368 2281 6368 2335 6368 2335 6369 2281 6369 2333 6369 2281 6370 2283 6370 2333 6370 2333 6371 2283 6371 2331 6371 2283 6372 2285 6372 2331 6372 2331 6373 2285 6373 2364 6373 2285 6374 2298 6374 2364 6374 2364 6375 2298 6375 2362 6375 2298 6376 2360 6376 2362 6376 3448 6377 3562 6377 2766 6377 3562 6378 3563 6378 2766 6378 2766 6379 3563 6379 2820 6379 3563 6380 3564 6380 2820 6380 2820 6381 3564 6381 3556 6381 2191 6382 2193 6382 2025 6382 2193 6383 2195 6383 2025 6383 2025 6384 2195 6384 2023 6384 2195 6385 2197 6385 2023 6385 2023 6386 2197 6386 2056 6386 2197 6387 2210 6387 2056 6387 2056 6388 2210 6388 2054 6388 2210 6389 2052 6389 2054 6389 3457 6390 3565 6390 2509 6390 3565 6391 3566 6391 2509 6391 2509 6392 3566 6392 2507 6392 3566 6393 3567 6393 2507 6393 2507 6394 3567 6394 2540 6394 3567 6395 3552 6395 2540 6395 2540 6396 3552 6396 2538 6396 3552 6397 2536 6397 2538 6397 2503 6398 2505 6398 2463 6398 2505 6399 2518 6399 2463 6399 2463 6400 2518 6400 2496 6400 2518 6401 2520 6401 2496 6401 2496 6402 2520 6402 2522 6402 2757 6403 2759 6403 3406 6403 2759 6404 2761 6404 3406 6404 3406 6405 2761 6405 2572 6405 2761 6406 2763 6406 2572 6406 2572 6407 2763 6407 2570 6407 2763 6408 2778 6408 2570 6408 2570 6409 2778 6409 2568 6409 2778 6410 2566 6410 2568 6410 3557 6411 3568 6411 3558 6411 3568 6412 3569 6412 3558 6412 3558 6413 3569 6413 3570 6413 3569 6414 3571 6414 3570 6414 3570 6415 3571 6415 3572 6415 3571 6416 3573 6416 3572 6416 3572 6417 3573 6417 3574 6417 3573 6418 3575 6418 3574 6418 3574 6419 3575 6419 3515 6419 3575 6420 3576 6420 3515 6420 3515 6421 3576 6421 3397 6421 2455 6422 2457 6422 2421 6422 2457 6423 2459 6423 2421 6423 2421 6424 2459 6424 2419 6424 2459 6425 2461 6425 2419 6425 2419 6426 2461 6426 2452 6426 2461 6427 2474 6427 2452 6427 2452 6428 2474 6428 2450 6428 2474 6429 2448 6429 2450 6429 3476 6430 3051 6430 3477 6430 3051 6431 3050 6431 3477 6431 3477 6432 3050 6432 3447 6432 3050 6433 3087 6433 3447 6433 3447 6434 3087 6434 3446 6434 3087 6435 3089 6435 3446 6435 3446 6436 3089 6436 3546 6436 3089 6437 3273 6437 3546 6437 3139 6438 2908 6438 3140 6438 2908 6439 2906 6439 3140 6439 3140 6440 2906 6440 3056 6440 2906 6441 2904 6441 3056 6441 3056 6442 2904 6442 3055 6442 2904 6443 2902 6443 3055 6443 3055 6444 2902 6444 3052 6444 2902 6445 2900 6445 3052 6445 3052 6446 2900 6446 3000 6446 2900 6447 2898 6447 3000 6447 3000 6448 2898 6448 3001 6448 2898 6449 2896 6449 3001 6449 3001 6450 2896 6450 3047 6450 2896 6451 2894 6451 3047 6451 3047 6452 2894 6452 3014 6452 2894 6453 2892 6453 3014 6453 3014 6454 2892 6454 3011 6454 2892 6455 2890 6455 3011 6455 3011 6456 2890 6456 3009 6456 2890 6457 2888 6457 3009 6457 3009 6458 2888 6458 2975 6458 2888 6459 2886 6459 2975 6459 2975 6460 2886 6460 2997 6460 2886 6461 2884 6461 2997 6461 2997 6462 2884 6462 3161 6462 2884 6463 2882 6463 3161 6463 3161 6464 2882 6464 3117 6464 2882 6465 2880 6465 3117 6465 3117 6466 2880 6466 3118 6466 2880 6467 2878 6467 3118 6467 3118 6468 2878 6468 3120 6468 2878 6469 2876 6469 3120 6469 3120 6470 2876 6470 3121 6470 2876 6471 2874 6471 3121 6471 3121 6472 2874 6472 3122 6472 2874 6473 2872 6473 3122 6473 3122 6474 2872 6474 3123 6474 2872 6475 2870 6475 3123 6475 3123 6476 2870 6476 3124 6476 2870 6477 2868 6477 3124 6477 3124 6478 2868 6478 3125 6478 2868 6479 2866 6479 3125 6479 3125 6480 2866 6480 3126 6480 2866 6481 2864 6481 3126 6481 3126 6482 2864 6482 3127 6482 2864 6483 2862 6483 3127 6483 3127 6484 2862 6484 3162 6484 2862 6485 2860 6485 3162 6485 3162 6486 2860 6486 3163 6486 2860 6487 2858 6487 3163 6487 3163 6488 2858 6488 3164 6488 2858 6489 2856 6489 3164 6489 3164 6490 2856 6490 3130 6490 2856 6491 2854 6491 3130 6491 3130 6492 2854 6492 3129 6492 2854 6493 2968 6493 3129 6493 3129 6494 2968 6494 3060 6494 2968 6495 2966 6495 3060 6495 3060 6496 2966 6496 3061 6496 2966 6497 2964 6497 3061 6497 3061 6498 2964 6498 3183 6498 2964 6499 2962 6499 3183 6499 3183 6500 2962 6500 3184 6500 2962 6501 2960 6501 3184 6501 3184 6502 2960 6502 3186 6502 2960 6503 2958 6503 3186 6503 3186 6504 2958 6504 3188 6504 2958 6505 2956 6505 3188 6505 3188 6506 2956 6506 3062 6506 2956 6507 2954 6507 3062 6507 3062 6508 2954 6508 3063 6508 2954 6509 2952 6509 3063 6509 3063 6510 2952 6510 3064 6510 2952 6511 2950 6511 3064 6511 3064 6512 2950 6512 3095 6512 2950 6513 2948 6513 3095 6513 3095 6514 2948 6514 3096 6514 2948 6515 2946 6515 3096 6515 3096 6516 2946 6516 3097 6516 2946 6517 2944 6517 3097 6517 3097 6518 2944 6518 3142 6518 2944 6519 2942 6519 3142 6519 3142 6520 2942 6520 3143 6520 2942 6521 2940 6521 3143 6521 3143 6522 2940 6522 3003 6522 2940 6523 2938 6523 3003 6523 3003 6524 2938 6524 2985 6524 2938 6525 2936 6525 2985 6525 2985 6526 2936 6526 2986 6526 2936 6527 2934 6527 2986 6527 2986 6528 2934 6528 2987 6528 2934 6529 2932 6529 2987 6529 2987 6530 2932 6530 3141 6530 2932 6531 2930 6531 3141 6531 3141 6532 2930 6532 3215 6532 2930 6533 2928 6533 3215 6533 3215 6534 2928 6534 3214 6534 2928 6535 2926 6535 3214 6535 3214 6536 2926 6536 3041 6536 2926 6537 2924 6537 3041 6537 3041 6538 2924 6538 3039 6538 2924 6539 2922 6539 3039 6539 3039 6540 2922 6540 3034 6540 2922 6541 2920 6541 3034 6541 3034 6542 2920 6542 3035 6542 2920 6543 2918 6543 3035 6543 3035 6544 2918 6544 3057 6544 2918 6545 2916 6545 3057 6545 3057 6546 2916 6546 3019 6546 2916 6547 2914 6547 3019 6547 3019 6548 2914 6548 3021 6548 2914 6549 2912 6549 3021 6549 3021 6550 2912 6550 3022 6550 2912 6551 2910 6551 3022 6551 3022 6552 2910 6552 3139 6552 2910 6553 2908 6553 3139 6553 2351 6554 2266 6554 2352 6554 2266 6555 2265 6555 2352 6555 3494 6556 3218 6556 3217 6556 3494 6557 3217 6557 3495 6557 3217 6558 3216 6558 3495 6558 3495 6559 3216 6559 3496 6559 3216 6560 3147 6560 3496 6560 3496 6561 3147 6561 3482 6561 3147 6562 3149 6562 3482 6562 3482 6563 3149 6563 3480 6563 3149 6564 3105 6564 3480 6564 3480 6565 3105 6565 3461 6565 3105 6566 2821 6566 3461 6566 3461 6567 2821 6567 2823 6567 2557 6568 2606 6568 2558 6568 2606 6569 2605 6569 2558 6569 2544 6570 2542 6570 3411 6570 2542 6571 3013 6571 3411 6571 3411 6572 3013 6572 3417 6572 3013 6573 3012 6573 3417 6573 3417 6574 3012 6574 3428 6574 3012 6575 3046 6575 3428 6575 3428 6576 3046 6576 2545 6576 3046 6577 2546 6577 2545 6577 3320 6578 2739 6578 3318 6578 2739 6579 2717 6579 3318 6579 3318 6580 2717 6580 3316 6580 2717 6581 2716 6581 3316 6581 3316 6582 2716 6582 3314 6582 2716 6583 2715 6583 3314 6583 3314 6584 2715 6584 3312 6584 2715 6585 2686 6585 3312 6585 3312 6586 2686 6586 3310 6586 2686 6587 2684 6587 3310 6587 3310 6588 2684 6588 3308 6588 2684 6589 2683 6589 3308 6589 3308 6590 2683 6590 3306 6590 2683 6591 2738 6591 3306 6591 3306 6592 2738 6592 3304 6592 2738 6593 2737 6593 3304 6593 3304 6594 2737 6594 3302 6594 2737 6595 2736 6595 3302 6595 3302 6596 2736 6596 3300 6596 2736 6597 2735 6597 3300 6597 3300 6598 2735 6598 3298 6598 2735 6599 2734 6599 3298 6599 3298 6600 2734 6600 3296 6600 2734 6601 2733 6601 3296 6601 3296 6602 2733 6602 3294 6602 2733 6603 2732 6603 3294 6603 3294 6604 2732 6604 3292 6604 2732 6605 2731 6605 3292 6605 3292 6606 2731 6606 3290 6606 2731 6607 2730 6607 3290 6607 3290 6608 2730 6608 3288 6608 2730 6609 2729 6609 3288 6609 3288 6610 2729 6610 3286 6610 2729 6611 2654 6611 3286 6611 3286 6612 2654 6612 3284 6612 2654 6613 2666 6613 3284 6613 3284 6614 2666 6614 3282 6614 2666 6615 2665 6615 3282 6615 3282 6616 2665 6616 3280 6616 2665 6617 2663 6617 3280 6617 3280 6618 2663 6618 3278 6618 2663 6619 2682 6619 3278 6619 3278 6620 2682 6620 3276 6620 2682 6621 2681 6621 3276 6621 3276 6622 2681 6622 3274 6622 2681 6623 2679 6623 3274 6623 3274 6624 2679 6624 3388 6624 2679 6625 2678 6625 3388 6625 3388 6626 2678 6626 3386 6626 2678 6627 2650 6627 3386 6627 3386 6628 2650 6628 3384 6628 2650 6629 2648 6629 3384 6629 3384 6630 2648 6630 3382 6630 2648 6631 2646 6631 3382 6631 3382 6632 2646 6632 3380 6632 2646 6633 2645 6633 3380 6633 3380 6634 2645 6634 3378 6634 2645 6635 2624 6635 3378 6635 3378 6636 2624 6636 3376 6636 2624 6637 2622 6637 3376 6637 3376 6638 2622 6638 3374 6638 2622 6639 2620 6639 3374 6639 3374 6640 2620 6640 3372 6640 2620 6641 2618 6641 3372 6641 3372 6642 2618 6642 3370 6642 2618 6643 2644 6643 3370 6643 3370 6644 2644 6644 3368 6644 2644 6645 2643 6645 3368 6645 3368 6646 2643 6646 3366 6646 2643 6647 2641 6647 3366 6647 3366 6648 2641 6648 3364 6648 2641 6649 2639 6649 3364 6649 3364 6650 2639 6650 3362 6650 2639 6651 2714 6651 3362 6651 3362 6652 2714 6652 3360 6652 2714 6653 2713 6653 3360 6653 3360 6654 2713 6654 3358 6654 2713 6655 2728 6655 3358 6655 3358 6656 2728 6656 3356 6656 2728 6657 2727 6657 3356 6657 3356 6658 2727 6658 3354 6658 2727 6659 2725 6659 3354 6659 3354 6660 2725 6660 3352 6660 2725 6661 2724 6661 3352 6661 3352 6662 2724 6662 3350 6662 2724 6663 2702 6663 3350 6663 3350 6664 2702 6664 3348 6664 2702 6665 2700 6665 3348 6665 3348 6666 2700 6666 3346 6666 2700 6667 2699 6667 3346 6667 3346 6668 2699 6668 3344 6668 2699 6669 2637 6669 3344 6669 3344 6670 2637 6670 3342 6670 2637 6671 2636 6671 3342 6671 3342 6672 2636 6672 3340 6672 2636 6673 2634 6673 3340 6673 3340 6674 2634 6674 3338 6674 2634 6675 2633 6675 3338 6675 3338 6676 2633 6676 3336 6676 2633 6677 2698 6677 3336 6677 3336 6678 2698 6678 3334 6678 2698 6679 2697 6679 3334 6679 3334 6680 2697 6680 3332 6680 2697 6681 2696 6681 3332 6681 3332 6682 2696 6682 3330 6682 2696 6683 2670 6683 3330 6683 3330 6684 2670 6684 3328 6684 2670 6685 2672 6685 3328 6685 3328 6686 2672 6686 3326 6686 2672 6687 2711 6687 3326 6687 3326 6688 2711 6688 3324 6688 2711 6689 2695 6689 3324 6689 3324 6690 2695 6690 3322 6690 2695 6691 2694 6691 3322 6691 3322 6692 2694 6692 3320 6692 2694 6693 2739 6693 3320 6693 3027 6694 3018 6694 3503 6694 3018 6695 3504 6695 3503 6695 2307 6696 2354 6696 2308 6696 2354 6697 2353 6697 2308 6697 2087 6698 2178 6698 2088 6698 2178 6699 2177 6699 2088 6699 3220 6700 3321 6700 3194 6700 3321 6701 3319 6701 3194 6701 3194 6702 3319 6702 3195 6702 3319 6703 3317 6703 3195 6703 3195 6704 3317 6704 3196 6704 3317 6705 3315 6705 3196 6705 3196 6706 3315 6706 3115 6706 3315 6707 3313 6707 3115 6707 3115 6708 3313 6708 3116 6708 3313 6709 3311 6709 3116 6709 3116 6710 3311 6710 3158 6710 3311 6711 3309 6711 3158 6711 3158 6712 3309 6712 3159 6712 3309 6713 3307 6713 3159 6713 3159 6714 3307 6714 3160 6714 3307 6715 3305 6715 3160 6715 3160 6716 3305 6716 3221 6716 3305 6717 3303 6717 3221 6717 3221 6718 3303 6718 2980 6718 3303 6719 3301 6719 2980 6719 2980 6720 3301 6720 2978 6720 3301 6721 3299 6721 2978 6721 2978 6722 3299 6722 2994 6722 3299 6723 3297 6723 2994 6723 2994 6724 3297 6724 2972 6724 3297 6725 3295 6725 2972 6725 2972 6726 3295 6726 3070 6726 3295 6727 3293 6727 3070 6727 3070 6728 3293 6728 3071 6728 3293 6729 3291 6729 3071 6729 3071 6730 3291 6730 3072 6730 3291 6731 3289 6731 3072 6731 3072 6732 3289 6732 3073 6732 3289 6733 3287 6733 3073 6733 3073 6734 3287 6734 3074 6734 3287 6735 3285 6735 3074 6735 3074 6736 3285 6736 3075 6736 3285 6737 3283 6737 3075 6737 3075 6738 3283 6738 3044 6738 3283 6739 3281 6739 3044 6739 3044 6740 3281 6740 3045 6740 3281 6741 3279 6741 3045 6741 3045 6742 3279 6742 3067 6742 3279 6743 3277 6743 3067 6743 3067 6744 3277 6744 3068 6744 3277 6745 3275 6745 3068 6745 3068 6746 3275 6746 3069 6746 3275 6747 3389 6747 3069 6747 3069 6748 3389 6748 3065 6748 3389 6749 3387 6749 3065 6749 3065 6750 3387 6750 3066 6750 3387 6751 3385 6751 3066 6751 3066 6752 3385 6752 3006 6752 3385 6753 3383 6753 3006 6753 3006 6754 3383 6754 3007 6754 3383 6755 3381 6755 3007 6755 3007 6756 3381 6756 2976 6756 3381 6757 3379 6757 2976 6757 2976 6758 3379 6758 2988 6758 3379 6759 3377 6759 2988 6759 2988 6760 3377 6760 3101 6760 3377 6761 3375 6761 3101 6761 3101 6762 3375 6762 3102 6762 3375 6763 3373 6763 3102 6763 3102 6764 3373 6764 3103 6764 3373 6765 3371 6765 3103 6765 3103 6766 3371 6766 3100 6766 3371 6767 3369 6767 3100 6767 3100 6768 3369 6768 3099 6768 3369 6769 3367 6769 3099 6769 3099 6770 3367 6770 3098 6770 3367 6771 3365 6771 3098 6771 3098 6772 3365 6772 3144 6772 3365 6773 3363 6773 3144 6773 3144 6774 3363 6774 3145 6774 3363 6775 3361 6775 3145 6775 3145 6776 3361 6776 3146 6776 3361 6777 3359 6777 3146 6777 3146 6778 3359 6778 3179 6778 3359 6779 3357 6779 3179 6779 3179 6780 3357 6780 3180 6780 3357 6781 3355 6781 3180 6781 3180 6782 3355 6782 3181 6782 3355 6783 3353 6783 3181 6783 3181 6784 3353 6784 3182 6784 3353 6785 3351 6785 3182 6785 3182 6786 3351 6786 3261 6786 3351 6787 3349 6787 3261 6787 3261 6788 3349 6788 3187 6788 3349 6789 3347 6789 3187 6789 3187 6790 3347 6790 3185 6790 3347 6791 3345 6791 3185 6791 3185 6792 3345 6792 3059 6792 3345 6793 3343 6793 3059 6793 3059 6794 3343 6794 3078 6794 3343 6795 3341 6795 3078 6795 3078 6796 3341 6796 3079 6796 3341 6797 3339 6797 3079 6797 3079 6798 3339 6798 3080 6798 3339 6799 3337 6799 3080 6799 3080 6800 3337 6800 3112 6800 3337 6801 3335 6801 3112 6801 3112 6802 3335 6802 3113 6802 3335 6803 3333 6803 3113 6803 3113 6804 3333 6804 3114 6804 3333 6805 3331 6805 3114 6805 3114 6806 3331 6806 3191 6806 3331 6807 3329 6807 3191 6807 3191 6808 3329 6808 3192 6808 3329 6809 3327 6809 3192 6809 3192 6810 3327 6810 3193 6810 3327 6811 3325 6811 3193 6811 3193 6812 3325 6812 3219 6812 3325 6813 3323 6813 3219 6813 3219 6814 3323 6814 3220 6814 3323 6815 3321 6815 3220 6815 2263 6816 2222 6816 2264 6816 2222 6817 2221 6817 2264 6817 2439 6818 2398 6818 2440 6818 2398 6819 2397 6819 2440 6819 2483 6820 2442 6820 2484 6820 2442 6821 2441 6821 2484 6821 3076 6822 2530 6822 3533 6822 2530 6823 2529 6823 3533 6823 2787 6824 2560 6824 2788 6824 2560 6825 2559 6825 2788 6825 3404 6826 3190 6826 3414 6826 3190 6827 3042 6827 3414 6827 3414 6828 3042 6828 3455 6828 3042 6829 3043 6829 3455 6829 3455 6830 3043 6830 3454 6830 3043 6831 3005 6831 3454 6831 3454 6832 3005 6832 2847 6832 3005 6833 2845 6833 2847 6833 2848 6834 2846 6834 3435 6834 2846 6835 3004 6835 3435 6835 3435 6836 3004 6836 3421 6836 3004 6837 2990 6837 3421 6837 3421 6838 2990 6838 3420 6838 2990 6839 2992 6839 3420 6839 3420 6840 2992 6840 3494 6840 2992 6841 3218 6841 3494 6841 2824 6842 2822 6842 3104 6842 2824 6843 3104 6843 3462 6843 3104 6844 3106 6844 3462 6844 3462 6845 3106 6845 3478 6845 3106 6846 3151 6846 3478 6846 3478 6847 3151 6847 3479 6847 3151 6848 3150 6848 3479 6848 3479 6849 3150 6849 3481 6849 3150 6850 3148 6850 3481 6850 3481 6851 3148 6851 3483 6851 3148 6852 2993 6852 3483 6852 3483 6853 2993 6853 3418 6853 3540 6854 3263 6854 3259 6854 3540 6855 3259 6855 3498 6855 3259 6856 3257 6856 3498 6856 3498 6857 3257 6857 3500 6857 3257 6858 3255 6858 3500 6858 3500 6859 3255 6859 3501 6859 3255 6860 3254 6860 3501 6860 3501 6861 3254 6861 3491 6861 3254 6862 3235 6862 3491 6862 3491 6863 3235 6863 3489 6863 3235 6864 2825 6864 3489 6864 3489 6865 2825 6865 2827 6865 3091 6866 3093 6866 3410 6866 3093 6867 3441 6867 3410 6867 3514 6868 2999 6868 3515 6868 2999 6869 2998 6869 3515 6869 3515 6870 2998 6870 3574 6870 2998 6871 3169 6871 3574 6871 3574 6872 3169 6872 3572 6872 3169 6873 3168 6873 3572 6873 3572 6874 3168 6874 3570 6874 3168 6875 3166 6875 3570 6875 3418 6876 2993 6876 3419 6876 2993 6877 2991 6877 3419 6877 3419 6878 2991 6878 3422 6878 2991 6879 2989 6879 3422 6879 3422 6880 2989 6880 3409 6880 2989 6881 2971 6881 3409 6881 3409 6882 2971 6882 3410 6882 2971 6883 3091 6883 3410 6883 3441 6884 3093 6884 3439 6884 3093 6885 3094 6885 3439 6885 3439 6886 3094 6886 3537 6886 3094 6887 3266 6887 3537 6887 3537 6888 3266 6888 3538 6888 3266 6889 3265 6889 3538 6889 3538 6890 3265 6890 3540 6890 3265 6891 3263 6891 3540 6891 2828 6892 2826 6892 3234 6892 2828 6893 3234 6893 3490 6893 3234 6894 3256 6894 3490 6894 3490 6895 3256 6895 3499 6895 3256 6896 3258 6896 3499 6896 3499 6897 3258 6897 3497 6897 3258 6898 3260 6898 3497 6898 3497 6899 3260 6899 3542 6899 3260 6900 3262 6900 3542 6900 3542 6901 3262 6901 3541 6901 3262 6902 3264 6902 3541 6902 3541 6903 3264 6903 3539 6903 2977 6904 2999 6904 3467 6904 2999 6905 3514 6905 3467 6905 3543 6906 3253 6906 3252 6906 3543 6907 3252 6907 3544 6907 3252 6908 3251 6908 3544 6908 3544 6909 3251 6909 3545 6909 3251 6910 3209 6910 3545 6910 3545 6911 3209 6911 3523 6911 3209 6912 3211 6912 3523 6912 3523 6913 3211 6913 3522 6913 3211 6914 3177 6914 3522 6914 3522 6915 3177 6915 3502 6915 3177 6916 2829 6916 3502 6916 3502 6917 2829 6917 2831 6917 3405 6918 3170 6918 3171 6918 3405 6919 3171 6919 3456 6919 3171 6920 3172 6920 3456 6920 3456 6921 3172 6921 3463 6921 3172 6922 3199 6922 3463 6922 3463 6923 3199 6923 3464 6923 3199 6924 3198 6924 3464 6924 3464 6925 3198 6925 3465 6925 3198 6926 3197 6926 3465 6926 3465 6927 3197 6927 3466 6927 3197 6928 3010 6928 3466 6928 3466 6929 3010 6929 3412 6929 3037 6930 3058 6930 3474 6930 3058 6931 3449 6931 3474 6931 3398 6932 2981 6932 3457 6932 2981 6933 2979 6933 3457 6933 3457 6934 2979 6934 3565 6934 2979 6935 3157 6935 3565 6935 3565 6936 3157 6936 3566 6936 3157 6937 3156 6937 3566 6937 3566 6938 3156 6938 3567 6938 3156 6939 3155 6939 3567 6939 3539 6940 3264 6940 3440 6940 3264 6941 3092 6941 3440 6941 3440 6942 3092 6942 3442 6942 3092 6943 3040 6943 3442 6943 3442 6944 3040 6944 3443 6944 3040 6945 3038 6945 3443 6945 3443 6946 3038 6946 3474 6946 3038 6947 3037 6947 3474 6947 3570 6948 3166 6948 3136 6948 3570 6949 3136 6949 3558 6949 3136 6950 3134 6950 3558 6950 3558 6951 3134 6951 3560 6951 3134 6952 3132 6952 3560 6952 3560 6953 3132 6953 3561 6953 3132 6954 3131 6954 3561 6954 3561 6955 3131 6955 3551 6955 3131 6956 3082 6956 3551 6956 3551 6957 3082 6957 3549 6957 3082 6958 2849 6958 3549 6958 3549 6959 2849 6959 2851 6959 3449 6960 3058 6960 3450 6960 3058 6961 3036 6961 3450 6961 3450 6962 3036 6962 3452 6962 3036 6963 3029 6963 3452 6963 3452 6964 3029 6964 3430 6964 3029 6965 3032 6965 3430 6965 3430 6966 3032 6966 3543 6966 3032 6967 3253 6967 3543 6967 3412 6968 3010 6968 3413 6968 3010 6969 3008 6969 3413 6969 3413 6970 3008 6970 3436 6970 3008 6971 2974 6971 3436 6971 3436 6972 2974 6972 3437 6972 2974 6973 2973 6973 3437 6973 3437 6974 2973 6974 3467 6974 2973 6975 2977 6975 3467 6975 3524 6976 3250 6976 3249 6976 3524 6977 3249 6977 3525 6977 3249 6978 3248 6978 3525 6978 3525 6979 3248 6979 3526 6979 3248 6980 3204 6980 3526 6980 3526 6981 3204 6981 3510 6981 3204 6982 3206 6982 3510 6982 3510 6983 3206 6983 3508 6983 3206 6984 3174 6984 3508 6984 3508 6985 3174 6985 3492 6985 3174 6986 2837 6986 3492 6986 3492 6987 2837 6987 2839 6987 2852 6988 2850 6988 3081 6988 2852 6989 3081 6989 3550 6989 3081 6990 3133 6990 3550 6990 3550 6991 3133 6991 3559 6991 3133 6992 3135 6992 3559 6992 3559 6993 3135 6993 3557 6993 3135 6994 3137 6994 3557 6994 3557 6995 3137 6995 3568 6995 3137 6996 3165 6996 3568 6996 3568 6997 3165 6997 3569 6997 3165 6998 3167 6998 3569 6998 3569 6999 3167 6999 3571 6999 3396 7000 3033 7000 3429 7000 3033 7001 3031 7001 3429 7001 3429 7002 3031 7002 3459 7002 3031 7003 3030 7003 3459 7003 3459 7004 3030 7004 3460 7004 3030 7005 3028 7005 3460 7005 3460 7006 3028 7006 3503 7006 3028 7007 3027 7007 3503 7007 3567 7008 3155 7008 3111 7008 3567 7009 3111 7009 3552 7009 3111 7010 3110 7010 3552 7010 3552 7011 3110 7011 3553 7011 3110 7012 3109 7012 3553 7012 3553 7013 3109 7013 3554 7013 3109 7014 3108 7014 3554 7014 3554 7015 3108 7015 3535 7015 3108 7016 3077 7016 3535 7016 3535 7017 3077 7017 3534 7017 3077 7018 3076 7018 3534 7018 3534 7019 3076 7019 3533 7019 3504 7020 3018 7020 3505 7020 3018 7021 3020 7021 3505 7021 3505 7022 3020 7022 3434 7022 3020 7023 3023 7023 3434 7023 3434 7024 3023 7024 3433 7024 3023 7025 3025 7025 3433 7025 3433 7026 3025 7026 3524 7026 3025 7027 3250 7027 3524 7027 3571 7028 3167 7028 3573 7028 3167 7029 2996 7029 3573 7029 3573 7030 2996 7030 3575 7030 2996 7031 2995 7031 3575 7031 3575 7032 2995 7032 3576 7032 2995 7033 3119 7033 3576 7033 3576 7034 3119 7034 3397 7034 3119 7035 3128 7035 3397 7035 2836 7036 2834 7036 3231 7036 2836 7037 3231 7037 3513 7037 3231 7038 3233 7038 3513 7038 3513 7039 3233 7039 3527 7039 3233 7040 3247 7040 3527 7040 3527 7041 3247 7041 3528 7041 3247 7042 3246 7042 3528 7042 3528 7043 3246 7043 3530 7043 3246 7044 3244 7044 3530 7044 3530 7045 3244 7045 3532 7045 3244 7046 3090 7046 3532 7046 3532 7047 3090 7047 3444 7047 3519 7048 3239 7048 3229 7048 3519 7049 3229 7049 3485 7049 3229 7050 3227 7050 3485 7050 3485 7051 3227 7051 3487 7051 3227 7052 3225 7052 3487 7052 3487 7053 3225 7053 3488 7053 3225 7054 3224 7054 3488 7054 3488 7055 3224 7055 3470 7055 3224 7056 3203 7056 3470 7056 3470 7057 3203 7057 3468 7057 3203 7058 2841 7058 3468 7058 3468 7059 2841 7059 2843 7059 3084 7060 3017 7060 3427 7060 3017 7061 3423 7061 3427 7061 3444 7062 3090 7062 3445 7062 3090 7063 3088 7063 3445 7063 3445 7064 3088 7064 3458 7064 3088 7065 3086 7065 3458 7065 3458 7066 3086 7066 3426 7066 3086 7067 3085 7067 3426 7067 3426 7068 3085 7068 3427 7068 3085 7069 3084 7069 3427 7069 3423 7070 3017 7070 3424 7070 3017 7071 2984 7071 3424 7071 3424 7072 2984 7072 3516 7072 2984 7073 3242 7073 3516 7073 3516 7074 3242 7074 3517 7074 3242 7075 3241 7075 3517 7075 3517 7076 3241 7076 3519 7076 3241 7077 3239 7077 3519 7077 2840 7078 2838 7078 3173 7078 2840 7079 3173 7079 3493 7079 3173 7080 3175 7080 3493 7080 3493 7081 3175 7081 3506 7081 3175 7082 3208 7082 3506 7082 3506 7083 3208 7083 3507 7083 3208 7084 3207 7084 3507 7084 3507 7085 3207 7085 3509 7085 3207 7086 3205 7086 3509 7086 3509 7087 3205 7087 3511 7087 3205 7088 3026 7088 3511 7088 3511 7089 3026 7089 3431 7089 3546 7090 3273 7090 3272 7090 3546 7091 3272 7091 3547 7091 3272 7092 3271 7092 3547 7092 3547 7093 3271 7093 3548 7093 3271 7094 3243 7094 3548 7094 3548 7095 3243 7095 3531 7095 3243 7096 3245 7096 3531 7096 3531 7097 3245 7097 3529 7097 3245 7098 3232 7098 3529 7098 3529 7099 3232 7099 3512 7099 3232 7100 2833 7100 3512 7100 3512 7101 2833 7101 2835 7101 3053 7102 3051 7102 3475 7102 3051 7103 3476 7103 3475 7103 3431 7104 3026 7104 3432 7104 3026 7105 3024 7105 3432 7105 3432 7106 3024 7106 3451 7106 3024 7107 3138 7107 3451 7107 3451 7108 3138 7108 3453 7108 3138 7109 3054 7109 3453 7109 3453 7110 3054 7110 3475 7110 3054 7111 3053 7111 3475 7111 2844 7112 2842 7112 3202 7112 2844 7113 3202 7113 3469 7113 3202 7114 3226 7114 3469 7114 3469 7115 3226 7115 3486 7115 3226 7116 3228 7116 3486 7116 3486 7117 3228 7117 3484 7117 3228 7118 3230 7118 3484 7118 3484 7119 3230 7119 3521 7119 3230 7120 3238 7120 3521 7120 3521 7121 3238 7121 3520 7121 3238 7122 3240 7122 3520 7122 3520 7123 3240 7123 3518 7123 3562 7124 3270 7124 3269 7124 3562 7125 3269 7125 3563 7125 3269 7126 3268 7126 3563 7126 3563 7127 3268 7127 3564 7127 3268 7128 3236 7128 3564 7128 3564 7129 3236 7129 3556 7129 3236 7130 3237 7130 3556 7130 3556 7131 3237 7131 3555 7131 3237 7132 3223 7132 3555 7132 3555 7133 3223 7133 3536 7133 3223 7134 3222 7134 3536 7134 3536 7135 3222 7135 3390 7135 3048 7136 3016 7136 3472 7136 3016 7137 3473 7137 3472 7137 3518 7138 3240 7138 3425 7138 3240 7139 2983 7139 3425 7139 3425 7140 2983 7140 3438 7140 2983 7141 2982 7141 3438 7141 3438 7142 2982 7142 3471 7142 2982 7143 3049 7143 3471 7143 3471 7144 3049 7144 3472 7144 3049 7145 3048 7145 3472 7145 3473 7146 3016 7146 3415 7146 3016 7147 3002 7147 3415 7147 3415 7148 3002 7148 3416 7148 3002 7149 3015 7149 3416 7149 3416 7150 3015 7150 3448 7150 3015 7151 3083 7151 3448 7151 3448 7152 3083 7152 3562 7152 3083 7153 3270 7153 3562 7153 3577 7154 3578 7154 3579 7154 3578 7155 3580 7155 3579 7155 3579 7156 3580 7156 3581 7156 3580 7157 3582 7157 3581 7157 3581 7158 3582 7158 3583 7158 3582 7159 3584 7159 3583 7159 3583 7160 3584 7160 3585 7160 3584 7161 3586 7161 3585 7161 3585 7162 3586 7162 3587 7162 3586 7163 3588 7163 3587 7163 3587 7164 3588 7164 3589 7164 3588 7165 3590 7165 3589 7165 3589 7166 3590 7166 3591 7166 3590 7167 3592 7167 3591 7167 3591 7168 3592 7168 3593 7168 3592 7169 3594 7169 3593 7169 3593 7170 3594 7170 3595 7170 3594 7171 3596 7171 3595 7171 3595 7172 3596 7172 3597 7172 3596 7173 3598 7173 3597 7173 3597 7174 3598 7174 3599 7174 3598 7175 3600 7175 3599 7175 3599 7176 3600 7176 3601 7176 3600 7177 3602 7177 3601 7177 3601 7178 3602 7178 3603 7178 3602 7179 3604 7179 3603 7179 3603 7180 3604 7180 3605 7180 3604 7181 3606 7181 3605 7181 3605 7182 3606 7182 3607 7182 3606 7183 3608 7183 3607 7183 3607 7184 3608 7184 3609 7184 3608 7185 3610 7185 3609 7185 3609 7186 3610 7186 3611 7186 3610 7187 3612 7187 3611 7187 3611 7188 3612 7188 3613 7188 3612 7189 3614 7189 3613 7189 3613 7190 3614 7190 3615 7190 3614 7191 3616 7191 3615 7191 3615 7192 3616 7192 3617 7192 3616 7193 3618 7193 3617 7193 3617 7194 3618 7194 3619 7194 3618 7195 3620 7195 3619 7195 3619 7196 3620 7196 3621 7196 3620 7197 3622 7197 3621 7197 3621 7198 3622 7198 3623 7198 3622 7199 3624 7199 3623 7199 3623 7200 3624 7200 3625 7200 3624 7201 3626 7201 3625 7201 3625 7202 3626 7202 3627 7202 3626 7203 3628 7203 3627 7203 3627 7204 3628 7204 3629 7204 3628 7205 3630 7205 3629 7205 3629 7206 3630 7206 3631 7206 3630 7207 3632 7207 3631 7207 3631 7208 3632 7208 3633 7208 3632 7209 3634 7209 3633 7209 3633 7210 3634 7210 3635 7210 3634 7211 3636 7211 3635 7211 3635 7212 3636 7212 3637 7212 3636 7213 3638 7213 3637 7213 3637 7214 3638 7214 3639 7214 3638 7215 3640 7215 3639 7215 3639 7216 3640 7216 3641 7216 3640 7217 3642 7217 3641 7217 3641 7218 3642 7218 3643 7218 3642 7219 3644 7219 3643 7219 3643 7220 3644 7220 3645 7220 3644 7221 3646 7221 3645 7221 3645 7222 3646 7222 3647 7222 3646 7223 3648 7223 3647 7223 3647 7224 3648 7224 3649 7224 3648 7225 3650 7225 3649 7225 3649 7226 3650 7226 3651 7226 3650 7227 3652 7227 3651 7227 3651 7228 3652 7228 3653 7228 3652 7229 3654 7229 3653 7229 3653 7230 3654 7230 3655 7230 3654 7231 3656 7231 3655 7231 3655 7232 3656 7232 3657 7232 3656 7233 3658 7233 3657 7233 3657 7234 3658 7234 3659 7234 3658 7235 3660 7235 3659 7235 3659 7236 3660 7236 3661 7236 3660 7237 3662 7237 3661 7237 3661 7238 3662 7238 3663 7238 3662 7239 3664 7239 3663 7239 3663 7240 3664 7240 3665 7240 3664 7241 3666 7241 3665 7241 3665 7242 3666 7242 3667 7242 3666 7243 3668 7243 3667 7243 3667 7244 3668 7244 3669 7244 3668 7245 3670 7245 3669 7245 3669 7246 3670 7246 3671 7246 3670 7247 3672 7247 3671 7247 3671 7248 3672 7248 3673 7248 3672 7249 3674 7249 3673 7249 3673 7250 3674 7250 3675 7250 3674 7251 3676 7251 3675 7251 3675 7252 3676 7252 3677 7252 3676 7253 3678 7253 3677 7253 3677 7254 3678 7254 3679 7254 3678 7255 3680 7255 3679 7255 3679 7256 3680 7256 3681 7256 3680 7257 3682 7257 3681 7257 3681 7258 3682 7258 3683 7258 3682 7259 3684 7259 3683 7259 3683 7260 3684 7260 3685 7260 3684 7261 3686 7261 3685 7261 3685 7262 3686 7262 3687 7262 3686 7263 3688 7263 3687 7263 3687 7264 3688 7264 3689 7264 3688 7265 3690 7265 3689 7265 3689 7266 3690 7266 3691 7266 3690 7267 3692 7267 3691 7267 3691 7268 3692 7268 3693 7268 3692 7269 3694 7269 3693 7269 3693 7270 3694 7270 3695 7270 3694 7271 3696 7271 3695 7271 3695 7272 3696 7272 3697 7272 3696 7273 3698 7273 3697 7273 3697 7274 3698 7274 3699 7274 3698 7275 3700 7275 3699 7275 3699 7276 3700 7276 3701 7276 3700 7277 3702 7277 3701 7277 3701 7278 3702 7278 3703 7278 3702 7279 3704 7279 3703 7279 3703 7280 3704 7280 3705 7280 3704 7281 3706 7281 3705 7281 3705 7282 3706 7282 3707 7282 3706 7283 3708 7283 3707 7283 3707 7284 3708 7284 3709 7284 3708 7285 3710 7285 3709 7285 3709 7286 3710 7286 3711 7286 3710 7287 3712 7287 3711 7287 3711 7288 3712 7288 3713 7288 3712 7289 3714 7289 3713 7289 3713 7290 3714 7290 3715 7290 3714 7291 3716 7291 3715 7291 3715 7292 3716 7292 3717 7292 3716 7293 3718 7293 3717 7293 3717 7294 3718 7294 3719 7294 3718 7295 3720 7295 3719 7295 3719 7296 3720 7296 3721 7296 3720 7297 3722 7297 3721 7297 3721 7298 3722 7298 3723 7298 3722 7299 3724 7299 3723 7299 3723 7300 3724 7300 3725 7300 3724 7301 3726 7301 3725 7301 3725 7302 3726 7302 3727 7302 3726 7303 3728 7303 3727 7303 3727 7304 3728 7304 3729 7304 3728 7305 3730 7305 3729 7305 3729 7306 3730 7306 3731 7306 3730 7307 3732 7307 3731 7307 3731 7308 3732 7308 3733 7308 3732 7309 3734 7309 3733 7309 3733 7310 3734 7310 3735 7310 3734 7311 3736 7311 3735 7311 3735 7312 3736 7312 3737 7312 3736 7313 3738 7313 3737 7313 3737 7314 3738 7314 3739 7314 3738 7315 3740 7315 3739 7315 3739 7316 3740 7316 3741 7316 3740 7317 3742 7317 3741 7317 3741 7318 3742 7318 3743 7318 3742 7319 3744 7319 3743 7319 3743 7320 3744 7320 3745 7320 3744 7321 3746 7321 3745 7321 3745 7322 3746 7322 3747 7322 3746 7323 3748 7323 3747 7323 3747 7324 3748 7324 3749 7324 3748 7325 3750 7325 3749 7325 3749 7326 3750 7326 3751 7326 3750 7327 3752 7327 3751 7327 3751 7328 3752 7328 3577 7328 3752 7329 3578 7329 3577 7329 3750 7330 3753 7330 3754 7330 3750 7331 3748 7331 3753 7331 3748 7332 3746 7332 3753 7332 3753 7333 3746 7333 3755 7333 3746 7334 3744 7334 3755 7334 3744 7335 3742 7335 3755 7335 3755 7336 3742 7336 3756 7336 3742 7337 3740 7337 3756 7337 3740 7338 3738 7338 3756 7338 3756 7339 3738 7339 3757 7339 3738 7340 3736 7340 3757 7340 3736 7341 3734 7341 3757 7341 3757 7342 3734 7342 3758 7342 3734 7343 3732 7343 3758 7343 3732 7344 3730 7344 3758 7344 3758 7345 3730 7345 3759 7345 3730 7346 3728 7346 3759 7346 3728 7347 3726 7347 3759 7347 3759 7348 3726 7348 3760 7348 3726 7349 3724 7349 3760 7349 3724 7350 3722 7350 3760 7350 3760 7351 3722 7351 3761 7351 3722 7352 3720 7352 3761 7352 3720 7353 3718 7353 3761 7353 3761 7354 3718 7354 3762 7354 3718 7355 3716 7355 3762 7355 3716 7356 3714 7356 3762 7356 3762 7357 3714 7357 3763 7357 3714 7358 3712 7358 3763 7358 3712 7359 3710 7359 3763 7359 3763 7360 3710 7360 3764 7360 3710 7361 3708 7361 3764 7361 3708 7362 3706 7362 3764 7362 3764 7363 3706 7363 3765 7363 3706 7364 3704 7364 3765 7364 3704 7365 3702 7365 3765 7365 3765 7366 3702 7366 3766 7366 3702 7367 3700 7367 3766 7367 3700 7368 3698 7368 3766 7368 3766 7369 3698 7369 3767 7369 3698 7370 3696 7370 3767 7370 3696 7371 3694 7371 3767 7371 3767 7372 3694 7372 3768 7372 3694 7373 3692 7373 3768 7373 3692 7374 3690 7374 3768 7374 3768 7375 3690 7375 3769 7375 3690 7376 3688 7376 3769 7376 3688 7377 3686 7377 3769 7377 3769 7378 3686 7378 3770 7378 3686 7379 3684 7379 3770 7379 3684 7380 3682 7380 3770 7380 3770 7381 3682 7381 3771 7381 3682 7382 3680 7382 3771 7382 3680 7383 3678 7383 3771 7383 3771 7384 3678 7384 3772 7384 3678 7385 3676 7385 3772 7385 3676 7386 3674 7386 3772 7386 3772 7387 3674 7387 3773 7387 3674 7388 3672 7388 3773 7388 3672 7389 3670 7389 3773 7389 3773 7390 3670 7390 3774 7390 3670 7391 3668 7391 3774 7391 3668 7392 3666 7392 3774 7392 3774 7393 3666 7393 3775 7393 3666 7394 3664 7394 3775 7394 3664 7395 3662 7395 3775 7395 3775 7396 3662 7396 3776 7396 3662 7397 3660 7397 3776 7397 3660 7398 3658 7398 3776 7398 3776 7399 3658 7399 3777 7399 3658 7400 3656 7400 3777 7400 3656 7401 3654 7401 3777 7401 3777 7402 3654 7402 3778 7402 3654 7403 3652 7403 3778 7403 3652 7404 3650 7404 3778 7404 3778 7405 3650 7405 3779 7405 3650 7406 3648 7406 3779 7406 3648 7407 3646 7407 3779 7407 3779 7408 3646 7408 3780 7408 3646 7409 3644 7409 3780 7409 3644 7410 3642 7410 3780 7410 3780 7411 3642 7411 3781 7411 3642 7412 3640 7412 3781 7412 3640 7413 3638 7413 3781 7413 3781 7414 3638 7414 3782 7414 3638 7415 3636 7415 3782 7415 3636 7416 3634 7416 3782 7416 3782 7417 3634 7417 3783 7417 3634 7418 3632 7418 3783 7418 3632 7419 3630 7419 3783 7419 3783 7420 3630 7420 3784 7420 3630 7421 3628 7421 3784 7421 3628 7422 3626 7422 3784 7422 3784 7423 3626 7423 3785 7423 3626 7424 3624 7424 3785 7424 3624 7425 3622 7425 3785 7425 3785 7426 3622 7426 3786 7426 3622 7427 3620 7427 3786 7427 3620 7428 3618 7428 3786 7428 3786 7429 3618 7429 3787 7429 3618 7430 3616 7430 3787 7430 3616 7431 3614 7431 3787 7431 3787 7432 3614 7432 3788 7432 3614 7433 3612 7433 3788 7433 3612 7434 3610 7434 3788 7434 3788 7435 3610 7435 3789 7435 3610 7436 3608 7436 3789 7436 3608 7437 3606 7437 3789 7437 3789 7438 3606 7438 3790 7438 3606 7439 3604 7439 3790 7439 3604 7440 3602 7440 3790 7440 3790 7441 3602 7441 3791 7441 3602 7442 3600 7442 3791 7442 3600 7443 3598 7443 3791 7443 3791 7444 3598 7444 3792 7444 3598 7445 3596 7445 3792 7445 3596 7446 3594 7446 3792 7446 3792 7447 3594 7447 3793 7447 3594 7448 3592 7448 3793 7448 3592 7449 3590 7449 3793 7449 3793 7450 3590 7450 3794 7450 3590 7451 3588 7451 3794 7451 3588 7452 3586 7452 3794 7452 3794 7453 3586 7453 3795 7453 3586 7454 3584 7454 3795 7454 3584 7455 3582 7455 3795 7455 3795 7456 3582 7456 3796 7456 3582 7457 3580 7457 3796 7457 3580 7458 3578 7458 3796 7458 3796 7459 3578 7459 3754 7459 3578 7460 3752 7460 3754 7460 3754 7461 3752 7461 3750 7461 3797 7462 3798 7462 3799 7462 3798 7463 3800 7463 3799 7463 3799 7464 3800 7464 3801 7464 3800 7465 3802 7465 3801 7465 3801 7466 3802 7466 3803 7466 3802 7467 3804 7467 3803 7467 3803 7468 3804 7468 3805 7468 3804 7469 3806 7469 3805 7469 3805 7470 3806 7470 3807 7470 3806 7471 3808 7471 3807 7471 3807 7472 3808 7472 3809 7472 3808 7473 3810 7473 3809 7473 3809 7474 3810 7474 3811 7474 3810 7475 3812 7475 3811 7475 3811 7476 3812 7476 3813 7476 3812 7477 3814 7477 3813 7477 3813 7478 3814 7478 3815 7478 3814 7479 3816 7479 3815 7479 3815 7480 3816 7480 3817 7480 3816 7481 3818 7481 3817 7481 3817 7482 3818 7482 3819 7482 3818 7483 3820 7483 3819 7483 3819 7484 3820 7484 3821 7484 3820 7485 3822 7485 3821 7485 3821 7486 3822 7486 3823 7486 3822 7487 3824 7487 3823 7487 3823 7488 3824 7488 3825 7488 3824 7489 3826 7489 3825 7489 3825 7490 3826 7490 3827 7490 3826 7491 3828 7491 3827 7491 3827 7492 3828 7492 3829 7492 3828 7493 3830 7493 3829 7493 3829 7494 3830 7494 3831 7494 3830 7495 3832 7495 3831 7495 3831 7496 3832 7496 3833 7496 3832 7497 3834 7497 3833 7497 3833 7498 3834 7498 3835 7498 3834 7499 3836 7499 3835 7499 3835 7500 3836 7500 3837 7500 3836 7501 3838 7501 3837 7501 3837 7502 3838 7502 3839 7502 3838 7503 3840 7503 3839 7503 3839 7504 3840 7504 3841 7504 3840 7505 3842 7505 3841 7505 3841 7506 3842 7506 3843 7506 3842 7507 3844 7507 3843 7507 3843 7508 3844 7508 3845 7508 3844 7509 3846 7509 3845 7509 3845 7510 3846 7510 3847 7510 3846 7511 3848 7511 3847 7511 3847 7512 3848 7512 3849 7512 3848 7513 3850 7513 3849 7513 3849 7514 3850 7514 3851 7514 3850 7515 3852 7515 3851 7515 3851 7516 3852 7516 3853 7516 3852 7517 3854 7517 3853 7517 3853 7518 3854 7518 3855 7518 3854 7519 3856 7519 3855 7519 3855 7520 3856 7520 3857 7520 3856 7521 3858 7521 3857 7521 3857 7522 3858 7522 3859 7522 3858 7523 3860 7523 3859 7523 3859 7524 3860 7524 3861 7524 3860 7525 3862 7525 3861 7525 3861 7526 3862 7526 3863 7526 3862 7527 3864 7527 3863 7527 3863 7528 3864 7528 3865 7528 3864 7529 3866 7529 3865 7529 3865 7530 3866 7530 3867 7530 3866 7531 3868 7531 3867 7531 3867 7532 3868 7532 3869 7532 3868 7533 3870 7533 3869 7533 3869 7534 3870 7534 3871 7534 3870 7535 3872 7535 3871 7535 3871 7536 3872 7536 3873 7536 3872 7537 3874 7537 3873 7537 3873 7538 3874 7538 3875 7538 3874 7539 3876 7539 3875 7539 3875 7540 3876 7540 3877 7540 3876 7541 3878 7541 3877 7541 3877 7542 3878 7542 3879 7542 3878 7543 3880 7543 3879 7543 3879 7544 3880 7544 3881 7544 3880 7545 3882 7545 3881 7545 3881 7546 3882 7546 3883 7546 3882 7547 3884 7547 3883 7547 3883 7548 3884 7548 3885 7548 3884 7549 3886 7549 3885 7549 3885 7550 3886 7550 3887 7550 3886 7551 3888 7551 3887 7551 3887 7552 3888 7552 3889 7552 3888 7553 3890 7553 3889 7553 3889 7554 3890 7554 3891 7554 3890 7555 3892 7555 3891 7555 3891 7556 3892 7556 3893 7556 3892 7557 3894 7557 3893 7557 3893 7558 3894 7558 3895 7558 3894 7559 3896 7559 3895 7559 3895 7560 3896 7560 3897 7560 3896 7561 3898 7561 3897 7561 3897 7562 3898 7562 3899 7562 3898 7563 3900 7563 3899 7563 3899 7564 3900 7564 3901 7564 3900 7565 3902 7565 3901 7565 3901 7566 3902 7566 3903 7566 3902 7567 3904 7567 3903 7567 3903 7568 3904 7568 3905 7568 3904 7569 3906 7569 3905 7569 3905 7570 3906 7570 3907 7570 3906 7571 3908 7571 3907 7571 3907 7572 3908 7572 3909 7572 3908 7573 3910 7573 3909 7573 3909 7574 3910 7574 3911 7574 3910 7575 3912 7575 3911 7575 3911 7576 3912 7576 3797 7576 3912 7577 3798 7577 3797 7577 3913 7578 3914 7578 3915 7578 3916 7579 3914 7579 3913 7579 3917 7580 3918 7580 3913 7580 3913 7581 3919 7581 3920 7581 3921 7582 3919 7582 3913 7582 3918 7583 3921 7583 3913 7583 3922 7584 3923 7584 3913 7584 3913 7585 3924 7585 3925 7585 3926 7586 3924 7586 3913 7586 3923 7587 3926 7587 3913 7587 3927 7588 3928 7588 3913 7588 3913 7589 3929 7589 3930 7589 3931 7590 3929 7590 3913 7590 3928 7591 3931 7591 3913 7591 3932 7592 3933 7592 3913 7592 3913 7593 3934 7593 3935 7593 3936 7594 3934 7594 3913 7594 3933 7595 3936 7595 3913 7595 3937 7596 3938 7596 3913 7596 3913 7597 3939 7597 3940 7597 3941 7598 3939 7598 3913 7598 3938 7599 3941 7599 3913 7599 3913 7600 3942 7600 3943 7600 3944 7601 3942 7601 3913 7601 3943 7602 3916 7602 3913 7602 3940 7603 3944 7603 3913 7603 3935 7604 3937 7604 3913 7604 3930 7605 3932 7605 3913 7605 3925 7606 3927 7606 3913 7606 3920 7607 3922 7607 3913 7607 3915 7608 3917 7608 3913 7608 3917 7609 3915 7609 3945 7609 3915 7610 3914 7610 3945 7610 3945 7611 3914 7611 3916 7611 3916 7612 3943 7612 3945 7612 3943 7613 3942 7613 3945 7613 3945 7614 3942 7614 3944 7614 3946 7615 3947 7615 3944 7615 3947 7616 3948 7616 3944 7616 3944 7617 3948 7617 3945 7617 3939 7618 3946 7618 3940 7618 3946 7619 3944 7619 3940 7619 3939 7620 3941 7620 3946 7620 3941 7621 3938 7621 3946 7621 3946 7622 3938 7622 3937 7622 3949 7623 3950 7623 3951 7623 3950 7624 3952 7624 3951 7624 3951 7625 3952 7625 3953 7625 3952 7626 3954 7626 3953 7626 3953 7627 3954 7627 3955 7627 3954 7628 3956 7628 3955 7628 3955 7629 3956 7629 3957 7629 3956 7630 3958 7630 3957 7630 3957 7631 3958 7631 3959 7631 3958 7632 3960 7632 3959 7632 3959 7633 3960 7633 3961 7633 3960 7634 3962 7634 3961 7634 3961 7635 3962 7635 3963 7635 3962 7636 3964 7636 3963 7636 3963 7637 3964 7637 3965 7637 3964 7638 3966 7638 3965 7638 3965 7639 3966 7639 3967 7639 3966 7640 3968 7640 3967 7640 3967 7641 3968 7641 3969 7641 3968 7642 3970 7642 3969 7642 3969 7643 3970 7643 3971 7643 3970 7644 3972 7644 3971 7644 3971 7645 3972 7645 3973 7645 3972 7646 3974 7646 3973 7646 3973 7647 3974 7647 3975 7647 3974 7648 3976 7648 3975 7648 3975 7649 3976 7649 3977 7649 3976 7650 3978 7650 3977 7650 3977 7651 3978 7651 3979 7651 3978 7652 3980 7652 3979 7652 3979 7653 3980 7653 3981 7653 3980 7654 3982 7654 3981 7654 3981 7655 3982 7655 3983 7655 3982 7656 3984 7656 3983 7656 3983 7657 3984 7657 3985 7657 3984 7658 3986 7658 3985 7658 3985 7659 3986 7659 3987 7659 3986 7660 3988 7660 3987 7660 3987 7661 3988 7661 3989 7661 3988 7662 3990 7662 3989 7662 3989 7663 3990 7663 3991 7663 3990 7664 3992 7664 3991 7664 3991 7665 3992 7665 3993 7665 3992 7666 3994 7666 3993 7666 3993 7667 3994 7667 3995 7667 3994 7668 3996 7668 3995 7668 3995 7669 3996 7669 3997 7669 3996 7670 3998 7670 3997 7670 3997 7671 3998 7671 3999 7671 3998 7672 4000 7672 3999 7672 3999 7673 4000 7673 4001 7673 4000 7674 4002 7674 4001 7674 4001 7675 4002 7675 4003 7675 4002 7676 4004 7676 4003 7676 4003 7677 4004 7677 4005 7677 4004 7678 4006 7678 4005 7678 4005 7679 4006 7679 4007 7679 4006 7680 4008 7680 4007 7680 4007 7681 4008 7681 4009 7681 4008 7682 4010 7682 4009 7682 4009 7683 4010 7683 4011 7683 4010 7684 4012 7684 4011 7684 4011 7685 4012 7685 4013 7685 4012 7686 4014 7686 4013 7686 4013 7687 4014 7687 4015 7687 4014 7688 4016 7688 4015 7688 4015 7689 4016 7689 4017 7689 4016 7690 4018 7690 4017 7690 4017 7691 4018 7691 4019 7691 4018 7692 4020 7692 4019 7692 4019 7693 4020 7693 4021 7693 4020 7694 4022 7694 4021 7694 4021 7695 4022 7695 4023 7695 4022 7696 4024 7696 4023 7696 4023 7697 4024 7697 4025 7697 4024 7698 4026 7698 4025 7698 4025 7699 4026 7699 4027 7699 4026 7700 4028 7700 4027 7700 4027 7701 4028 7701 4029 7701 4028 7702 4030 7702 4029 7702 4029 7703 4030 7703 4031 7703 4030 7704 4032 7704 4031 7704 4031 7705 4032 7705 4033 7705 4032 7706 4034 7706 4033 7706 4033 7707 4034 7707 4035 7707 4034 7708 4036 7708 4035 7708 4035 7709 4036 7709 4037 7709 4036 7710 4038 7710 4037 7710 4037 7711 4038 7711 4039 7711 4038 7712 4040 7712 4039 7712 4039 7713 4040 7713 4041 7713 4040 7714 4042 7714 4041 7714 4041 7715 4042 7715 4043 7715 4042 7716 4044 7716 4043 7716 4043 7717 4044 7717 4045 7717 4044 7718 4046 7718 4045 7718 4045 7719 4046 7719 4047 7719 4046 7720 4048 7720 4047 7720 4047 7721 4048 7721 4049 7721 4048 7722 4050 7722 4049 7722 4049 7723 4050 7723 4051 7723 4050 7724 4052 7724 4051 7724 4051 7725 4052 7725 4053 7725 4052 7726 4054 7726 4053 7726 4053 7727 4054 7727 4055 7727 4054 7728 4056 7728 4055 7728 4055 7729 4056 7729 4057 7729 4056 7730 4058 7730 4057 7730 4057 7731 4058 7731 4059 7731 4058 7732 4060 7732 4059 7732 4059 7733 4060 7733 4061 7733 4060 7734 4062 7734 4061 7734 4061 7735 4062 7735 4063 7735 4062 7736 4064 7736 4063 7736 4063 7737 4064 7737 3949 7737 4064 7738 3950 7738 3949 7738 3932 7739 4065 7739 3933 7739 4065 7740 3936 7740 3933 7740 3937 7741 3935 7741 4065 7741 3935 7742 3934 7742 4065 7742 4065 7743 3934 7743 3936 7743 4066 7744 4067 7744 3922 7744 4067 7745 4068 7745 3922 7745 3922 7746 4068 7746 4069 7746 3929 7747 4070 7747 3930 7747 4070 7748 3932 7748 3930 7748 3929 7749 3931 7749 4070 7749 3931 7750 3928 7750 4070 7750 4070 7751 3928 7751 3927 7751 3919 7752 4066 7752 3920 7752 4066 7753 3922 7753 3920 7753 3919 7754 3921 7754 4066 7754 3921 7755 3918 7755 4066 7755 4066 7756 3918 7756 3917 7756 3924 7757 4069 7757 3925 7757 4069 7758 3927 7758 3925 7758 3924 7759 3926 7759 4069 7759 3926 7760 3923 7760 4069 7760 4069 7761 3923 7761 3922 7761 4071 7762 3879 7762 4072 7762 3879 7763 3881 7763 4072 7763 4072 7764 3881 7764 4073 7764 3881 7765 3883 7765 4073 7765 4073 7766 3883 7766 4074 7766 3883 7767 3885 7767 4074 7767 3885 7768 3887 7768 4074 7768 4074 7769 3887 7769 4075 7769 3887 7770 3889 7770 4075 7770 4075 7771 3889 7771 4076 7771 3889 7772 3891 7772 4076 7772 4076 7773 3891 7773 4077 7773 3891 7774 3893 7774 4077 7774 3893 7775 3895 7775 4077 7775 4077 7776 3895 7776 4078 7776 3895 7777 3897 7777 4078 7777 4078 7778 3897 7778 4079 7778 3897 7779 3899 7779 4079 7779 4079 7780 3899 7780 4080 7780 3899 7781 3901 7781 4080 7781 4080 7782 3901 7782 4081 7782 3901 7783 3903 7783 4081 7783 4081 7784 3903 7784 4082 7784 3903 7785 3905 7785 4082 7785 4082 7786 3905 7786 4083 7786 3905 7787 3907 7787 4083 7787 4083 7788 3907 7788 4084 7788 3907 7789 3909 7789 4084 7789 4084 7790 3909 7790 4085 7790 3909 7791 3911 7791 4085 7791 4085 7792 3911 7792 4086 7792 3911 7793 3797 7793 4086 7793 4086 7794 3797 7794 4087 7794 3797 7795 3799 7795 4087 7795 4087 7796 3799 7796 4088 7796 3799 7797 3801 7797 4088 7797 4088 7798 3801 7798 4089 7798 3801 7799 3803 7799 4089 7799 4089 7800 3803 7800 4090 7800 3803 7801 3805 7801 4090 7801 4090 7802 3805 7802 4091 7802 3805 7803 3807 7803 4091 7803 4091 7804 3807 7804 4092 7804 3807 7805 3809 7805 4092 7805 4092 7806 3809 7806 4093 7806 3809 7807 3811 7807 4093 7807 4093 7808 3811 7808 4094 7808 3811 7809 3813 7809 4094 7809 4094 7810 3813 7810 4095 7810 3813 7811 3815 7811 4095 7811 4095 7812 3815 7812 4096 7812 3815 7813 3817 7813 4096 7813 4096 7814 3817 7814 4097 7814 3817 7815 3819 7815 4097 7815 3819 7816 3821 7816 4097 7816 4097 7817 3821 7817 4098 7817 3821 7818 3823 7818 4098 7818 4098 7819 3823 7819 4099 7819 3823 7820 3825 7820 4099 7820 4099 7821 3825 7821 4100 7821 3825 7822 3827 7822 4100 7822 3827 7823 3829 7823 4100 7823 4100 7824 3829 7824 4101 7824 3829 7825 3831 7825 4101 7825 4101 7826 3831 7826 4102 7826 3831 7827 3833 7827 4102 7827 4102 7828 3833 7828 4103 7828 3833 7829 3835 7829 4103 7829 3835 7830 3837 7830 4103 7830 4103 7831 3837 7831 4104 7831 3837 7832 3839 7832 4104 7832 4104 7833 3839 7833 4105 7833 3839 7834 3841 7834 4105 7834 4105 7835 3841 7835 4106 7835 3841 7836 3843 7836 4106 7836 4106 7837 3843 7837 4107 7837 3843 7838 3845 7838 4107 7838 4107 7839 3845 7839 4108 7839 3845 7840 3847 7840 4108 7840 4108 7841 3847 7841 4109 7841 3847 7842 3849 7842 4109 7842 4109 7843 3849 7843 4110 7843 3849 7844 3851 7844 4110 7844 4110 7845 3851 7845 4111 7845 3851 7846 3853 7846 4111 7846 4111 7847 3853 7847 4112 7847 3853 7848 3855 7848 4112 7848 4112 7849 3855 7849 4113 7849 3855 7850 3857 7850 4113 7850 4113 7851 3857 7851 4114 7851 3857 7852 3859 7852 4114 7852 4114 7853 3859 7853 4115 7853 3859 7854 3861 7854 4115 7854 4115 7855 3861 7855 4116 7855 3861 7856 3863 7856 4116 7856 4116 7857 3863 7857 4117 7857 3863 7858 3865 7858 4117 7858 4117 7859 3865 7859 4118 7859 3865 7860 3867 7860 4118 7860 4118 7861 3867 7861 4119 7861 3867 7862 3869 7862 4119 7862 4119 7863 3869 7863 4120 7863 3869 7864 3871 7864 4120 7864 4120 7865 3871 7865 4121 7865 3871 7866 3873 7866 4121 7866 4121 7867 3873 7867 4122 7867 3873 7868 3875 7868 4122 7868 4122 7869 3875 7869 4071 7869 3875 7870 3877 7870 4071 7870 4071 7871 3877 7871 3879 7871 3912 7872 3910 7872 4123 7872 3802 7873 3800 7873 4123 7873 3800 7874 3798 7874 4123 7874 4123 7875 3798 7875 3912 7875 3808 7876 3806 7876 4123 7876 3806 7877 3804 7877 4123 7877 4123 7878 3804 7878 3802 7878 3814 7879 3812 7879 4123 7879 3812 7880 3810 7880 4123 7880 4123 7881 3810 7881 3808 7881 3820 7882 3818 7882 4123 7882 3818 7883 3816 7883 4123 7883 4123 7884 3816 7884 3814 7884 3826 7885 3824 7885 4123 7885 3824 7886 3822 7886 4123 7886 4123 7887 3822 7887 3820 7887 3832 7888 3830 7888 4123 7888 3830 7889 3828 7889 4123 7889 4123 7890 3828 7890 3826 7890 3838 7891 3836 7891 4123 7891 3836 7892 3834 7892 4123 7892 4123 7893 3834 7893 3832 7893 3844 7894 3842 7894 4123 7894 3842 7895 3840 7895 4123 7895 4123 7896 3840 7896 3838 7896 3850 7897 3848 7897 4123 7897 3848 7898 3846 7898 4123 7898 4123 7899 3846 7899 3844 7899 3856 7900 3854 7900 4123 7900 3854 7901 3852 7901 4123 7901 4123 7902 3852 7902 3850 7902 3862 7903 3860 7903 4123 7903 3860 7904 3858 7904 4123 7904 4123 7905 3858 7905 3856 7905 3868 7906 3866 7906 4123 7906 3866 7907 3864 7907 4123 7907 4123 7908 3864 7908 3862 7908 3874 7909 3872 7909 4123 7909 3872 7910 3870 7910 4123 7910 4123 7911 3870 7911 3868 7911 3880 7912 3878 7912 4123 7912 3878 7913 3876 7913 4123 7913 4123 7914 3876 7914 3874 7914 3886 7915 3884 7915 4123 7915 3884 7916 3882 7916 4123 7916 4123 7917 3882 7917 3880 7917 3892 7918 3890 7918 4123 7918 3890 7919 3888 7919 4123 7919 4123 7920 3888 7920 3886 7920 3898 7921 3896 7921 4123 7921 3896 7922 3894 7922 4123 7922 4123 7923 3894 7923 3892 7923 3904 7924 3902 7924 4123 7924 3902 7925 3900 7925 4123 7925 4123 7926 3900 7926 3898 7926 3910 7927 3908 7927 4123 7927 3908 7928 3906 7928 4123 7928 4123 7929 3906 7929 3904 7929 4009 7930 3749 7930 4007 7930 3749 7931 3751 7931 4007 7931 4007 7932 3751 7932 4005 7932 4013 7933 3743 7933 4011 7933 3743 7934 3745 7934 4011 7934 4011 7935 3745 7935 4009 7935 3745 7936 3747 7936 4009 7936 4009 7937 3747 7937 3749 7937 3751 7938 3577 7938 4005 7938 3577 7939 3579 7939 4005 7939 4005 7940 3579 7940 4003 7940 3579 7941 3581 7941 4003 7941 4003 7942 3581 7942 4001 7942 4063 7943 3667 7943 4061 7943 3667 7944 3669 7944 4061 7944 4061 7945 3669 7945 4059 7945 4037 7946 4039 7946 3703 7946 4021 7947 3731 7947 4019 7947 3731 7948 3733 7948 4019 7948 4019 7949 3733 7949 4017 7949 3581 7950 3583 7950 4001 7950 3583 7951 3585 7951 4001 7951 4001 7952 3585 7952 3999 7952 3585 7953 3587 7953 3999 7953 3999 7954 3587 7954 3997 7954 3993 7955 3597 7955 3991 7955 3597 7956 3599 7956 3991 7956 3991 7957 3599 7957 3989 7957 3587 7958 3589 7958 3997 7958 3589 7959 3591 7959 3997 7959 3997 7960 3591 7960 3995 7960 3591 7961 3593 7961 3995 7961 3995 7962 3593 7962 3993 7962 3593 7963 3595 7963 3993 7963 3993 7964 3595 7964 3597 7964 3669 7965 3671 7965 4059 7965 3671 7966 3673 7966 4059 7966 4059 7967 3673 7967 4057 7967 3673 7968 3675 7968 4057 7968 4057 7969 3675 7969 4055 7969 3703 7970 3705 7970 4037 7970 3705 7971 3707 7971 4037 7971 4037 7972 3707 7972 4035 7972 3707 7973 3709 7973 4035 7973 4035 7974 3709 7974 4033 7974 3599 7975 3601 7975 3989 7975 3601 7976 3603 7976 3989 7976 3989 7977 3603 7977 3987 7977 3603 7978 3605 7978 3987 7978 3987 7979 3605 7979 3985 7979 3979 7980 3619 7980 3977 7980 3619 7981 3621 7981 3977 7981 3977 7982 3621 7982 3975 7982 3951 7983 3661 7983 3949 7983 3661 7984 3663 7984 3949 7984 3949 7985 3663 7985 4063 7985 3663 7986 3665 7986 4063 7986 4063 7987 3665 7987 3667 7987 3675 7988 3677 7988 4055 7988 3677 7989 3679 7989 4055 7989 4055 7990 3679 7990 4053 7990 3679 7991 3681 7991 4053 7991 4053 7992 3681 7992 4051 7992 4029 7993 3719 7993 4027 7993 3719 7994 3721 7994 4027 7994 4027 7995 3721 7995 4025 7995 3721 7996 3723 7996 4025 7996 3723 7997 3725 7997 4025 7997 4025 7998 3725 7998 4023 7998 3725 7999 3727 7999 4023 7999 4023 8000 3727 8000 4021 8000 3727 8001 3729 8001 4021 8001 4021 8002 3729 8002 3731 8002 3605 8003 3607 8003 3985 8003 3607 8004 3609 8004 3985 8004 3985 8005 3609 8005 3983 8005 3609 8006 3611 8006 3983 8006 3983 8007 3611 8007 3981 8007 3611 8008 3613 8008 3981 8008 3613 8009 3615 8009 3981 8009 3981 8010 3615 8010 3979 8010 3615 8011 3617 8011 3979 8011 3979 8012 3617 8012 3619 8012 3621 8013 3623 8013 3975 8013 3623 8014 3625 8014 3975 8014 3975 8015 3625 8015 3973 8015 3625 8016 3627 8016 3973 8016 3973 8017 3627 8017 3971 8017 3681 8018 3683 8018 4051 8018 3683 8019 3685 8019 4051 8019 4051 8020 3685 8020 4049 8020 3685 8021 3687 8021 4049 8021 4049 8022 3687 8022 4047 8022 3709 8023 3711 8023 4033 8023 3711 8024 3713 8024 4033 8024 4033 8025 3713 8025 4031 8025 3713 8026 3715 8026 4031 8026 4031 8027 3715 8027 4029 8027 3715 8028 3717 8028 4029 8028 4029 8029 3717 8029 3719 8029 3733 8030 3735 8030 4017 8030 3735 8031 3737 8031 4017 8031 4017 8032 3737 8032 4015 8032 3737 8033 3739 8033 4015 8033 4015 8034 3739 8034 4013 8034 3739 8035 3741 8035 4013 8035 4013 8036 3741 8036 3743 8036 3955 8037 3655 8037 3953 8037 3655 8038 3657 8038 3953 8038 3953 8039 3657 8039 3951 8039 3657 8040 3659 8040 3951 8040 3951 8041 3659 8041 3661 8041 3687 8042 3689 8042 4047 8042 3689 8043 3691 8043 4047 8043 4047 8044 3691 8044 4045 8044 3691 8045 3693 8045 4045 8045 4045 8046 3693 8046 4043 8046 3693 8047 3695 8047 4043 8047 3695 8048 3697 8048 4043 8048 4043 8049 3697 8049 4041 8049 3697 8050 3699 8050 4041 8050 4041 8051 3699 8051 4039 8051 3699 8052 3701 8052 4039 8052 4039 8053 3701 8053 3703 8053 3627 8054 3629 8054 3971 8054 3629 8055 3631 8055 3971 8055 3971 8056 3631 8056 3969 8056 3631 8057 3633 8057 3969 8057 3969 8058 3633 8058 3967 8058 3963 8059 3643 8059 3961 8059 3643 8060 3645 8060 3961 8060 3961 8061 3645 8061 3959 8061 3645 8062 3647 8062 3959 8062 3647 8063 3649 8063 3959 8063 3959 8064 3649 8064 3957 8064 3649 8065 3651 8065 3957 8065 3957 8066 3651 8066 3955 8066 3651 8067 3653 8067 3955 8067 3955 8068 3653 8068 3655 8068 3633 8069 3635 8069 3967 8069 3635 8070 3637 8070 3967 8070 3967 8071 3637 8071 3965 8071 3637 8072 3639 8072 3965 8072 3965 8073 3639 8073 3963 8073 3639 8074 3641 8074 3963 8074 3963 8075 3641 8075 3643 8075 4124 8076 4125 8076 3948 8076 4126 8077 4127 8077 3947 8077 4128 8078 4129 8078 4068 8078 4127 8079 4130 8079 3947 8079 4130 8080 4131 8080 3947 8080 3947 8081 4131 8081 4132 8081 4133 8082 4134 8082 4067 8082 4132 8083 4135 8083 3947 8083 4135 8084 4136 8084 3947 8084 3947 8085 4136 8085 4137 8085 4137 8086 4138 8086 3947 8086 4138 8087 4139 8087 3947 8087 3947 8088 4139 8088 3948 8088 4139 8089 4140 8089 3948 8089 3948 8090 4140 8090 4124 8090 4141 8091 4142 8091 4143 8091 4142 8092 4144 8092 4143 8092 4145 8093 4146 8093 4147 8093 4148 8094 4149 8094 4143 8094 4149 8095 4150 8095 4143 8095 4143 8096 4150 8096 4141 8096 4128 8097 4068 8097 4151 8097 4152 8098 4147 8098 4153 8098 4147 8099 4154 8099 4153 8099 4146 8100 4155 8100 4147 8100 4155 8101 4156 8101 4147 8101 4147 8102 4156 8102 4154 8102 4129 8103 4157 8103 4068 8103 4157 8104 4158 8104 4068 8104 4068 8105 4158 8105 4159 8105 4134 8106 4160 8106 4067 8106 4160 8107 4161 8107 4067 8107 4067 8108 4161 8108 4162 8108 4152 8109 4163 8109 4147 8109 4163 8110 4164 8110 4147 8110 4147 8111 4164 8111 3947 8111 4164 8112 4165 8112 3947 8112 3947 8113 4165 8113 4126 8113 4144 8114 4166 8114 4143 8114 4166 8115 4167 8115 4143 8115 4143 8116 4167 8116 4147 8116 4167 8117 4168 8117 4147 8117 4147 8118 4168 8118 4145 8118 4162 8119 4169 8119 4067 8119 4169 8120 4170 8120 4067 8120 4067 8121 4170 8121 4171 8121 4171 8122 4172 8122 4067 8122 4172 8123 4173 8123 4067 8123 4067 8124 4173 8124 4068 8124 4173 8125 4174 8125 4068 8125 4068 8126 4174 8126 4151 8126 4125 8127 4175 8127 3948 8127 4175 8128 4176 8128 3948 8128 3948 8129 4176 8129 4177 8129 4177 8130 4178 8130 3948 8130 4178 8131 4179 8131 3948 8131 3948 8132 4179 8132 4067 8132 4179 8133 4180 8133 4067 8133 4067 8134 4180 8134 4133 8134 4159 8135 4181 8135 4068 8135 4181 8136 4182 8136 4068 8136 4068 8137 4182 8137 4143 8137 4182 8138 4183 8138 4143 8138 4143 8139 4183 8139 4148 8139 3773 8140 4116 8140 3772 8140 4116 8141 4117 8141 3772 8141 3772 8142 4117 8142 3771 8142 4117 8143 4118 8143 3771 8143 3771 8144 4118 8144 3770 8144 4118 8145 4119 8145 3770 8145 4119 8146 4120 8146 3770 8146 3770 8147 4120 8147 3769 8147 4120 8148 4121 8148 3769 8148 3769 8149 4121 8149 3768 8149 4121 8150 4122 8150 3768 8150 3768 8151 4122 8151 3767 8151 4122 8152 4071 8152 3767 8152 3767 8153 4071 8153 3766 8153 4071 8154 4072 8154 3766 8154 3766 8155 4072 8155 3765 8155 4072 8156 4073 8156 3765 8156 3765 8157 4073 8157 3764 8157 4073 8158 4074 8158 3764 8158 3764 8159 4074 8159 3763 8159 4074 8160 4075 8160 3763 8160 3763 8161 4075 8161 3762 8161 4075 8162 4076 8162 3762 8162 3762 8163 4076 8163 3761 8163 4076 8164 4077 8164 3761 8164 3761 8165 4077 8165 3760 8165 4077 8166 4078 8166 3760 8166 3760 8167 4078 8167 3759 8167 4078 8168 4079 8168 3759 8168 3759 8169 4079 8169 3758 8169 4079 8170 4080 8170 3758 8170 4080 8171 4081 8171 3758 8171 3758 8172 4081 8172 3757 8172 4081 8173 4082 8173 3757 8173 3757 8174 4082 8174 3756 8174 4082 8175 4083 8175 3756 8175 3756 8176 4083 8176 3755 8176 4083 8177 4084 8177 3755 8177 4084 8178 4085 8178 3755 8178 3755 8179 4085 8179 3753 8179 4085 8180 4086 8180 3753 8180 3753 8181 4086 8181 3754 8181 4086 8182 4087 8182 3754 8182 3754 8183 4087 8183 3796 8183 4087 8184 4088 8184 3796 8184 3796 8185 4088 8185 3795 8185 4088 8186 4089 8186 3795 8186 4089 8187 4090 8187 3795 8187 3795 8188 4090 8188 3794 8188 4090 8189 4091 8189 3794 8189 3794 8190 4091 8190 3793 8190 4091 8191 4092 8191 3793 8191 3793 8192 4092 8192 3792 8192 4092 8193 4093 8193 3792 8193 4093 8194 4094 8194 3792 8194 3792 8195 4094 8195 3791 8195 4094 8196 4095 8196 3791 8196 3791 8197 4095 8197 3790 8197 4095 8198 4096 8198 3790 8198 3790 8199 4096 8199 3789 8199 4096 8200 4097 8200 3789 8200 3789 8201 4097 8201 3788 8201 4097 8202 4098 8202 3788 8202 3788 8203 4098 8203 3787 8203 4098 8204 4099 8204 3787 8204 3787 8205 4099 8205 3786 8205 4099 8206 4100 8206 3786 8206 3786 8207 4100 8207 3785 8207 4100 8208 4101 8208 3785 8208 3785 8209 4101 8209 3784 8209 4101 8210 4102 8210 3784 8210 3784 8211 4102 8211 3783 8211 4102 8212 4103 8212 3783 8212 3783 8213 4103 8213 3782 8213 4103 8214 4104 8214 3782 8214 3782 8215 4104 8215 3781 8215 4104 8216 4105 8216 3781 8216 3781 8217 4105 8217 3780 8217 4105 8218 4106 8218 3780 8218 4106 8219 4107 8219 3780 8219 3780 8220 4107 8220 3779 8220 4107 8221 4108 8221 3779 8221 3779 8222 4108 8222 3778 8222 4108 8223 4109 8223 3778 8223 3778 8224 4109 8224 3777 8224 4109 8225 4110 8225 3777 8225 4110 8226 4111 8226 3777 8226 3777 8227 4111 8227 3776 8227 4111 8228 4112 8228 3776 8228 3776 8229 4112 8229 3775 8229 4112 8230 4113 8230 3775 8230 3775 8231 4113 8231 3774 8231 4113 8232 4114 8232 3774 8232 3774 8233 4114 8233 3773 8233 4114 8234 4115 8234 3773 8234 3773 8235 4115 8235 4116 8235 4064 8236 4184 8236 3950 8236 4184 8237 4185 8237 3950 8237 3950 8238 4185 8238 3952 8238 4185 8239 4186 8239 3952 8239 3952 8240 4186 8240 3954 8240 4186 8241 4187 8241 3954 8241 3954 8242 4187 8242 3956 8242 4187 8243 4188 8243 3956 8243 3956 8244 4188 8244 3958 8244 4188 8245 4189 8245 3958 8245 3958 8246 4189 8246 3960 8246 4189 8247 4190 8247 3960 8247 3960 8248 4190 8248 3962 8248 4190 8249 4191 8249 3962 8249 3962 8250 4191 8250 3964 8250 4191 8251 4192 8251 3964 8251 3964 8252 4192 8252 3966 8252 4192 8253 4193 8253 3966 8253 3966 8254 4193 8254 3968 8254 4193 8255 4194 8255 3968 8255 3968 8256 4194 8256 3970 8256 4194 8257 4195 8257 3970 8257 3970 8258 4195 8258 3972 8258 4195 8259 4196 8259 3972 8259 3972 8260 4196 8260 3974 8260 4196 8261 4197 8261 3974 8261 3974 8262 4197 8262 3976 8262 4197 8263 4198 8263 3976 8263 3976 8264 4198 8264 3978 8264 4198 8265 4199 8265 3978 8265 3978 8266 4199 8266 3980 8266 4199 8267 4200 8267 3980 8267 3980 8268 4200 8268 3982 8268 4200 8269 4201 8269 3982 8269 3982 8270 4201 8270 3984 8270 4201 8271 4202 8271 3984 8271 3984 8272 4202 8272 3986 8272 4202 8273 4203 8273 3986 8273 3986 8274 4203 8274 3988 8274 4203 8275 4204 8275 3988 8275 3988 8276 4204 8276 3990 8276 4204 8277 4205 8277 3990 8277 3990 8278 4205 8278 3992 8278 4205 8279 4206 8279 3992 8279 3992 8280 4206 8280 3994 8280 4206 8281 4207 8281 3994 8281 3994 8282 4207 8282 3996 8282 4207 8283 4208 8283 3996 8283 3996 8284 4208 8284 3998 8284 4208 8285 4209 8285 3998 8285 3998 8286 4209 8286 4000 8286 4209 8287 4210 8287 4000 8287 4000 8288 4210 8288 4002 8288 4210 8289 4211 8289 4002 8289 4002 8290 4211 8290 4004 8290 4211 8291 4212 8291 4004 8291 4004 8292 4212 8292 4006 8292 4212 8293 4213 8293 4006 8293 4006 8294 4213 8294 4008 8294 4213 8295 4214 8295 4008 8295 4008 8296 4214 8296 4010 8296 4214 8297 4215 8297 4010 8297 4010 8298 4215 8298 4012 8298 4215 8299 4216 8299 4012 8299 4012 8300 4216 8300 4014 8300 4216 8301 4217 8301 4014 8301 4014 8302 4217 8302 4016 8302 4217 8303 4218 8303 4016 8303 4016 8304 4218 8304 4018 8304 4218 8305 4219 8305 4018 8305 4018 8306 4219 8306 4020 8306 4219 8307 4220 8307 4020 8307 4020 8308 4220 8308 4022 8308 4220 8309 4221 8309 4022 8309 4022 8310 4221 8310 4024 8310 4221 8311 4222 8311 4024 8311 4024 8312 4222 8312 4026 8312 4222 8313 4223 8313 4026 8313 4026 8314 4223 8314 4028 8314 4223 8315 4224 8315 4028 8315 4028 8316 4224 8316 4030 8316 4224 8317 4225 8317 4030 8317 4030 8318 4225 8318 4032 8318 4225 8319 4226 8319 4032 8319 4032 8320 4226 8320 4034 8320 4226 8321 4227 8321 4034 8321 4034 8322 4227 8322 4036 8322 4227 8323 4228 8323 4036 8323 4036 8324 4228 8324 4038 8324 4228 8325 4229 8325 4038 8325 4038 8326 4229 8326 4040 8326 4229 8327 4230 8327 4040 8327 4040 8328 4230 8328 4042 8328 4230 8329 4231 8329 4042 8329 4042 8330 4231 8330 4044 8330 4231 8331 4232 8331 4044 8331 4044 8332 4232 8332 4046 8332 4232 8333 4233 8333 4046 8333 4046 8334 4233 8334 4048 8334 4233 8335 4234 8335 4048 8335 4048 8336 4234 8336 4050 8336 4234 8337 4235 8337 4050 8337 4050 8338 4235 8338 4052 8338 4235 8339 4236 8339 4052 8339 4052 8340 4236 8340 4054 8340 4236 8341 4237 8341 4054 8341 4054 8342 4237 8342 4056 8342 4237 8343 4238 8343 4056 8343 4056 8344 4238 8344 4058 8344 4238 8345 4239 8345 4058 8345 4058 8346 4239 8346 4060 8346 4239 8347 4240 8347 4060 8347 4060 8348 4240 8348 4062 8348 4240 8349 4241 8349 4062 8349 4062 8350 4241 8350 4064 8350 4241 8351 4184 8351 4064 8351 4241 8352 4150 8352 4184 8352 4150 8353 4149 8353 4184 8353 4184 8354 4149 8354 4185 8354 4149 8355 4148 8355 4185 8355 4185 8356 4148 8356 4186 8356 4148 8357 4183 8357 4186 8357 4186 8358 4183 8358 4187 8358 4183 8359 4182 8359 4187 8359 4187 8360 4182 8360 4188 8360 4182 8361 4181 8361 4188 8361 4188 8362 4181 8362 4189 8362 4181 8363 4159 8363 4189 8363 4189 8364 4159 8364 4190 8364 4159 8365 4158 8365 4190 8365 4190 8366 4158 8366 4191 8366 4158 8367 4157 8367 4191 8367 4191 8368 4157 8368 4192 8368 4157 8369 4129 8369 4192 8369 4192 8370 4129 8370 4193 8370 4129 8371 4128 8371 4193 8371 4193 8372 4128 8372 4194 8372 4128 8373 4151 8373 4194 8373 4194 8374 4151 8374 4195 8374 4151 8375 4174 8375 4195 8375 4195 8376 4174 8376 4196 8376 4174 8377 4173 8377 4196 8377 4196 8378 4173 8378 4197 8378 4173 8379 4172 8379 4197 8379 4197 8380 4172 8380 4198 8380 4172 8381 4171 8381 4198 8381 4198 8382 4171 8382 4199 8382 4171 8383 4170 8383 4199 8383 4199 8384 4170 8384 4200 8384 4170 8385 4169 8385 4200 8385 4200 8386 4169 8386 4201 8386 4169 8387 4162 8387 4201 8387 4201 8388 4162 8388 4202 8388 4162 8389 4161 8389 4202 8389 4202 8390 4161 8390 4203 8390 4161 8391 4160 8391 4203 8391 4203 8392 4160 8392 4204 8392 4160 8393 4134 8393 4204 8393 4204 8394 4134 8394 4205 8394 4134 8395 4133 8395 4205 8395 4205 8396 4133 8396 4206 8396 4133 8397 4180 8397 4206 8397 4206 8398 4180 8398 4207 8398 4180 8399 4179 8399 4207 8399 4207 8400 4179 8400 4208 8400 4179 8401 4178 8401 4208 8401 4208 8402 4178 8402 4209 8402 4178 8403 4177 8403 4209 8403 4209 8404 4177 8404 4210 8404 4177 8405 4176 8405 4210 8405 4210 8406 4176 8406 4211 8406 4176 8407 4175 8407 4211 8407 4211 8408 4175 8408 4212 8408 4175 8409 4125 8409 4212 8409 4212 8410 4125 8410 4213 8410 4125 8411 4124 8411 4213 8411 4213 8412 4124 8412 4214 8412 4124 8413 4140 8413 4214 8413 4214 8414 4140 8414 4215 8414 4140 8415 4139 8415 4215 8415 4215 8416 4139 8416 4216 8416 4139 8417 4138 8417 4216 8417 4216 8418 4138 8418 4217 8418 4138 8419 4137 8419 4217 8419 4217 8420 4137 8420 4218 8420 4137 8421 4136 8421 4218 8421 4218 8422 4136 8422 4219 8422 4136 8423 4135 8423 4219 8423 4219 8424 4135 8424 4220 8424 4135 8425 4132 8425 4220 8425 4220 8426 4132 8426 4221 8426 4132 8427 4131 8427 4221 8427 4221 8428 4131 8428 4222 8428 4131 8429 4130 8429 4222 8429 4222 8430 4130 8430 4223 8430 4130 8431 4127 8431 4223 8431 4223 8432 4127 8432 4224 8432 4127 8433 4126 8433 4224 8433 4224 8434 4126 8434 4225 8434 4126 8435 4165 8435 4225 8435 4225 8436 4165 8436 4226 8436 4165 8437 4164 8437 4226 8437 4226 8438 4164 8438 4227 8438 4164 8439 4163 8439 4227 8439 4227 8440 4163 8440 4228 8440 4163 8441 4152 8441 4228 8441 4228 8442 4152 8442 4229 8442 4152 8443 4153 8443 4229 8443 4229 8444 4153 8444 4230 8444 4153 8445 4154 8445 4230 8445 4230 8446 4154 8446 4231 8446 4154 8447 4156 8447 4231 8447 4231 8448 4156 8448 4232 8448 4156 8449 4155 8449 4232 8449 4232 8450 4155 8450 4233 8450 4155 8451 4146 8451 4233 8451 4233 8452 4146 8452 4234 8452 4146 8453 4145 8453 4234 8453 4234 8454 4145 8454 4235 8454 4145 8455 4168 8455 4235 8455 4235 8456 4168 8456 4236 8456 4168 8457 4167 8457 4236 8457 4236 8458 4167 8458 4237 8458 4167 8459 4166 8459 4237 8459 4237 8460 4166 8460 4238 8460 4166 8461 4144 8461 4238 8461 4238 8462 4144 8462 4239 8462 4144 8463 4142 8463 4239 8463 4239 8464 4142 8464 4240 8464 4142 8465 4141 8465 4240 8465 4240 8466 4141 8466 4241 8466 4141 8467 4150 8467 4241 8467 3945 8468 3948 8468 3917 8468 3948 8469 4067 8469 3917 8469 3917 8470 4067 8470 4066 8470 4069 8471 4068 8471 3927 8471 4068 8472 4143 8472 3927 8472 3927 8473 4143 8473 4070 8473 4070 8474 4143 8474 3932 8474 4143 8475 4147 8475 3932 8475 3932 8476 4147 8476 4065 8476 4065 8477 4147 8477 3937 8477 4147 8478 3947 8478 3937 8478 3937 8479 3947 8479 3946 8479 4242 8480 4243 8480 4244 8480 4243 8481 4245 8481 4244 8481 4244 8482 4245 8482 4246 8482 4245 8483 4247 8483 4246 8483 4246 8484 4247 8484 4248 8484 4247 8485 4249 8485 4248 8485 4248 8486 4249 8486 4250 8486 4249 8487 4251 8487 4250 8487 4250 8488 4251 8488 4252 8488 4251 8489 4253 8489 4252 8489 4252 8490 4253 8490 4254 8490 4253 8491 4255 8491 4254 8491 4254 8492 4255 8492 4256 8492 4255 8493 4257 8493 4256 8493 4256 8494 4257 8494 4258 8494 4257 8495 4259 8495 4258 8495 4258 8496 4259 8496 4260 8496 4259 8497 4261 8497 4260 8497 4260 8498 4261 8498 4262 8498 4261 8499 4263 8499 4262 8499 4262 8500 4263 8500 4264 8500 4263 8501 4265 8501 4264 8501 4264 8502 4265 8502 4266 8502 4265 8503 4267 8503 4266 8503 4266 8504 4267 8504 4268 8504 4267 8505 4269 8505 4268 8505 4268 8506 4269 8506 4270 8506 4269 8507 4271 8507 4270 8507 4270 8508 4271 8508 4272 8508 4271 8509 4273 8509 4272 8509 4272 8510 4273 8510 4274 8510 4273 8511 4275 8511 4274 8511 4274 8512 4275 8512 4276 8512 4275 8513 4277 8513 4276 8513 4276 8514 4277 8514 4278 8514 4277 8515 4279 8515 4278 8515 4278 8516 4279 8516 4280 8516 4279 8517 4281 8517 4280 8517 4280 8518 4281 8518 4282 8518 4281 8519 4283 8519 4282 8519 4282 8520 4283 8520 4284 8520 4283 8521 4285 8521 4284 8521 4284 8522 4285 8522 4286 8522 4285 8523 4287 8523 4286 8523 4286 8524 4287 8524 4288 8524 4287 8525 4289 8525 4288 8525 4288 8526 4289 8526 4290 8526 4289 8527 4291 8527 4290 8527 4290 8528 4291 8528 4292 8528 4291 8529 4293 8529 4292 8529 4292 8530 4293 8530 4294 8530 4293 8531 4295 8531 4294 8531 4294 8532 4295 8532 4296 8532 4295 8533 4297 8533 4296 8533 4296 8534 4297 8534 4298 8534 4297 8535 4299 8535 4298 8535 4298 8536 4299 8536 4300 8536 4299 8537 4301 8537 4300 8537 4300 8538 4301 8538 4302 8538 4301 8539 4303 8539 4302 8539 4302 8540 4303 8540 4304 8540 4303 8541 4305 8541 4304 8541 4304 8542 4305 8542 4306 8542 4305 8543 4307 8543 4306 8543 4306 8544 4307 8544 4308 8544 4307 8545 4309 8545 4308 8545 4308 8546 4309 8546 4310 8546 4309 8547 4311 8547 4310 8547 4310 8548 4311 8548 4312 8548 4311 8549 4313 8549 4312 8549 4312 8550 4313 8550 4314 8550 4313 8551 4315 8551 4314 8551 4314 8552 4315 8552 4316 8552 4315 8553 4317 8553 4316 8553 4316 8554 4317 8554 4318 8554 4317 8555 4319 8555 4318 8555 4318 8556 4319 8556 4320 8556 4319 8557 4321 8557 4320 8557 4320 8558 4321 8558 4322 8558 4321 8559 4323 8559 4322 8559 4322 8560 4323 8560 4324 8560 4323 8561 4325 8561 4324 8561 4324 8562 4325 8562 4326 8562 4325 8563 4327 8563 4326 8563 4326 8564 4327 8564 4328 8564 4327 8565 4329 8565 4328 8565 4328 8566 4329 8566 4330 8566 4329 8567 4331 8567 4330 8567 4330 8568 4331 8568 4332 8568 4331 8569 4333 8569 4332 8569 4332 8570 4333 8570 4334 8570 4333 8571 4335 8571 4334 8571 4334 8572 4335 8572 4336 8572 4335 8573 4337 8573 4336 8573 4336 8574 4337 8574 4338 8574 4337 8575 4339 8575 4338 8575 4338 8576 4339 8576 4340 8576 4339 8577 4341 8577 4340 8577 4340 8578 4341 8578 4342 8578 4341 8579 4343 8579 4342 8579 4342 8580 4343 8580 4344 8580 4343 8581 4345 8581 4344 8581 4344 8582 4345 8582 4346 8582 4345 8583 4347 8583 4346 8583 4346 8584 4347 8584 4348 8584 4347 8585 4349 8585 4348 8585 4348 8586 4349 8586 4350 8586 4349 8587 4351 8587 4350 8587 4350 8588 4351 8588 4352 8588 4351 8589 4353 8589 4352 8589 4352 8590 4353 8590 4354 8590 4353 8591 4355 8591 4354 8591 4354 8592 4355 8592 4356 8592 4355 8593 4357 8593 4356 8593 4356 8594 4357 8594 4358 8594 4357 8595 4359 8595 4358 8595 4358 8596 4359 8596 4360 8596 4359 8597 4361 8597 4360 8597 4360 8598 4361 8598 4362 8598 4361 8599 4363 8599 4362 8599 4362 8600 4363 8600 4364 8600 4363 8601 4365 8601 4364 8601 4364 8602 4365 8602 4366 8602 4365 8603 4367 8603 4366 8603 4366 8604 4367 8604 4368 8604 4367 8605 4369 8605 4368 8605 4368 8606 4369 8606 4370 8606 4369 8607 4371 8607 4370 8607 4370 8608 4371 8608 4372 8608 4371 8609 4373 8609 4372 8609 4372 8610 4373 8610 4374 8610 4373 8611 4375 8611 4374 8611 4374 8612 4375 8612 4376 8612 4375 8613 4377 8613 4376 8613 4376 8614 4377 8614 4378 8614 4377 8615 4379 8615 4378 8615 4378 8616 4379 8616 4380 8616 4379 8617 4381 8617 4380 8617 4380 8618 4381 8618 4382 8618 4381 8619 4383 8619 4382 8619 4382 8620 4383 8620 4384 8620 4383 8621 4385 8621 4384 8621 4384 8622 4385 8622 4386 8622 4385 8623 4387 8623 4386 8623 4386 8624 4387 8624 4388 8624 4387 8625 4389 8625 4388 8625 4388 8626 4389 8626 4390 8626 4389 8627 4391 8627 4390 8627 4390 8628 4391 8628 4392 8628 4391 8629 4393 8629 4392 8629 4392 8630 4393 8630 4394 8630 4393 8631 4395 8631 4394 8631 4394 8632 4395 8632 4396 8632 4395 8633 4397 8633 4396 8633 4396 8634 4397 8634 4398 8634 4397 8635 4399 8635 4398 8635 4398 8636 4399 8636 4400 8636 4399 8637 4401 8637 4400 8637 4400 8638 4401 8638 4402 8638 4401 8639 4403 8639 4402 8639 4402 8640 4403 8640 4404 8640 4403 8641 4405 8641 4404 8641 4404 8642 4405 8642 4406 8642 4405 8643 4407 8643 4406 8643 4406 8644 4407 8644 4408 8644 4407 8645 4409 8645 4408 8645 4408 8646 4409 8646 4410 8646 4409 8647 4411 8647 4410 8647 4410 8648 4411 8648 4412 8648 4411 8649 4413 8649 4412 8649 4412 8650 4413 8650 4414 8650 4413 8651 4415 8651 4414 8651 4414 8652 4415 8652 4416 8652 4415 8653 4417 8653 4416 8653 4416 8654 4417 8654 4242 8654 4417 8655 4243 8655 4242 8655 4415 8656 4418 8656 4419 8656 4415 8657 4413 8657 4418 8657 4413 8658 4411 8658 4418 8658 4418 8659 4411 8659 4420 8659 4411 8660 4409 8660 4420 8660 4409 8661 4407 8661 4420 8661 4420 8662 4407 8662 4421 8662 4407 8663 4405 8663 4421 8663 4405 8664 4403 8664 4421 8664 4421 8665 4403 8665 4422 8665 4403 8666 4401 8666 4422 8666 4401 8667 4399 8667 4422 8667 4422 8668 4399 8668 4423 8668 4399 8669 4397 8669 4423 8669 4397 8670 4395 8670 4423 8670 4423 8671 4395 8671 4424 8671 4395 8672 4393 8672 4424 8672 4393 8673 4391 8673 4424 8673 4424 8674 4391 8674 4425 8674 4391 8675 4389 8675 4425 8675 4389 8676 4387 8676 4425 8676 4425 8677 4387 8677 4426 8677 4387 8678 4385 8678 4426 8678 4385 8679 4383 8679 4426 8679 4426 8680 4383 8680 4427 8680 4383 8681 4381 8681 4427 8681 4381 8682 4379 8682 4427 8682 4427 8683 4379 8683 4428 8683 4379 8684 4377 8684 4428 8684 4377 8685 4375 8685 4428 8685 4428 8686 4375 8686 4429 8686 4375 8687 4373 8687 4429 8687 4373 8688 4371 8688 4429 8688 4429 8689 4371 8689 4430 8689 4371 8690 4369 8690 4430 8690 4369 8691 4367 8691 4430 8691 4430 8692 4367 8692 4431 8692 4367 8693 4365 8693 4431 8693 4365 8694 4363 8694 4431 8694 4431 8695 4363 8695 4432 8695 4363 8696 4361 8696 4432 8696 4361 8697 4359 8697 4432 8697 4432 8698 4359 8698 4433 8698 4359 8699 4357 8699 4433 8699 4357 8700 4355 8700 4433 8700 4433 8701 4355 8701 4434 8701 4355 8702 4353 8702 4434 8702 4353 8703 4351 8703 4434 8703 4434 8704 4351 8704 4435 8704 4351 8705 4349 8705 4435 8705 4349 8706 4347 8706 4435 8706 4435 8707 4347 8707 4436 8707 4347 8708 4345 8708 4436 8708 4345 8709 4343 8709 4436 8709 4436 8710 4343 8710 4437 8710 4343 8711 4341 8711 4437 8711 4341 8712 4339 8712 4437 8712 4437 8713 4339 8713 4438 8713 4339 8714 4337 8714 4438 8714 4337 8715 4335 8715 4438 8715 4438 8716 4335 8716 4439 8716 4335 8717 4333 8717 4439 8717 4333 8718 4331 8718 4439 8718 4439 8719 4331 8719 4440 8719 4331 8720 4329 8720 4440 8720 4329 8721 4327 8721 4440 8721 4440 8722 4327 8722 4441 8722 4327 8723 4325 8723 4441 8723 4325 8724 4323 8724 4441 8724 4441 8725 4323 8725 4442 8725 4323 8726 4321 8726 4442 8726 4321 8727 4319 8727 4442 8727 4442 8728 4319 8728 4443 8728 4319 8729 4317 8729 4443 8729 4317 8730 4315 8730 4443 8730 4443 8731 4315 8731 4444 8731 4315 8732 4313 8732 4444 8732 4313 8733 4311 8733 4444 8733 4444 8734 4311 8734 4445 8734 4311 8735 4309 8735 4445 8735 4309 8736 4307 8736 4445 8736 4445 8737 4307 8737 4446 8737 4307 8738 4305 8738 4446 8738 4305 8739 4303 8739 4446 8739 4446 8740 4303 8740 4447 8740 4303 8741 4301 8741 4447 8741 4301 8742 4299 8742 4447 8742 4447 8743 4299 8743 4448 8743 4299 8744 4297 8744 4448 8744 4297 8745 4295 8745 4448 8745 4448 8746 4295 8746 4449 8746 4295 8747 4293 8747 4449 8747 4293 8748 4291 8748 4449 8748 4449 8749 4291 8749 4450 8749 4291 8750 4289 8750 4450 8750 4289 8751 4287 8751 4450 8751 4450 8752 4287 8752 4451 8752 4287 8753 4285 8753 4451 8753 4285 8754 4283 8754 4451 8754 4451 8755 4283 8755 4452 8755 4283 8756 4281 8756 4452 8756 4281 8757 4279 8757 4452 8757 4452 8758 4279 8758 4453 8758 4279 8759 4277 8759 4453 8759 4277 8760 4275 8760 4453 8760 4453 8761 4275 8761 4454 8761 4275 8762 4273 8762 4454 8762 4273 8763 4271 8763 4454 8763 4454 8764 4271 8764 4455 8764 4271 8765 4269 8765 4455 8765 4269 8766 4267 8766 4455 8766 4455 8767 4267 8767 4456 8767 4267 8768 4265 8768 4456 8768 4265 8769 4263 8769 4456 8769 4456 8770 4263 8770 4457 8770 4263 8771 4261 8771 4457 8771 4261 8772 4259 8772 4457 8772 4457 8773 4259 8773 4458 8773 4259 8774 4257 8774 4458 8774 4257 8775 4255 8775 4458 8775 4458 8776 4255 8776 4459 8776 4255 8777 4253 8777 4459 8777 4253 8778 4251 8778 4459 8778 4459 8779 4251 8779 4460 8779 4251 8780 4249 8780 4460 8780 4249 8781 4247 8781 4460 8781 4460 8782 4247 8782 4461 8782 4247 8783 4245 8783 4461 8783 4245 8784 4243 8784 4461 8784 4461 8785 4243 8785 4419 8785 4243 8786 4417 8786 4419 8786 4419 8787 4417 8787 4415 8787 4462 8788 4463 8788 4464 8788 4463 8789 4465 8789 4464 8789 4464 8790 4465 8790 4466 8790 4465 8791 4467 8791 4466 8791 4466 8792 4467 8792 4468 8792 4467 8793 4469 8793 4468 8793 4468 8794 4469 8794 4470 8794 4469 8795 4471 8795 4470 8795 4470 8796 4471 8796 4472 8796 4471 8797 4473 8797 4472 8797 4472 8798 4473 8798 4474 8798 4473 8799 4475 8799 4474 8799 4474 8800 4475 8800 4476 8800 4475 8801 4477 8801 4476 8801 4476 8802 4477 8802 4478 8802 4477 8803 4479 8803 4478 8803 4478 8804 4479 8804 4480 8804 4479 8805 4481 8805 4480 8805 4480 8806 4481 8806 4482 8806 4481 8807 4483 8807 4482 8807 4482 8808 4483 8808 4484 8808 4483 8809 4485 8809 4484 8809 4484 8810 4485 8810 4486 8810 4485 8811 4487 8811 4486 8811 4486 8812 4487 8812 4488 8812 4487 8813 4489 8813 4488 8813 4488 8814 4489 8814 4490 8814 4489 8815 4491 8815 4490 8815 4490 8816 4491 8816 4492 8816 4491 8817 4493 8817 4492 8817 4492 8818 4493 8818 4494 8818 4493 8819 4495 8819 4494 8819 4494 8820 4495 8820 4496 8820 4495 8821 4497 8821 4496 8821 4496 8822 4497 8822 4498 8822 4497 8823 4499 8823 4498 8823 4498 8824 4499 8824 4500 8824 4499 8825 4501 8825 4500 8825 4500 8826 4501 8826 4502 8826 4501 8827 4503 8827 4502 8827 4502 8828 4503 8828 4504 8828 4503 8829 4505 8829 4504 8829 4504 8830 4505 8830 4506 8830 4505 8831 4507 8831 4506 8831 4506 8832 4507 8832 4508 8832 4507 8833 4509 8833 4508 8833 4508 8834 4509 8834 4510 8834 4509 8835 4511 8835 4510 8835 4510 8836 4511 8836 4512 8836 4511 8837 4513 8837 4512 8837 4512 8838 4513 8838 4514 8838 4513 8839 4515 8839 4514 8839 4514 8840 4515 8840 4516 8840 4515 8841 4517 8841 4516 8841 4516 8842 4517 8842 4518 8842 4517 8843 4519 8843 4518 8843 4518 8844 4519 8844 4520 8844 4519 8845 4521 8845 4520 8845 4520 8846 4521 8846 4522 8846 4521 8847 4523 8847 4522 8847 4522 8848 4523 8848 4524 8848 4523 8849 4525 8849 4524 8849 4524 8850 4525 8850 4526 8850 4525 8851 4527 8851 4526 8851 4526 8852 4527 8852 4528 8852 4527 8853 4529 8853 4528 8853 4528 8854 4529 8854 4530 8854 4529 8855 4531 8855 4530 8855 4530 8856 4531 8856 4532 8856 4531 8857 4533 8857 4532 8857 4532 8858 4533 8858 4534 8858 4533 8859 4535 8859 4534 8859 4534 8860 4535 8860 4536 8860 4535 8861 4537 8861 4536 8861 4536 8862 4537 8862 4538 8862 4537 8863 4539 8863 4538 8863 4538 8864 4539 8864 4540 8864 4539 8865 4541 8865 4540 8865 4540 8866 4541 8866 4542 8866 4541 8867 4543 8867 4542 8867 4542 8868 4543 8868 4544 8868 4543 8869 4545 8869 4544 8869 4544 8870 4545 8870 4546 8870 4545 8871 4547 8871 4546 8871 4546 8872 4547 8872 4548 8872 4547 8873 4549 8873 4548 8873 4548 8874 4549 8874 4550 8874 4549 8875 4551 8875 4550 8875 4550 8876 4551 8876 4552 8876 4551 8877 4553 8877 4552 8877 4552 8878 4553 8878 4554 8878 4553 8879 4555 8879 4554 8879 4554 8880 4555 8880 4556 8880 4555 8881 4557 8881 4556 8881 4556 8882 4557 8882 4558 8882 4557 8883 4559 8883 4558 8883 4558 8884 4559 8884 4560 8884 4559 8885 4561 8885 4560 8885 4560 8886 4561 8886 4562 8886 4561 8887 4563 8887 4562 8887 4562 8888 4563 8888 4564 8888 4563 8889 4565 8889 4564 8889 4564 8890 4565 8890 4566 8890 4565 8891 4567 8891 4566 8891 4566 8892 4567 8892 4568 8892 4567 8893 4569 8893 4568 8893 4568 8894 4569 8894 4570 8894 4569 8895 4571 8895 4570 8895 4570 8896 4571 8896 4572 8896 4571 8897 4573 8897 4572 8897 4572 8898 4573 8898 4574 8898 4573 8899 4575 8899 4574 8899 4574 8900 4575 8900 4576 8900 4575 8901 4577 8901 4576 8901 4576 8902 4577 8902 4462 8902 4577 8903 4463 8903 4462 8903 4578 8904 4579 8904 4580 8904 4581 8905 4579 8905 4578 8905 4582 8906 4583 8906 4578 8906 4578 8907 4584 8907 4585 8907 4586 8908 4584 8908 4578 8908 4583 8909 4586 8909 4578 8909 4587 8910 4588 8910 4578 8910 4578 8911 4589 8911 4590 8911 4591 8912 4589 8912 4578 8912 4588 8913 4591 8913 4578 8913 4592 8914 4593 8914 4578 8914 4578 8915 4594 8915 4595 8915 4596 8916 4594 8916 4578 8916 4593 8917 4596 8917 4578 8917 4597 8918 4598 8918 4578 8918 4578 8919 4599 8919 4600 8919 4601 8920 4599 8920 4578 8920 4598 8921 4601 8921 4578 8921 4602 8922 4603 8922 4578 8922 4578 8923 4604 8923 4605 8923 4606 8924 4604 8924 4578 8924 4603 8925 4606 8925 4578 8925 4578 8926 4607 8926 4608 8926 4609 8927 4607 8927 4578 8927 4608 8928 4581 8928 4578 8928 4605 8929 4609 8929 4578 8929 4600 8930 4602 8930 4578 8930 4595 8931 4597 8931 4578 8931 4590 8932 4592 8932 4578 8932 4585 8933 4587 8933 4578 8933 4580 8934 4582 8934 4578 8934 4582 8935 4580 8935 4610 8935 4580 8936 4579 8936 4610 8936 4610 8937 4579 8937 4581 8937 4581 8938 4608 8938 4610 8938 4608 8939 4607 8939 4610 8939 4610 8940 4607 8940 4609 8940 4611 8941 4612 8941 4609 8941 4612 8942 4613 8942 4609 8942 4609 8943 4613 8943 4610 8943 4604 8944 4611 8944 4605 8944 4611 8945 4609 8945 4605 8945 4604 8946 4606 8946 4611 8946 4606 8947 4603 8947 4611 8947 4611 8948 4603 8948 4602 8948 4614 8949 4615 8949 4616 8949 4615 8950 4617 8950 4616 8950 4616 8951 4617 8951 4618 8951 4617 8952 4619 8952 4618 8952 4618 8953 4619 8953 4620 8953 4619 8954 4621 8954 4620 8954 4620 8955 4621 8955 4622 8955 4621 8956 4623 8956 4622 8956 4622 8957 4623 8957 4624 8957 4623 8958 4625 8958 4624 8958 4624 8959 4625 8959 4626 8959 4625 8960 4627 8960 4626 8960 4626 8961 4627 8961 4628 8961 4627 8962 4629 8962 4628 8962 4628 8963 4629 8963 4630 8963 4629 8964 4631 8964 4630 8964 4630 8965 4631 8965 4632 8965 4631 8966 4633 8966 4632 8966 4632 8967 4633 8967 4634 8967 4633 8968 4635 8968 4634 8968 4634 8969 4635 8969 4636 8969 4635 8970 4637 8970 4636 8970 4636 8971 4637 8971 4638 8971 4637 8972 4639 8972 4638 8972 4638 8973 4639 8973 4640 8973 4639 8974 4641 8974 4640 8974 4640 8975 4641 8975 4642 8975 4641 8976 4643 8976 4642 8976 4642 8977 4643 8977 4644 8977 4643 8978 4645 8978 4644 8978 4644 8979 4645 8979 4646 8979 4645 8980 4647 8980 4646 8980 4646 8981 4647 8981 4648 8981 4647 8982 4649 8982 4648 8982 4648 8983 4649 8983 4650 8983 4649 8984 4651 8984 4650 8984 4650 8985 4651 8985 4652 8985 4651 8986 4653 8986 4652 8986 4652 8987 4653 8987 4654 8987 4653 8988 4655 8988 4654 8988 4654 8989 4655 8989 4656 8989 4655 8990 4657 8990 4656 8990 4656 8991 4657 8991 4658 8991 4657 8992 4659 8992 4658 8992 4658 8993 4659 8993 4660 8993 4659 8994 4661 8994 4660 8994 4660 8995 4661 8995 4662 8995 4661 8996 4663 8996 4662 8996 4662 8997 4663 8997 4664 8997 4663 8998 4665 8998 4664 8998 4664 8999 4665 8999 4666 8999 4665 9000 4667 9000 4666 9000 4666 9001 4667 9001 4668 9001 4667 9002 4669 9002 4668 9002 4668 9003 4669 9003 4670 9003 4669 9004 4671 9004 4670 9004 4670 9005 4671 9005 4672 9005 4671 9006 4673 9006 4672 9006 4672 9007 4673 9007 4674 9007 4673 9008 4675 9008 4674 9008 4674 9009 4675 9009 4676 9009 4675 9010 4677 9010 4676 9010 4676 9011 4677 9011 4678 9011 4677 9012 4679 9012 4678 9012 4678 9013 4679 9013 4680 9013 4679 9014 4681 9014 4680 9014 4680 9015 4681 9015 4682 9015 4681 9016 4683 9016 4682 9016 4682 9017 4683 9017 4684 9017 4683 9018 4685 9018 4684 9018 4684 9019 4685 9019 4686 9019 4685 9020 4687 9020 4686 9020 4686 9021 4687 9021 4688 9021 4687 9022 4689 9022 4688 9022 4688 9023 4689 9023 4690 9023 4689 9024 4691 9024 4690 9024 4690 9025 4691 9025 4692 9025 4691 9026 4693 9026 4692 9026 4692 9027 4693 9027 4694 9027 4693 9028 4695 9028 4694 9028 4694 9029 4695 9029 4696 9029 4695 9030 4697 9030 4696 9030 4696 9031 4697 9031 4698 9031 4697 9032 4699 9032 4698 9032 4698 9033 4699 9033 4700 9033 4699 9034 4701 9034 4700 9034 4700 9035 4701 9035 4702 9035 4701 9036 4703 9036 4702 9036 4702 9037 4703 9037 4704 9037 4703 9038 4705 9038 4704 9038 4704 9039 4705 9039 4706 9039 4705 9040 4707 9040 4706 9040 4706 9041 4707 9041 4708 9041 4707 9042 4709 9042 4708 9042 4708 9043 4709 9043 4710 9043 4709 9044 4711 9044 4710 9044 4710 9045 4711 9045 4712 9045 4711 9046 4713 9046 4712 9046 4712 9047 4713 9047 4714 9047 4713 9048 4715 9048 4714 9048 4714 9049 4715 9049 4716 9049 4715 9050 4717 9050 4716 9050 4716 9051 4717 9051 4718 9051 4717 9052 4719 9052 4718 9052 4718 9053 4719 9053 4720 9053 4719 9054 4721 9054 4720 9054 4720 9055 4721 9055 4722 9055 4721 9056 4723 9056 4722 9056 4722 9057 4723 9057 4724 9057 4723 9058 4725 9058 4724 9058 4724 9059 4725 9059 4726 9059 4725 9060 4727 9060 4726 9060 4726 9061 4727 9061 4728 9061 4727 9062 4729 9062 4728 9062 4728 9063 4729 9063 4614 9063 4729 9064 4615 9064 4614 9064 4597 9065 4730 9065 4598 9065 4730 9066 4601 9066 4598 9066 4602 9067 4600 9067 4730 9067 4600 9068 4599 9068 4730 9068 4730 9069 4599 9069 4601 9069 4731 9070 4732 9070 4587 9070 4732 9071 4733 9071 4587 9071 4587 9072 4733 9072 4734 9072 4594 9073 4735 9073 4595 9073 4735 9074 4597 9074 4595 9074 4594 9075 4596 9075 4735 9075 4596 9076 4593 9076 4735 9076 4735 9077 4593 9077 4592 9077 4584 9078 4731 9078 4585 9078 4731 9079 4587 9079 4585 9079 4584 9080 4586 9080 4731 9080 4586 9081 4583 9081 4731 9081 4731 9082 4583 9082 4582 9082 4589 9083 4734 9083 4590 9083 4734 9084 4592 9084 4590 9084 4589 9085 4591 9085 4734 9085 4591 9086 4588 9086 4734 9086 4734 9087 4588 9087 4587 9087 4736 9088 4544 9088 4737 9088 4544 9089 4546 9089 4737 9089 4737 9090 4546 9090 4738 9090 4546 9091 4548 9091 4738 9091 4738 9092 4548 9092 4739 9092 4548 9093 4550 9093 4739 9093 4550 9094 4552 9094 4739 9094 4739 9095 4552 9095 4740 9095 4552 9096 4554 9096 4740 9096 4740 9097 4554 9097 4741 9097 4554 9098 4556 9098 4741 9098 4741 9099 4556 9099 4742 9099 4556 9100 4558 9100 4742 9100 4558 9101 4560 9101 4742 9101 4742 9102 4560 9102 4743 9102 4560 9103 4562 9103 4743 9103 4743 9104 4562 9104 4744 9104 4562 9105 4564 9105 4744 9105 4744 9106 4564 9106 4745 9106 4564 9107 4566 9107 4745 9107 4745 9108 4566 9108 4746 9108 4566 9109 4568 9109 4746 9109 4746 9110 4568 9110 4747 9110 4568 9111 4570 9111 4747 9111 4747 9112 4570 9112 4748 9112 4570 9113 4572 9113 4748 9113 4748 9114 4572 9114 4749 9114 4572 9115 4574 9115 4749 9115 4749 9116 4574 9116 4750 9116 4574 9117 4576 9117 4750 9117 4750 9118 4576 9118 4751 9118 4576 9119 4462 9119 4751 9119 4751 9120 4462 9120 4752 9120 4462 9121 4464 9121 4752 9121 4752 9122 4464 9122 4753 9122 4464 9123 4466 9123 4753 9123 4753 9124 4466 9124 4754 9124 4466 9125 4468 9125 4754 9125 4754 9126 4468 9126 4755 9126 4468 9127 4470 9127 4755 9127 4755 9128 4470 9128 4756 9128 4470 9129 4472 9129 4756 9129 4756 9130 4472 9130 4757 9130 4472 9131 4474 9131 4757 9131 4757 9132 4474 9132 4758 9132 4474 9133 4476 9133 4758 9133 4758 9134 4476 9134 4759 9134 4476 9135 4478 9135 4759 9135 4759 9136 4478 9136 4760 9136 4478 9137 4480 9137 4760 9137 4760 9138 4480 9138 4761 9138 4480 9139 4482 9139 4761 9139 4761 9140 4482 9140 4762 9140 4482 9141 4484 9141 4762 9141 4484 9142 4486 9142 4762 9142 4762 9143 4486 9143 4763 9143 4486 9144 4488 9144 4763 9144 4763 9145 4488 9145 4764 9145 4488 9146 4490 9146 4764 9146 4764 9147 4490 9147 4765 9147 4490 9148 4492 9148 4765 9148 4492 9149 4494 9149 4765 9149 4765 9150 4494 9150 4766 9150 4494 9151 4496 9151 4766 9151 4766 9152 4496 9152 4767 9152 4496 9153 4498 9153 4767 9153 4767 9154 4498 9154 4768 9154 4498 9155 4500 9155 4768 9155 4500 9156 4502 9156 4768 9156 4768 9157 4502 9157 4769 9157 4502 9158 4504 9158 4769 9158 4769 9159 4504 9159 4770 9159 4504 9160 4506 9160 4770 9160 4770 9161 4506 9161 4771 9161 4506 9162 4508 9162 4771 9162 4771 9163 4508 9163 4772 9163 4508 9164 4510 9164 4772 9164 4772 9165 4510 9165 4773 9165 4510 9166 4512 9166 4773 9166 4773 9167 4512 9167 4774 9167 4512 9168 4514 9168 4774 9168 4774 9169 4514 9169 4775 9169 4514 9170 4516 9170 4775 9170 4775 9171 4516 9171 4776 9171 4516 9172 4518 9172 4776 9172 4776 9173 4518 9173 4777 9173 4518 9174 4520 9174 4777 9174 4777 9175 4520 9175 4778 9175 4520 9176 4522 9176 4778 9176 4778 9177 4522 9177 4779 9177 4522 9178 4524 9178 4779 9178 4779 9179 4524 9179 4780 9179 4524 9180 4526 9180 4780 9180 4780 9181 4526 9181 4781 9181 4526 9182 4528 9182 4781 9182 4781 9183 4528 9183 4782 9183 4528 9184 4530 9184 4782 9184 4782 9185 4530 9185 4783 9185 4530 9186 4532 9186 4783 9186 4783 9187 4532 9187 4784 9187 4532 9188 4534 9188 4784 9188 4784 9189 4534 9189 4785 9189 4534 9190 4536 9190 4785 9190 4785 9191 4536 9191 4786 9191 4536 9192 4538 9192 4786 9192 4786 9193 4538 9193 4787 9193 4538 9194 4540 9194 4787 9194 4787 9195 4540 9195 4736 9195 4540 9196 4542 9196 4736 9196 4736 9197 4542 9197 4544 9197 4577 9198 4575 9198 4788 9198 4467 9199 4465 9199 4788 9199 4465 9200 4463 9200 4788 9200 4788 9201 4463 9201 4577 9201 4473 9202 4471 9202 4788 9202 4471 9203 4469 9203 4788 9203 4788 9204 4469 9204 4467 9204 4479 9205 4477 9205 4788 9205 4477 9206 4475 9206 4788 9206 4788 9207 4475 9207 4473 9207 4485 9208 4483 9208 4788 9208 4483 9209 4481 9209 4788 9209 4788 9210 4481 9210 4479 9210 4491 9211 4489 9211 4788 9211 4489 9212 4487 9212 4788 9212 4788 9213 4487 9213 4485 9213 4497 9214 4495 9214 4788 9214 4495 9215 4493 9215 4788 9215 4788 9216 4493 9216 4491 9216 4503 9217 4501 9217 4788 9217 4501 9218 4499 9218 4788 9218 4788 9219 4499 9219 4497 9219 4509 9220 4507 9220 4788 9220 4507 9221 4505 9221 4788 9221 4788 9222 4505 9222 4503 9222 4515 9223 4513 9223 4788 9223 4513 9224 4511 9224 4788 9224 4788 9225 4511 9225 4509 9225 4521 9226 4519 9226 4788 9226 4519 9227 4517 9227 4788 9227 4788 9228 4517 9228 4515 9228 4527 9229 4525 9229 4788 9229 4525 9230 4523 9230 4788 9230 4788 9231 4523 9231 4521 9231 4533 9232 4531 9232 4788 9232 4531 9233 4529 9233 4788 9233 4788 9234 4529 9234 4527 9234 4539 9235 4537 9235 4788 9235 4537 9236 4535 9236 4788 9236 4788 9237 4535 9237 4533 9237 4545 9238 4543 9238 4788 9238 4543 9239 4541 9239 4788 9239 4788 9240 4541 9240 4539 9240 4551 9241 4549 9241 4788 9241 4549 9242 4547 9242 4788 9242 4788 9243 4547 9243 4545 9243 4557 9244 4555 9244 4788 9244 4555 9245 4553 9245 4788 9245 4788 9246 4553 9246 4551 9246 4563 9247 4561 9247 4788 9247 4561 9248 4559 9248 4788 9248 4788 9249 4559 9249 4557 9249 4569 9250 4567 9250 4788 9250 4567 9251 4565 9251 4788 9251 4788 9252 4565 9252 4563 9252 4575 9253 4573 9253 4788 9253 4573 9254 4571 9254 4788 9254 4788 9255 4571 9255 4569 9255 4674 9256 4414 9256 4672 9256 4414 9257 4416 9257 4672 9257 4672 9258 4416 9258 4670 9258 4678 9259 4408 9259 4676 9259 4408 9260 4410 9260 4676 9260 4676 9261 4410 9261 4674 9261 4410 9262 4412 9262 4674 9262 4674 9263 4412 9263 4414 9263 4416 9264 4242 9264 4670 9264 4242 9265 4244 9265 4670 9265 4670 9266 4244 9266 4668 9266 4244 9267 4246 9267 4668 9267 4668 9268 4246 9268 4666 9268 4728 9269 4332 9269 4726 9269 4332 9270 4334 9270 4726 9270 4726 9271 4334 9271 4724 9271 4702 9272 4704 9272 4368 9272 4686 9273 4396 9273 4684 9273 4396 9274 4398 9274 4684 9274 4684 9275 4398 9275 4682 9275 4246 9276 4248 9276 4666 9276 4248 9277 4250 9277 4666 9277 4666 9278 4250 9278 4664 9278 4250 9279 4252 9279 4664 9279 4664 9280 4252 9280 4662 9280 4658 9281 4262 9281 4656 9281 4262 9282 4264 9282 4656 9282 4656 9283 4264 9283 4654 9283 4252 9284 4254 9284 4662 9284 4254 9285 4256 9285 4662 9285 4662 9286 4256 9286 4660 9286 4256 9287 4258 9287 4660 9287 4660 9288 4258 9288 4658 9288 4258 9289 4260 9289 4658 9289 4658 9290 4260 9290 4262 9290 4334 9291 4336 9291 4724 9291 4336 9292 4338 9292 4724 9292 4724 9293 4338 9293 4722 9293 4338 9294 4340 9294 4722 9294 4722 9295 4340 9295 4720 9295 4368 9296 4370 9296 4702 9296 4370 9297 4372 9297 4702 9297 4702 9298 4372 9298 4700 9298 4372 9299 4374 9299 4700 9299 4700 9300 4374 9300 4698 9300 4264 9301 4266 9301 4654 9301 4266 9302 4268 9302 4654 9302 4654 9303 4268 9303 4652 9303 4268 9304 4270 9304 4652 9304 4652 9305 4270 9305 4650 9305 4644 9306 4284 9306 4642 9306 4284 9307 4286 9307 4642 9307 4642 9308 4286 9308 4640 9308 4616 9309 4326 9309 4614 9309 4326 9310 4328 9310 4614 9310 4614 9311 4328 9311 4728 9311 4328 9312 4330 9312 4728 9312 4728 9313 4330 9313 4332 9313 4340 9314 4342 9314 4720 9314 4342 9315 4344 9315 4720 9315 4720 9316 4344 9316 4718 9316 4344 9317 4346 9317 4718 9317 4718 9318 4346 9318 4716 9318 4694 9319 4384 9319 4692 9319 4384 9320 4386 9320 4692 9320 4692 9321 4386 9321 4690 9321 4386 9322 4388 9322 4690 9322 4388 9323 4390 9323 4690 9323 4690 9324 4390 9324 4688 9324 4390 9325 4392 9325 4688 9325 4688 9326 4392 9326 4686 9326 4392 9327 4394 9327 4686 9327 4686 9328 4394 9328 4396 9328 4270 9329 4272 9329 4650 9329 4272 9330 4274 9330 4650 9330 4650 9331 4274 9331 4648 9331 4274 9332 4276 9332 4648 9332 4648 9333 4276 9333 4646 9333 4276 9334 4278 9334 4646 9334 4278 9335 4280 9335 4646 9335 4646 9336 4280 9336 4644 9336 4280 9337 4282 9337 4644 9337 4644 9338 4282 9338 4284 9338 4286 9339 4288 9339 4640 9339 4288 9340 4290 9340 4640 9340 4640 9341 4290 9341 4638 9341 4290 9342 4292 9342 4638 9342 4638 9343 4292 9343 4636 9343 4346 9344 4348 9344 4716 9344 4348 9345 4350 9345 4716 9345 4716 9346 4350 9346 4714 9346 4350 9347 4352 9347 4714 9347 4714 9348 4352 9348 4712 9348 4374 9349 4376 9349 4698 9349 4376 9350 4378 9350 4698 9350 4698 9351 4378 9351 4696 9351 4378 9352 4380 9352 4696 9352 4696 9353 4380 9353 4694 9353 4380 9354 4382 9354 4694 9354 4694 9355 4382 9355 4384 9355 4398 9356 4400 9356 4682 9356 4400 9357 4402 9357 4682 9357 4682 9358 4402 9358 4680 9358 4402 9359 4404 9359 4680 9359 4680 9360 4404 9360 4678 9360 4404 9361 4406 9361 4678 9361 4678 9362 4406 9362 4408 9362 4620 9363 4320 9363 4618 9363 4320 9364 4322 9364 4618 9364 4618 9365 4322 9365 4616 9365 4322 9366 4324 9366 4616 9366 4616 9367 4324 9367 4326 9367 4352 9368 4354 9368 4712 9368 4354 9369 4356 9369 4712 9369 4712 9370 4356 9370 4710 9370 4356 9371 4358 9371 4710 9371 4710 9372 4358 9372 4708 9372 4358 9373 4360 9373 4708 9373 4360 9374 4362 9374 4708 9374 4708 9375 4362 9375 4706 9375 4362 9376 4364 9376 4706 9376 4706 9377 4364 9377 4704 9377 4364 9378 4366 9378 4704 9378 4704 9379 4366 9379 4368 9379 4292 9380 4294 9380 4636 9380 4294 9381 4296 9381 4636 9381 4636 9382 4296 9382 4634 9382 4296 9383 4298 9383 4634 9383 4634 9384 4298 9384 4632 9384 4628 9385 4308 9385 4626 9385 4308 9386 4310 9386 4626 9386 4626 9387 4310 9387 4624 9387 4310 9388 4312 9388 4624 9388 4312 9389 4314 9389 4624 9389 4624 9390 4314 9390 4622 9390 4314 9391 4316 9391 4622 9391 4622 9392 4316 9392 4620 9392 4316 9393 4318 9393 4620 9393 4620 9394 4318 9394 4320 9394 4298 9395 4300 9395 4632 9395 4300 9396 4302 9396 4632 9396 4632 9397 4302 9397 4630 9397 4302 9398 4304 9398 4630 9398 4630 9399 4304 9399 4628 9399 4304 9400 4306 9400 4628 9400 4628 9401 4306 9401 4308 9401 4789 9402 4790 9402 4613 9402 4791 9403 4792 9403 4612 9403 4793 9404 4794 9404 4733 9404 4792 9405 4795 9405 4612 9405 4795 9406 4796 9406 4612 9406 4612 9407 4796 9407 4797 9407 4798 9408 4799 9408 4732 9408 4797 9409 4800 9409 4612 9409 4800 9410 4801 9410 4612 9410 4612 9411 4801 9411 4802 9411 4802 9412 4803 9412 4612 9412 4803 9413 4804 9413 4612 9413 4612 9414 4804 9414 4613 9414 4804 9415 4805 9415 4613 9415 4613 9416 4805 9416 4789 9416 4806 9417 4807 9417 4808 9417 4807 9418 4809 9418 4808 9418 4810 9419 4811 9419 4812 9419 4813 9420 4814 9420 4808 9420 4814 9421 4815 9421 4808 9421 4808 9422 4815 9422 4806 9422 4793 9423 4733 9423 4816 9423 4817 9424 4812 9424 4818 9424 4812 9425 4819 9425 4818 9425 4811 9426 4820 9426 4812 9426 4820 9427 4821 9427 4812 9427 4812 9428 4821 9428 4819 9428 4794 9429 4822 9429 4733 9429 4822 9430 4823 9430 4733 9430 4733 9431 4823 9431 4824 9431 4799 9432 4825 9432 4732 9432 4825 9433 4826 9433 4732 9433 4732 9434 4826 9434 4827 9434 4817 9435 4828 9435 4812 9435 4828 9436 4829 9436 4812 9436 4812 9437 4829 9437 4612 9437 4829 9438 4830 9438 4612 9438 4612 9439 4830 9439 4791 9439 4809 9440 4831 9440 4808 9440 4831 9441 4832 9441 4808 9441 4808 9442 4832 9442 4812 9442 4832 9443 4833 9443 4812 9443 4812 9444 4833 9444 4810 9444 4827 9445 4834 9445 4732 9445 4834 9446 4835 9446 4732 9446 4732 9447 4835 9447 4836 9447 4836 9448 4837 9448 4732 9448 4837 9449 4838 9449 4732 9449 4732 9450 4838 9450 4733 9450 4838 9451 4839 9451 4733 9451 4733 9452 4839 9452 4816 9452 4790 9453 4840 9453 4613 9453 4840 9454 4841 9454 4613 9454 4613 9455 4841 9455 4842 9455 4842 9456 4843 9456 4613 9456 4843 9457 4844 9457 4613 9457 4613 9458 4844 9458 4732 9458 4844 9459 4845 9459 4732 9459 4732 9460 4845 9460 4798 9460 4824 9461 4846 9461 4733 9461 4846 9462 4847 9462 4733 9462 4733 9463 4847 9463 4808 9463 4847 9464 4848 9464 4808 9464 4808 9465 4848 9465 4813 9465 4438 9466 4781 9466 4437 9466 4781 9467 4782 9467 4437 9467 4437 9468 4782 9468 4436 9468 4782 9469 4783 9469 4436 9469 4436 9470 4783 9470 4435 9470 4783 9471 4784 9471 4435 9471 4784 9472 4785 9472 4435 9472 4435 9473 4785 9473 4434 9473 4785 9474 4786 9474 4434 9474 4434 9475 4786 9475 4433 9475 4786 9476 4787 9476 4433 9476 4433 9477 4787 9477 4432 9477 4787 9478 4736 9478 4432 9478 4432 9479 4736 9479 4431 9479 4736 9480 4737 9480 4431 9480 4431 9481 4737 9481 4430 9481 4737 9482 4738 9482 4430 9482 4430 9483 4738 9483 4429 9483 4738 9484 4739 9484 4429 9484 4429 9485 4739 9485 4428 9485 4739 9486 4740 9486 4428 9486 4428 9487 4740 9487 4427 9487 4740 9488 4741 9488 4427 9488 4427 9489 4741 9489 4426 9489 4741 9490 4742 9490 4426 9490 4426 9491 4742 9491 4425 9491 4742 9492 4743 9492 4425 9492 4425 9493 4743 9493 4424 9493 4743 9494 4744 9494 4424 9494 4424 9495 4744 9495 4423 9495 4744 9496 4745 9496 4423 9496 4745 9497 4746 9497 4423 9497 4423 9498 4746 9498 4422 9498 4746 9499 4747 9499 4422 9499 4422 9500 4747 9500 4421 9500 4747 9501 4748 9501 4421 9501 4421 9502 4748 9502 4420 9502 4748 9503 4749 9503 4420 9503 4749 9504 4750 9504 4420 9504 4420 9505 4750 9505 4418 9505 4750 9506 4751 9506 4418 9506 4418 9507 4751 9507 4419 9507 4751 9508 4752 9508 4419 9508 4419 9509 4752 9509 4461 9509 4752 9510 4753 9510 4461 9510 4461 9511 4753 9511 4460 9511 4753 9512 4754 9512 4460 9512 4754 9513 4755 9513 4460 9513 4460 9514 4755 9514 4459 9514 4755 9515 4756 9515 4459 9515 4459 9516 4756 9516 4458 9516 4756 9517 4757 9517 4458 9517 4458 9518 4757 9518 4457 9518 4757 9519 4758 9519 4457 9519 4758 9520 4759 9520 4457 9520 4457 9521 4759 9521 4456 9521 4759 9522 4760 9522 4456 9522 4456 9523 4760 9523 4455 9523 4760 9524 4761 9524 4455 9524 4455 9525 4761 9525 4454 9525 4761 9526 4762 9526 4454 9526 4454 9527 4762 9527 4453 9527 4762 9528 4763 9528 4453 9528 4453 9529 4763 9529 4452 9529 4763 9530 4764 9530 4452 9530 4452 9531 4764 9531 4451 9531 4764 9532 4765 9532 4451 9532 4451 9533 4765 9533 4450 9533 4765 9534 4766 9534 4450 9534 4450 9535 4766 9535 4449 9535 4766 9536 4767 9536 4449 9536 4449 9537 4767 9537 4448 9537 4767 9538 4768 9538 4448 9538 4448 9539 4768 9539 4447 9539 4768 9540 4769 9540 4447 9540 4447 9541 4769 9541 4446 9541 4769 9542 4770 9542 4446 9542 4446 9543 4770 9543 4445 9543 4770 9544 4771 9544 4445 9544 4771 9545 4772 9545 4445 9545 4445 9546 4772 9546 4444 9546 4772 9547 4773 9547 4444 9547 4444 9548 4773 9548 4443 9548 4773 9549 4774 9549 4443 9549 4443 9550 4774 9550 4442 9550 4774 9551 4775 9551 4442 9551 4775 9552 4776 9552 4442 9552 4442 9553 4776 9553 4441 9553 4776 9554 4777 9554 4441 9554 4441 9555 4777 9555 4440 9555 4777 9556 4778 9556 4440 9556 4440 9557 4778 9557 4439 9557 4778 9558 4779 9558 4439 9558 4439 9559 4779 9559 4438 9559 4779 9560 4780 9560 4438 9560 4438 9561 4780 9561 4781 9561 4729 9562 4849 9562 4615 9562 4849 9563 4850 9563 4615 9563 4615 9564 4850 9564 4617 9564 4850 9565 4851 9565 4617 9565 4617 9566 4851 9566 4619 9566 4851 9567 4852 9567 4619 9567 4619 9568 4852 9568 4621 9568 4852 9569 4853 9569 4621 9569 4621 9570 4853 9570 4623 9570 4853 9571 4854 9571 4623 9571 4623 9572 4854 9572 4625 9572 4854 9573 4855 9573 4625 9573 4625 9574 4855 9574 4627 9574 4855 9575 4856 9575 4627 9575 4627 9576 4856 9576 4629 9576 4856 9577 4857 9577 4629 9577 4629 9578 4857 9578 4631 9578 4857 9579 4858 9579 4631 9579 4631 9580 4858 9580 4633 9580 4858 9581 4859 9581 4633 9581 4633 9582 4859 9582 4635 9582 4859 9583 4860 9583 4635 9583 4635 9584 4860 9584 4637 9584 4860 9585 4861 9585 4637 9585 4637 9586 4861 9586 4639 9586 4861 9587 4862 9587 4639 9587 4639 9588 4862 9588 4641 9588 4862 9589 4863 9589 4641 9589 4641 9590 4863 9590 4643 9590 4863 9591 4864 9591 4643 9591 4643 9592 4864 9592 4645 9592 4864 9593 4865 9593 4645 9593 4645 9594 4865 9594 4647 9594 4865 9595 4866 9595 4647 9595 4647 9596 4866 9596 4649 9596 4866 9597 4867 9597 4649 9597 4649 9598 4867 9598 4651 9598 4867 9599 4868 9599 4651 9599 4651 9600 4868 9600 4653 9600 4868 9601 4869 9601 4653 9601 4653 9602 4869 9602 4655 9602 4869 9603 4870 9603 4655 9603 4655 9604 4870 9604 4657 9604 4870 9605 4871 9605 4657 9605 4657 9606 4871 9606 4659 9606 4871 9607 4872 9607 4659 9607 4659 9608 4872 9608 4661 9608 4872 9609 4873 9609 4661 9609 4661 9610 4873 9610 4663 9610 4873 9611 4874 9611 4663 9611 4663 9612 4874 9612 4665 9612 4874 9613 4875 9613 4665 9613 4665 9614 4875 9614 4667 9614 4875 9615 4876 9615 4667 9615 4667 9616 4876 9616 4669 9616 4876 9617 4877 9617 4669 9617 4669 9618 4877 9618 4671 9618 4877 9619 4878 9619 4671 9619 4671 9620 4878 9620 4673 9620 4878 9621 4879 9621 4673 9621 4673 9622 4879 9622 4675 9622 4879 9623 4880 9623 4675 9623 4675 9624 4880 9624 4677 9624 4880 9625 4881 9625 4677 9625 4677 9626 4881 9626 4679 9626 4881 9627 4882 9627 4679 9627 4679 9628 4882 9628 4681 9628 4882 9629 4883 9629 4681 9629 4681 9630 4883 9630 4683 9630 4883 9631 4884 9631 4683 9631 4683 9632 4884 9632 4685 9632 4884 9633 4885 9633 4685 9633 4685 9634 4885 9634 4687 9634 4885 9635 4886 9635 4687 9635 4687 9636 4886 9636 4689 9636 4886 9637 4887 9637 4689 9637 4689 9638 4887 9638 4691 9638 4887 9639 4888 9639 4691 9639 4691 9640 4888 9640 4693 9640 4888 9641 4889 9641 4693 9641 4693 9642 4889 9642 4695 9642 4889 9643 4890 9643 4695 9643 4695 9644 4890 9644 4697 9644 4890 9645 4891 9645 4697 9645 4697 9646 4891 9646 4699 9646 4891 9647 4892 9647 4699 9647 4699 9648 4892 9648 4701 9648 4892 9649 4893 9649 4701 9649 4701 9650 4893 9650 4703 9650 4893 9651 4894 9651 4703 9651 4703 9652 4894 9652 4705 9652 4894 9653 4895 9653 4705 9653 4705 9654 4895 9654 4707 9654 4895 9655 4896 9655 4707 9655 4707 9656 4896 9656 4709 9656 4896 9657 4897 9657 4709 9657 4709 9658 4897 9658 4711 9658 4897 9659 4898 9659 4711 9659 4711 9660 4898 9660 4713 9660 4898 9661 4899 9661 4713 9661 4713 9662 4899 9662 4715 9662 4899 9663 4900 9663 4715 9663 4715 9664 4900 9664 4717 9664 4900 9665 4901 9665 4717 9665 4717 9666 4901 9666 4719 9666 4901 9667 4902 9667 4719 9667 4719 9668 4902 9668 4721 9668 4902 9669 4903 9669 4721 9669 4721 9670 4903 9670 4723 9670 4903 9671 4904 9671 4723 9671 4723 9672 4904 9672 4725 9672 4904 9673 4905 9673 4725 9673 4725 9674 4905 9674 4727 9674 4905 9675 4906 9675 4727 9675 4727 9676 4906 9676 4729 9676 4906 9677 4849 9677 4729 9677 4906 9678 4815 9678 4849 9678 4815 9679 4814 9679 4849 9679 4849 9680 4814 9680 4850 9680 4814 9681 4813 9681 4850 9681 4850 9682 4813 9682 4851 9682 4813 9683 4848 9683 4851 9683 4851 9684 4848 9684 4852 9684 4848 9685 4847 9685 4852 9685 4852 9686 4847 9686 4853 9686 4847 9687 4846 9687 4853 9687 4853 9688 4846 9688 4854 9688 4846 9689 4824 9689 4854 9689 4854 9690 4824 9690 4855 9690 4824 9691 4823 9691 4855 9691 4855 9692 4823 9692 4856 9692 4823 9693 4822 9693 4856 9693 4856 9694 4822 9694 4857 9694 4822 9695 4794 9695 4857 9695 4857 9696 4794 9696 4858 9696 4794 9697 4793 9697 4858 9697 4858 9698 4793 9698 4859 9698 4793 9699 4816 9699 4859 9699 4859 9700 4816 9700 4860 9700 4816 9701 4839 9701 4860 9701 4860 9702 4839 9702 4861 9702 4839 9703 4838 9703 4861 9703 4861 9704 4838 9704 4862 9704 4838 9705 4837 9705 4862 9705 4862 9706 4837 9706 4863 9706 4837 9707 4836 9707 4863 9707 4863 9708 4836 9708 4864 9708 4836 9709 4835 9709 4864 9709 4864 9710 4835 9710 4865 9710 4835 9711 4834 9711 4865 9711 4865 9712 4834 9712 4866 9712 4834 9713 4827 9713 4866 9713 4866 9714 4827 9714 4867 9714 4827 9715 4826 9715 4867 9715 4867 9716 4826 9716 4868 9716 4826 9717 4825 9717 4868 9717 4868 9718 4825 9718 4869 9718 4825 9719 4799 9719 4869 9719 4869 9720 4799 9720 4870 9720 4799 9721 4798 9721 4870 9721 4870 9722 4798 9722 4871 9722 4798 9723 4845 9723 4871 9723 4871 9724 4845 9724 4872 9724 4845 9725 4844 9725 4872 9725 4872 9726 4844 9726 4873 9726 4844 9727 4843 9727 4873 9727 4873 9728 4843 9728 4874 9728 4843 9729 4842 9729 4874 9729 4874 9730 4842 9730 4875 9730 4842 9731 4841 9731 4875 9731 4875 9732 4841 9732 4876 9732 4841 9733 4840 9733 4876 9733 4876 9734 4840 9734 4877 9734 4840 9735 4790 9735 4877 9735 4877 9736 4790 9736 4878 9736 4790 9737 4789 9737 4878 9737 4878 9738 4789 9738 4879 9738 4789 9739 4805 9739 4879 9739 4879 9740 4805 9740 4880 9740 4805 9741 4804 9741 4880 9741 4880 9742 4804 9742 4881 9742 4804 9743 4803 9743 4881 9743 4881 9744 4803 9744 4882 9744 4803 9745 4802 9745 4882 9745 4882 9746 4802 9746 4883 9746 4802 9747 4801 9747 4883 9747 4883 9748 4801 9748 4884 9748 4801 9749 4800 9749 4884 9749 4884 9750 4800 9750 4885 9750 4800 9751 4797 9751 4885 9751 4885 9752 4797 9752 4886 9752 4797 9753 4796 9753 4886 9753 4886 9754 4796 9754 4887 9754 4796 9755 4795 9755 4887 9755 4887 9756 4795 9756 4888 9756 4795 9757 4792 9757 4888 9757 4888 9758 4792 9758 4889 9758 4792 9759 4791 9759 4889 9759 4889 9760 4791 9760 4890 9760 4791 9761 4830 9761 4890 9761 4890 9762 4830 9762 4891 9762 4830 9763 4829 9763 4891 9763 4891 9764 4829 9764 4892 9764 4829 9765 4828 9765 4892 9765 4892 9766 4828 9766 4893 9766 4828 9767 4817 9767 4893 9767 4893 9768 4817 9768 4894 9768 4817 9769 4818 9769 4894 9769 4894 9770 4818 9770 4895 9770 4818 9771 4819 9771 4895 9771 4895 9772 4819 9772 4896 9772 4819 9773 4821 9773 4896 9773 4896 9774 4821 9774 4897 9774 4821 9775 4820 9775 4897 9775 4897 9776 4820 9776 4898 9776 4820 9777 4811 9777 4898 9777 4898 9778 4811 9778 4899 9778 4811 9779 4810 9779 4899 9779 4899 9780 4810 9780 4900 9780 4810 9781 4833 9781 4900 9781 4900 9782 4833 9782 4901 9782 4833 9783 4832 9783 4901 9783 4901 9784 4832 9784 4902 9784 4832 9785 4831 9785 4902 9785 4902 9786 4831 9786 4903 9786 4831 9787 4809 9787 4903 9787 4903 9788 4809 9788 4904 9788 4809 9789 4807 9789 4904 9789 4904 9790 4807 9790 4905 9790 4807 9791 4806 9791 4905 9791 4905 9792 4806 9792 4906 9792 4806 9793 4815 9793 4906 9793 4610 9794 4613 9794 4582 9794 4613 9795 4732 9795 4582 9795 4582 9796 4732 9796 4731 9796 4734 9797 4733 9797 4592 9797 4733 9798 4808 9798 4592 9798 4592 9799 4808 9799 4735 9799 4735 9800 4808 9800 4597 9800 4808 9801 4812 9801 4597 9801 4597 9802 4812 9802 4730 9802 4730 9803 4812 9803 4602 9803 4812 9804 4612 9804 4602 9804 4602 9805 4612 9805 4611 9805 4907 9806 4908 9806 4909 9806 4908 9807 4910 9807 4909 9807 4909 9808 4910 9808 4911 9808 4910 9809 4912 9809 4911 9809 4911 9810 4912 9810 4913 9810 4912 9811 4914 9811 4913 9811 4913 9812 4914 9812 4915 9812 4914 9813 4916 9813 4915 9813 4915 9814 4916 9814 4917 9814 4916 9815 4918 9815 4917 9815 4917 9816 4918 9816 4919 9816 4918 9817 4920 9817 4919 9817 4919 9818 4920 9818 4921 9818 4920 9819 4922 9819 4921 9819 4921 9820 4922 9820 4923 9820 4922 9821 4924 9821 4923 9821 4923 9822 4924 9822 4925 9822 4924 9823 4926 9823 4925 9823 4925 9824 4926 9824 4927 9824 4926 9825 4928 9825 4927 9825 4927 9826 4928 9826 4929 9826 4928 9827 4930 9827 4929 9827 4929 9828 4930 9828 4931 9828 4930 9829 4932 9829 4931 9829 4931 9830 4932 9830 4933 9830 4932 9831 4934 9831 4933 9831 4933 9832 4934 9832 4935 9832 4934 9833 4936 9833 4935 9833 4935 9834 4936 9834 4937 9834 4936 9835 4938 9835 4937 9835 4939 9836 4940 9836 4941 9836 4942 9837 4943 9837 4944 9837 4945 9838 4946 9838 4947 9838 4946 9839 4948 9839 4947 9839 4947 9840 4948 9840 4949 9840 4948 9841 4950 9841 4949 9841 4949 9842 4950 9842 4951 9842 4950 9843 4952 9843 4951 9843 4951 9844 4952 9844 4953 9844 4952 9845 4954 9845 4953 9845 4953 9846 4954 9846 4955 9846 4954 9847 4956 9847 4955 9847 4944 9848 4943 9848 4957 9848 4943 9849 4958 9849 4957 9849 4958 9850 4959 9850 4957 9850 4957 9851 4959 9851 4956 9851 4959 9852 4960 9852 4956 9852 4956 9853 4960 9853 4955 9853 4961 9854 4962 9854 4963 9854 4962 9855 4964 9855 4963 9855 4963 9856 4964 9856 4965 9856 4961 9857 4966 9857 4962 9857 4966 9858 4967 9858 4962 9858 4962 9859 4967 9859 4944 9859 4967 9860 4968 9860 4944 9860 4944 9861 4968 9861 4942 9861 4965 9862 4964 9862 4969 9862 4964 9863 4970 9863 4969 9863 4969 9864 4970 9864 4971 9864 4970 9865 4972 9865 4971 9865 4971 9866 4972 9866 4973 9866 4941 9867 4940 9867 4974 9867 4940 9868 4975 9868 4974 9868 4975 9869 4976 9869 4974 9869 4974 9870 4976 9870 4972 9870 4976 9871 4977 9871 4972 9871 4972 9872 4977 9872 4973 9872 4978 9873 4979 9873 4980 9873 4980 9874 4981 9874 4978 9874 4981 9875 4982 9875 4978 9875 4978 9876 4982 9876 4941 9876 4982 9877 4983 9877 4941 9877 4941 9878 4983 9878 4939 9878 4942 9879 4968 9879 4984 9879 4966 9880 4961 9880 4985 9880 4939 9881 4983 9881 4986 9881 4983 9882 4982 9882 4986 9882 4986 9883 4982 9883 4987 9883 4982 9884 4981 9884 4987 9884 4987 9885 4981 9885 4980 9885 4988 9886 4989 9886 4977 9886 4977 9887 4976 9887 4988 9887 4976 9888 4975 9888 4988 9888 4988 9889 4975 9889 4986 9889 4975 9890 4940 9890 4986 9890 4986 9891 4940 9891 4939 9891 4985 9892 4961 9892 4990 9892 4961 9893 4963 9893 4990 9893 4990 9894 4963 9894 4965 9894 4965 9895 4969 9895 4990 9895 4969 9896 4971 9896 4990 9896 4990 9897 4971 9897 4989 9897 4971 9898 4973 9898 4989 9898 4989 9899 4973 9899 4977 9899 4984 9900 4968 9900 4985 9900 4968 9901 4967 9901 4985 9901 4985 9902 4967 9902 4966 9902 4991 9903 4955 9903 4992 9903 4955 9904 4960 9904 4992 9904 4960 9905 4959 9905 4992 9905 4959 9906 4958 9906 4992 9906 4992 9907 4958 9907 4984 9907 4958 9908 4943 9908 4984 9908 4984 9909 4943 9909 4942 9909 4993 9910 4994 9910 4995 9910 4996 9911 4997 9911 4998 9911 4999 9912 5000 9912 5001 9912 5002 9913 5003 9913 5004 9913 5005 9914 5006 9914 5007 9914 5008 9915 5009 9915 5010 9915 5011 9916 5012 9916 5013 9916 5013 9917 5012 9917 5014 9917 5012 9918 5015 9918 5014 9918 5014 9919 5015 9919 5016 9919 5016 9920 5015 9920 5017 9920 5015 9921 5018 9921 5017 9921 5017 9922 5018 9922 5019 9922 5019 9923 5018 9923 5020 9923 5018 9924 5021 9924 5020 9924 5020 9925 5021 9925 5022 9925 5022 9926 5021 9926 5023 9926 5021 9927 5024 9927 5023 9927 5023 9928 5024 9928 5025 9928 5025 9929 5024 9929 5026 9929 5024 9930 5027 9930 5026 9930 5026 9931 5027 9931 5028 9931 5028 9932 5027 9932 5029 9932 5027 9933 5010 9933 5029 9933 5029 9934 5010 9934 5030 9934 5031 9935 5032 9935 5033 9935 5030 9936 5010 9936 5033 9936 5010 9937 5009 9937 5033 9937 5033 9938 5009 9938 5031 9938 5006 9939 5008 9939 5007 9939 5008 9940 5010 9940 5007 9940 5007 9941 5010 9941 5034 9941 5010 9942 5027 9942 5034 9942 5034 9943 5027 9943 5035 9943 5027 9944 5024 9944 5035 9944 5035 9945 5024 9945 5036 9945 5024 9946 5021 9946 5036 9946 5036 9947 5021 9947 5037 9947 5021 9948 5018 9948 5037 9948 5037 9949 5018 9949 5038 9949 5018 9950 5015 9950 5038 9950 5038 9951 5015 9951 5039 9951 5015 9952 5012 9952 5039 9952 5039 9953 5012 9953 5011 9953 5003 9954 5005 9954 5004 9954 5005 9955 5007 9955 5004 9955 5004 9956 5007 9956 5040 9956 5007 9957 5034 9957 5040 9957 5040 9958 5034 9958 5041 9958 5034 9959 5035 9959 5041 9959 5041 9960 5035 9960 5042 9960 5035 9961 5036 9961 5042 9961 5042 9962 5036 9962 5043 9962 5036 9963 5037 9963 5043 9963 5043 9964 5037 9964 5044 9964 5037 9965 5038 9965 5044 9965 5044 9966 5038 9966 5045 9966 5038 9967 5039 9967 5045 9967 5045 9968 5039 9968 5011 9968 5000 9969 5002 9969 5001 9969 5002 9970 5004 9970 5001 9970 5001 9971 5004 9971 5046 9971 5004 9972 5040 9972 5046 9972 5046 9973 5040 9973 5047 9973 5040 9974 5041 9974 5047 9974 5047 9975 5041 9975 5048 9975 5041 9976 5042 9976 5048 9976 5048 9977 5042 9977 5049 9977 5042 9978 5043 9978 5049 9978 5049 9979 5043 9979 5050 9979 5043 9980 5044 9980 5050 9980 5050 9981 5044 9981 5051 9981 5044 9982 5045 9982 5051 9982 5051 9983 5045 9983 5011 9983 4997 9984 4999 9984 4998 9984 4999 9985 5001 9985 4998 9985 4998 9986 5001 9986 5052 9986 5001 9987 5046 9987 5052 9987 5052 9988 5046 9988 5053 9988 5046 9989 5047 9989 5053 9989 5053 9990 5047 9990 5054 9990 5047 9991 5048 9991 5054 9991 5054 9992 5048 9992 5055 9992 5048 9993 5049 9993 5055 9993 5055 9994 5049 9994 5056 9994 5049 9995 5050 9995 5056 9995 5056 9996 5050 9996 5057 9996 5050 9997 5051 9997 5057 9997 5057 9998 5051 9998 5011 9998 4994 9999 4996 9999 4995 9999 4996 10000 4998 10000 4995 10000 4995 10001 4998 10001 5058 10001 4998 10002 5052 10002 5058 10002 5058 10003 5052 10003 5059 10003 5052 10004 5053 10004 5059 10004 5059 10005 5053 10005 5060 10005 5053 10006 5054 10006 5060 10006 5060 10007 5054 10007 5061 10007 5054 10008 5055 10008 5061 10008 5061 10009 5055 10009 5062 10009 5055 10010 5056 10010 5062 10010 5062 10011 5056 10011 5063 10011 5056 10012 5057 10012 5063 10012 5063 10013 5057 10013 5011 10013 5064 10014 4993 10014 5065 10014 4993 10015 4995 10015 5065 10015 5065 10016 4995 10016 5066 10016 4995 10017 5058 10017 5066 10017 5066 10018 5058 10018 5067 10018 5058 10019 5059 10019 5067 10019 5067 10020 5059 10020 5068 10020 5059 10021 5060 10021 5068 10021 5068 10022 5060 10022 5069 10022 5060 10023 5061 10023 5069 10023 5069 10024 5061 10024 5070 10024 5061 10025 5062 10025 5070 10025 5070 10026 5062 10026 5071 10026 5062 10027 5063 10027 5071 10027 5071 10028 5063 10028 5011 10028 5011 10029 5072 10029 5073 10029 5011 10030 5073 10030 5071 10030 5073 10031 5074 10031 5071 10031 5071 10032 5074 10032 5070 10032 5074 10033 5075 10033 5070 10033 5075 10034 5076 10034 5070 10034 5070 10035 5076 10035 5069 10035 5076 10036 5077 10036 5069 10036 5077 10037 5078 10037 5069 10037 5069 10038 5078 10038 5068 10038 5078 10039 5079 10039 5068 10039 5079 10040 5080 10040 5068 10040 5068 10041 5080 10041 5067 10041 5080 10042 5081 10042 5067 10042 5081 10043 5082 10043 5067 10043 5067 10044 5082 10044 5066 10044 5082 10045 5083 10045 5066 10045 5083 10046 5084 10046 5066 10046 5066 10047 5084 10047 5065 10047 5084 10048 5085 10048 5065 10048 5085 10049 5086 10049 5065 10049 5065 10050 5086 10050 5064 10050 5085 10051 5084 10051 5087 10051 5083 10052 5082 10052 5088 10052 5081 10053 5080 10053 5089 10053 5079 10054 5078 10054 5090 10054 5077 10055 5076 10055 5091 10055 5075 10056 5074 10056 5092 10056 5073 10057 5072 10057 5093 10057 5074 10058 5073 10058 5092 10058 5073 10059 5093 10059 5092 10059 5092 10060 5093 10060 5094 10060 5093 10061 5095 10061 5094 10061 5094 10062 5095 10062 5096 10062 5095 10063 5097 10063 5096 10063 5096 10064 5097 10064 5098 10064 5097 10065 5099 10065 5098 10065 5098 10066 5099 10066 5100 10066 5099 10067 5101 10067 5100 10067 5100 10068 5101 10068 5102 10068 5101 10069 5103 10069 5102 10069 5102 10070 5103 10070 5104 10070 5103 10071 5105 10071 5104 10071 5104 10072 5105 10072 5106 10072 5076 10073 5075 10073 5091 10073 5075 10074 5092 10074 5091 10074 5091 10075 5092 10075 5107 10075 5092 10076 5094 10076 5107 10076 5107 10077 5094 10077 5108 10077 5094 10078 5096 10078 5108 10078 5108 10079 5096 10079 5109 10079 5096 10080 5098 10080 5109 10080 5109 10081 5098 10081 5110 10081 5098 10082 5100 10082 5110 10082 5110 10083 5100 10083 5111 10083 5100 10084 5102 10084 5111 10084 5111 10085 5102 10085 5112 10085 5102 10086 5104 10086 5112 10086 5112 10087 5104 10087 5106 10087 5078 10088 5077 10088 5090 10088 5077 10089 5091 10089 5090 10089 5090 10090 5091 10090 5113 10090 5091 10091 5107 10091 5113 10091 5113 10092 5107 10092 5114 10092 5107 10093 5108 10093 5114 10093 5114 10094 5108 10094 5115 10094 5108 10095 5109 10095 5115 10095 5115 10096 5109 10096 5116 10096 5109 10097 5110 10097 5116 10097 5116 10098 5110 10098 5117 10098 5110 10099 5111 10099 5117 10099 5117 10100 5111 10100 5118 10100 5111 10101 5112 10101 5118 10101 5118 10102 5112 10102 5106 10102 5080 10103 5079 10103 5089 10103 5079 10104 5090 10104 5089 10104 5089 10105 5090 10105 5119 10105 5090 10106 5113 10106 5119 10106 5119 10107 5113 10107 5120 10107 5113 10108 5114 10108 5120 10108 5120 10109 5114 10109 5121 10109 5114 10110 5115 10110 5121 10110 5121 10111 5115 10111 5122 10111 5115 10112 5116 10112 5122 10112 5122 10113 5116 10113 5123 10113 5116 10114 5117 10114 5123 10114 5123 10115 5117 10115 5124 10115 5117 10116 5118 10116 5124 10116 5124 10117 5118 10117 5106 10117 5082 10118 5081 10118 5088 10118 5081 10119 5089 10119 5088 10119 5088 10120 5089 10120 5125 10120 5089 10121 5119 10121 5125 10121 5125 10122 5119 10122 5126 10122 5119 10123 5120 10123 5126 10123 5126 10124 5120 10124 5127 10124 5120 10125 5121 10125 5127 10125 5127 10126 5121 10126 5128 10126 5121 10127 5122 10127 5128 10127 5128 10128 5122 10128 5129 10128 5122 10129 5123 10129 5129 10129 5129 10130 5123 10130 5130 10130 5123 10131 5124 10131 5130 10131 5130 10132 5124 10132 5106 10132 5084 10133 5083 10133 5087 10133 5083 10134 5088 10134 5087 10134 5087 10135 5088 10135 5131 10135 5088 10136 5125 10136 5131 10136 5131 10137 5125 10137 5132 10137 5125 10138 5126 10138 5132 10138 5132 10139 5126 10139 5133 10139 5126 10140 5127 10140 5133 10140 5133 10141 5127 10141 5134 10141 5127 10142 5128 10142 5134 10142 5134 10143 5128 10143 5135 10143 5128 10144 5129 10144 5135 10144 5135 10145 5129 10145 5136 10145 5129 10146 5130 10146 5136 10146 5136 10147 5130 10147 5106 10147 5086 10148 5085 10148 5137 10148 5085 10149 5087 10149 5137 10149 5137 10150 5087 10150 5138 10150 5087 10151 5131 10151 5138 10151 5138 10152 5131 10152 5139 10152 5131 10153 5132 10153 5139 10153 5139 10154 5132 10154 5140 10154 5132 10155 5133 10155 5140 10155 5140 10156 5133 10156 5141 10156 5133 10157 5134 10157 5141 10157 5141 10158 5134 10158 5142 10158 5134 10159 5135 10159 5142 10159 5142 10160 5135 10160 5143 10160 5135 10161 5136 10161 5143 10161 5143 10162 5136 10162 5106 10162 5106 10163 5144 10163 5145 10163 5106 10164 5145 10164 5143 10164 5145 10165 5146 10165 5143 10165 5143 10166 5146 10166 5142 10166 5146 10167 5147 10167 5142 10167 5147 10168 5148 10168 5142 10168 5142 10169 5148 10169 5141 10169 5148 10170 5149 10170 5141 10170 5149 10171 5150 10171 5141 10171 5141 10172 5150 10172 5140 10172 5150 10173 5151 10173 5140 10173 5151 10174 5152 10174 5140 10174 5140 10175 5152 10175 5139 10175 5152 10176 5153 10176 5139 10176 5153 10177 5154 10177 5139 10177 5139 10178 5154 10178 5138 10178 5154 10179 5155 10179 5138 10179 5155 10180 5156 10180 5138 10180 5138 10181 5156 10181 5137 10181 5156 10182 5157 10182 5137 10182 5157 10183 5158 10183 5137 10183 5137 10184 5158 10184 5086 10184 5159 10185 5160 10185 5161 10185 5160 10186 5162 10186 5161 10186 5163 10187 5164 10187 5165 10187 5164 10188 5166 10188 5165 10188 5097 10189 5095 10189 5167 10189 5168 10190 5099 10190 5169 10190 5099 10191 5097 10191 5169 10191 5169 10192 5097 10192 5170 10192 5097 10193 5167 10193 5170 10193 5093 10194 5072 10194 5171 10194 5171 10195 5172 10195 5093 10195 5172 10196 5173 10196 5093 10196 5093 10197 5173 10197 5095 10197 5173 10198 5174 10198 5095 10198 5095 10199 5174 10199 5167 10199 5106 10200 5105 10200 5175 10200 5105 10201 5176 10201 5175 10201 5176 10202 5105 10202 5177 10202 5105 10203 5103 10203 5177 10203 5177 10204 5103 10204 5178 10204 5178 10205 5103 10205 5179 10205 5103 10206 5101 10206 5179 10206 5179 10207 5101 10207 5180 10207 5180 10208 5101 10208 5181 10208 5101 10209 5099 10209 5181 10209 5181 10210 5099 10210 5182 10210 5099 10211 5168 10211 5182 10211 5182 10212 5168 10212 5183 10212 5184 10213 5185 10213 5186 10213 5185 10214 5187 10214 5186 10214 5188 10215 5189 10215 5190 10215 5189 10216 5191 10216 5190 10216 5192 10217 5193 10217 5194 10217 5193 10218 5195 10218 5194 10218 5194 10219 5195 10219 5196 10219 5197 10220 5198 10220 5199 10220 5198 10221 5200 10221 5199 10221 5201 10222 5202 10222 5203 10222 5194 10223 5204 10223 5203 10223 5204 10224 5205 10224 5203 10224 5203 10225 5205 10225 5201 10225 5194 10226 5196 10226 5206 10226 5206 10227 5207 10227 5194 10227 5207 10228 5208 10228 5194 10228 5194 10229 5208 10229 5204 10229 5209 10230 5210 10230 5211 10230 5210 10231 5212 10231 5211 10231 5213 10232 5214 10232 5215 10232 5214 10233 5216 10233 5215 10233 5215 10234 5216 10234 5217 10234 5216 10235 5218 10235 5217 10235 5219 10236 5216 10236 5220 10236 5216 10237 5214 10237 5220 10237 5221 10238 5222 10238 5223 10238 5224 10239 5225 10239 5226 10239 5227 10240 5228 10240 5229 10240 5230 10241 4991 10241 4992 10241 5231 10242 5230 10242 5232 10242 5233 10243 5231 10243 5234 10243 5235 10244 5233 10244 5236 10244 5237 10245 5238 10245 5239 10245 5240 10246 5241 10246 5242 10246 5240 10247 5242 10247 5243 10247 5242 10248 5244 10248 5243 10248 5243 10249 5244 10249 5237 10249 5245 10250 5246 10250 5247 10250 5246 10251 5248 10251 5247 10251 5247 10252 5248 10252 5249 10252 5249 10253 5250 10253 5251 10253 5250 10254 5252 10254 5251 10254 5253 10255 5254 10255 5255 10255 5254 10256 5256 10256 5255 10256 5257 10257 5258 10257 5259 10257 5258 10258 5260 10258 5259 10258 5257 10259 5259 10259 5261 10259 5259 10260 5262 10260 5261 10260 5261 10261 5262 10261 5263 10261 5256 10262 5264 10262 5255 10262 5264 10263 5265 10263 5255 10263 5255 10264 5265 10264 5266 10264 5267 10265 5268 10265 5269 10265 5253 10266 5255 10266 5270 10266 5255 10267 5266 10267 5270 10267 5270 10268 5266 10268 5260 10268 5266 10269 5267 10269 5260 10269 5260 10270 5267 10270 5259 10270 5267 10271 5269 10271 5259 10271 5259 10272 5269 10272 5262 10272 5268 10273 5267 10273 5271 10273 5267 10274 5266 10274 5271 10274 5271 10275 5266 10275 5272 10275 5266 10276 5265 10276 5272 10276 5272 10277 5265 10277 5273 10277 5252 10278 5250 10278 5256 10278 5250 10279 5274 10279 5256 10279 5256 10280 5274 10280 5264 10280 5274 10281 5229 10281 5264 10281 5264 10282 5229 10282 5265 10282 5229 10283 5228 10283 5265 10283 5265 10284 5228 10284 5273 10284 5249 10285 5248 10285 5250 10285 5248 10286 5275 10286 5250 10286 5250 10287 5275 10287 5274 10287 5275 10288 5276 10288 5274 10288 5274 10289 5276 10289 5229 10289 5276 10290 5277 10290 5229 10290 5229 10291 5277 10291 5227 10291 5278 10292 5279 10292 5280 10292 5239 10293 5238 10293 5245 10293 5238 10294 5281 10294 5245 10294 5245 10295 5281 10295 5246 10295 5281 10296 5282 10296 5246 10296 5246 10297 5282 10297 5248 10297 5282 10298 5283 10298 5248 10298 5248 10299 5283 10299 5275 10299 5283 10300 5278 10300 5275 10300 5275 10301 5278 10301 5276 10301 5278 10302 5280 10302 5276 10302 5276 10303 5280 10303 5277 10303 5237 10304 5244 10304 5238 10304 5244 10305 5284 10305 5238 10305 5238 10306 5284 10306 5281 10306 5284 10307 5285 10307 5281 10307 5281 10308 5285 10308 5282 10308 5285 10309 5286 10309 5282 10309 5282 10310 5286 10310 5283 10310 5286 10311 5287 10311 5283 10311 5283 10312 5287 10312 5278 10312 5287 10313 5288 10313 5278 10313 5278 10314 5288 10314 5279 10314 5289 10315 5290 10315 5291 10315 5292 10316 5235 10316 5293 10316 5235 10317 5294 10317 5293 10317 5293 10318 5294 10318 5241 10318 5294 10319 5295 10319 5241 10319 5241 10320 5295 10320 5242 10320 5295 10321 5296 10321 5242 10321 5242 10322 5296 10322 5244 10322 5296 10323 5297 10323 5244 10323 5244 10324 5297 10324 5284 10324 5297 10325 5298 10325 5284 10325 5284 10326 5298 10326 5285 10326 5298 10327 5299 10327 5285 10327 5285 10328 5299 10328 5286 10328 5299 10329 5289 10329 5286 10329 5286 10330 5289 10330 5287 10330 5289 10331 5291 10331 5287 10331 5287 10332 5291 10332 5288 10332 5235 10333 5236 10333 5294 10333 5236 10334 5300 10334 5294 10334 5294 10335 5300 10335 5295 10335 5300 10336 5301 10336 5295 10336 5295 10337 5301 10337 5296 10337 5301 10338 5302 10338 5296 10338 5296 10339 5302 10339 5297 10339 5302 10340 5303 10340 5297 10340 5297 10341 5303 10341 5298 10341 5303 10342 5304 10342 5298 10342 5298 10343 5304 10343 5299 10343 5304 10344 5226 10344 5299 10344 5299 10345 5226 10345 5289 10345 5226 10346 5225 10346 5289 10346 5289 10347 5225 10347 5290 10347 5233 10348 5234 10348 5236 10348 5234 10349 5305 10349 5236 10349 5236 10350 5305 10350 5300 10350 5305 10351 5306 10351 5300 10351 5300 10352 5306 10352 5301 10352 5306 10353 5307 10353 5301 10353 5301 10354 5307 10354 5302 10354 5307 10355 5308 10355 5302 10355 5302 10356 5308 10356 5303 10356 5308 10357 5309 10357 5303 10357 5303 10358 5309 10358 5304 10358 5309 10359 5310 10359 5304 10359 5304 10360 5310 10360 5226 10360 5310 10361 5311 10361 5226 10361 5226 10362 5311 10362 5224 10362 5231 10363 5232 10363 5234 10363 5232 10364 5312 10364 5234 10364 5234 10365 5312 10365 5305 10365 5312 10366 5313 10366 5305 10366 5305 10367 5313 10367 5306 10367 5313 10368 5314 10368 5306 10368 5306 10369 5314 10369 5307 10369 5314 10370 5315 10370 5307 10370 5307 10371 5315 10371 5308 10371 5315 10372 5316 10372 5308 10372 5308 10373 5316 10373 5309 10373 5316 10374 5223 10374 5309 10374 5309 10375 5223 10375 5310 10375 5223 10376 5222 10376 5310 10376 5310 10377 5222 10377 5311 10377 5230 10378 4992 10378 5232 10378 4992 10379 4984 10379 5232 10379 5232 10380 4984 10380 5312 10380 4984 10381 4985 10381 5312 10381 5312 10382 4985 10382 5313 10382 4985 10383 4990 10383 5313 10383 5313 10384 4990 10384 5314 10384 4990 10385 4989 10385 5314 10385 5314 10386 4989 10386 5315 10386 4989 10387 4988 10387 5315 10387 5315 10388 4988 10388 5316 10388 4988 10389 4986 10389 5316 10389 5316 10390 4986 10390 5223 10390 4986 10391 4987 10391 5223 10391 5223 10392 4987 10392 5221 10392 5317 10393 5318 10393 5319 10393 5318 10394 5320 10394 5319 10394 5321 10395 5322 10395 5023 10395 5322 10396 5323 10396 5023 10396 5023 10397 5323 10397 5022 10397 5323 10398 5020 10398 5022 10398 5321 10399 5023 10399 5324 10399 5023 10400 5025 10400 5324 10400 5324 10401 5025 10401 5325 10401 5025 10402 5026 10402 5325 10402 5325 10403 5026 10403 5326 10403 5026 10404 5028 10404 5326 10404 5326 10405 5028 10405 5327 10405 5028 10406 5029 10406 5327 10406 5327 10407 5029 10407 5328 10407 5029 10408 5030 10408 5328 10408 5328 10409 5030 10409 5329 10409 5030 10410 5033 10410 5329 10410 5033 10411 5032 10411 5329 10411 5329 10412 5032 10412 5330 10412 5323 10413 5331 10413 5020 10413 5331 10414 5332 10414 5020 10414 5020 10415 5332 10415 5019 10415 5332 10416 5333 10416 5019 10416 5019 10417 5333 10417 5017 10417 5333 10418 5334 10418 5017 10418 5017 10419 5334 10419 5016 10419 5334 10420 5335 10420 5016 10420 5016 10421 5335 10421 5014 10421 5335 10422 5336 10422 5014 10422 5014 10423 5336 10423 5013 10423 5336 10424 5337 10424 5013 10424 5013 10425 5337 10425 5011 10425 5338 10426 5339 10426 5340 10426 5339 10427 5341 10427 5340 10427 5342 10428 5343 10428 5344 10428 5343 10429 5345 10429 5344 10429 5202 10430 5346 10430 5203 10430 5346 10431 5347 10431 5203 10431 5157 10432 5156 10432 5348 10432 5155 10433 5154 10433 5349 10433 5153 10434 5152 10434 5350 10434 5151 10435 5150 10435 5351 10435 5149 10436 5148 10436 5352 10436 5147 10437 5146 10437 5353 10437 5354 10438 5355 10438 5356 10438 5354 10439 5357 10439 5358 10439 5358 10440 5357 10440 5359 10440 5357 10441 5360 10441 5359 10441 5359 10442 5360 10442 5361 10442 5356 10443 5355 10443 5362 10443 5361 10444 5360 10444 5363 10444 5360 10445 5364 10445 5363 10445 5363 10446 5364 10446 5365 10446 5355 10447 5366 10447 5362 10447 5366 10448 5367 10448 5362 10448 5362 10449 5367 10449 5368 10449 5365 10450 5364 10450 5369 10450 5364 10451 5370 10451 5369 10451 5369 10452 5370 10452 5371 10452 5367 10453 5372 10453 5368 10453 5372 10454 5373 10454 5368 10454 5368 10455 5373 10455 5374 10455 5373 10456 5375 10456 5374 10456 5371 10457 5370 10457 5376 10457 5370 10458 5377 10458 5376 10458 5376 10459 5377 10459 5378 10459 5375 10460 5379 10460 5374 10460 5379 10461 5380 10461 5374 10461 5374 10462 5380 10462 5381 10462 5378 10463 5377 10463 5382 10463 5377 10464 5383 10464 5382 10464 5382 10465 5383 10465 5384 10465 5380 10466 5385 10466 5381 10466 5385 10467 5386 10467 5381 10467 5381 10468 5386 10468 5387 10468 5384 10469 5383 10469 5388 10469 5383 10470 5353 10470 5388 10470 5388 10471 5353 10471 5389 10471 5386 10472 5390 10472 5387 10472 5390 10473 5391 10473 5387 10473 5387 10474 5391 10474 5348 10474 5145 10475 5144 10475 5392 10475 5389 10476 5353 10476 5392 10476 5353 10477 5146 10477 5392 10477 5392 10478 5146 10478 5145 10478 5148 10479 5147 10479 5352 10479 5147 10480 5353 10480 5352 10480 5352 10481 5353 10481 5393 10481 5353 10482 5383 10482 5393 10482 5393 10483 5383 10483 5394 10483 5383 10484 5377 10484 5394 10484 5394 10485 5377 10485 5395 10485 5377 10486 5370 10486 5395 10486 5395 10487 5370 10487 5396 10487 5370 10488 5364 10488 5396 10488 5396 10489 5364 10489 5397 10489 5364 10490 5360 10490 5397 10490 5397 10491 5360 10491 5398 10491 5360 10492 5357 10492 5398 10492 5398 10493 5357 10493 5354 10493 5150 10494 5149 10494 5351 10494 5149 10495 5352 10495 5351 10495 5351 10496 5352 10496 5399 10496 5352 10497 5393 10497 5399 10497 5399 10498 5393 10498 5400 10498 5393 10499 5394 10499 5400 10499 5400 10500 5394 10500 5401 10500 5394 10501 5395 10501 5401 10501 5401 10502 5395 10502 5402 10502 5395 10503 5396 10503 5402 10503 5402 10504 5396 10504 5403 10504 5396 10505 5397 10505 5403 10505 5403 10506 5397 10506 5404 10506 5397 10507 5398 10507 5404 10507 5404 10508 5398 10508 5354 10508 5152 10509 5151 10509 5350 10509 5151 10510 5351 10510 5350 10510 5350 10511 5351 10511 5405 10511 5351 10512 5399 10512 5405 10512 5405 10513 5399 10513 5406 10513 5399 10514 5400 10514 5406 10514 5406 10515 5400 10515 5407 10515 5400 10516 5401 10516 5407 10516 5407 10517 5401 10517 5408 10517 5401 10518 5402 10518 5408 10518 5408 10519 5402 10519 5409 10519 5402 10520 5403 10520 5409 10520 5409 10521 5403 10521 5410 10521 5403 10522 5404 10522 5410 10522 5410 10523 5404 10523 5354 10523 5154 10524 5153 10524 5349 10524 5153 10525 5350 10525 5349 10525 5349 10526 5350 10526 5411 10526 5350 10527 5405 10527 5411 10527 5411 10528 5405 10528 5412 10528 5405 10529 5406 10529 5412 10529 5412 10530 5406 10530 5413 10530 5406 10531 5407 10531 5413 10531 5413 10532 5407 10532 5414 10532 5407 10533 5408 10533 5414 10533 5414 10534 5408 10534 5415 10534 5408 10535 5409 10535 5415 10535 5415 10536 5409 10536 5416 10536 5409 10537 5410 10537 5416 10537 5416 10538 5410 10538 5354 10538 5156 10539 5155 10539 5348 10539 5155 10540 5349 10540 5348 10540 5348 10541 5349 10541 5387 10541 5349 10542 5411 10542 5387 10542 5387 10543 5411 10543 5381 10543 5411 10544 5412 10544 5381 10544 5381 10545 5412 10545 5374 10545 5412 10546 5413 10546 5374 10546 5374 10547 5413 10547 5368 10547 5413 10548 5414 10548 5368 10548 5368 10549 5414 10549 5362 10549 5414 10550 5415 10550 5362 10550 5362 10551 5415 10551 5356 10551 5415 10552 5416 10552 5356 10552 5356 10553 5416 10553 5354 10553 5158 10554 5157 10554 5417 10554 5157 10555 5348 10555 5417 10555 5417 10556 5348 10556 5418 10556 5348 10557 5391 10557 5418 10557 5419 10558 5420 10558 5421 10558 5420 10559 5422 10559 5421 10559 5423 10560 5424 10560 5425 10560 5424 10561 5426 10561 5425 10561 5425 10562 5426 10562 5427 10562 5428 10563 5429 10563 5430 10563 5431 10564 5432 10564 5427 10564 5431 10565 5427 10565 5433 10565 5432 10566 5434 10566 5427 10566 5434 10567 5435 10567 5427 10567 5427 10568 5435 10568 5436 10568 5430 10569 5437 10569 5428 10569 5437 10570 5438 10570 5428 10570 5428 10571 5438 10571 5439 10571 5439 10572 5440 10572 5428 10572 5440 10573 5441 10573 5428 10573 5428 10574 5441 10574 5442 10574 5426 10575 5443 10575 5427 10575 5443 10576 5444 10576 5427 10576 5427 10577 5444 10577 5433 10577 5441 10578 5445 10578 5442 10578 5445 10579 5446 10579 5442 10579 5442 10580 5446 10580 5426 10580 5446 10581 5447 10581 5426 10581 5426 10582 5447 10582 5443 10582 5448 10583 5449 10583 5450 10583 5451 10584 5452 10584 5453 10584 5454 10585 5455 10585 5456 10585 5457 10586 5458 10586 5459 10586 5460 10587 5461 10587 5462 10587 5463 10588 5464 10588 5465 10588 5466 10589 5467 10589 5468 10589 5469 10590 5470 10590 5471 10590 5472 10591 5473 10591 5474 10591 5475 10592 5476 10592 5477 10592 5478 10593 5479 10593 5480 10593 5479 10594 5481 10594 5480 10594 5480 10595 5481 10595 5482 10595 5475 10596 5477 10596 5483 10596 5477 10597 5484 10597 5483 10597 5483 10598 5484 10598 5485 10598 5484 10599 5486 10599 5485 10599 5485 10600 5486 10600 5487 10600 5486 10601 5488 10601 5487 10601 5487 10602 5488 10602 5489 10602 5488 10603 5490 10603 5489 10603 5489 10604 5490 10604 5491 10604 5490 10605 5492 10605 5491 10605 5491 10606 5492 10606 5493 10606 5492 10607 5494 10607 5493 10607 5493 10608 5494 10608 5495 10608 5494 10609 5496 10609 5495 10609 5495 10610 5496 10610 5497 10610 5496 10611 5498 10611 5497 10611 5497 10612 5498 10612 5499 10612 5500 10613 5501 10613 5502 10613 5501 10614 5503 10614 5502 10614 5502 10615 5503 10615 5498 10615 5503 10616 5504 10616 5498 10616 5498 10617 5504 10617 5499 10617 5505 10618 5506 10618 5500 10618 5506 10619 5507 10619 5500 10619 5500 10620 5507 10620 5501 10620 5508 10621 5509 10621 5510 10621 5509 10622 5511 10622 5510 10622 5510 10623 5511 10623 5512 10623 5513 10624 5514 10624 5515 10624 5514 10625 5516 10625 5515 10625 5466 10626 5517 10626 5518 10626 5517 10627 5519 10627 5518 10627 5518 10628 5519 10628 5520 10628 5521 10629 5522 10629 5523 10629 5522 10630 5520 10630 5523 10630 5523 10631 5520 10631 5524 10631 5482 10632 5521 10632 5480 10632 5521 10633 5476 10633 5480 10633 5480 10634 5476 10634 5478 10634 5476 10635 5475 10635 5478 10635 5466 10636 5468 10636 5517 10636 5468 10637 5525 10637 5517 10637 5517 10638 5525 10638 5526 10638 5525 10639 5527 10639 5526 10639 5527 10640 5528 10640 5526 10640 5526 10641 5528 10641 5529 10641 5528 10642 5530 10642 5529 10642 5530 10643 5531 10643 5529 10643 5529 10644 5531 10644 5532 10644 5531 10645 5533 10645 5532 10645 5533 10646 5534 10646 5532 10646 5532 10647 5534 10647 5535 10647 5534 10648 5536 10648 5535 10648 5536 10649 5537 10649 5535 10649 5535 10650 5537 10650 5538 10650 5537 10651 5539 10651 5538 10651 5539 10652 5540 10652 5538 10652 5538 10653 5540 10653 5541 10653 5540 10654 5542 10654 5541 10654 5542 10655 5543 10655 5541 10655 5541 10656 5543 10656 5544 10656 5545 10657 5546 10657 5547 10657 5546 10658 5544 10658 5547 10658 5547 10659 5544 10659 5548 10659 5544 10660 5543 10660 5548 10660 5520 10661 5519 10661 5524 10661 5519 10662 5517 10662 5524 10662 5524 10663 5517 10663 5549 10663 5517 10664 5526 10664 5549 10664 5549 10665 5526 10665 5550 10665 5526 10666 5529 10666 5550 10666 5550 10667 5529 10667 5551 10667 5529 10668 5532 10668 5551 10668 5551 10669 5532 10669 5552 10669 5532 10670 5535 10670 5552 10670 5552 10671 5535 10671 5553 10671 5535 10672 5538 10672 5553 10672 5553 10673 5538 10673 5554 10673 5538 10674 5541 10674 5554 10674 5554 10675 5541 10675 5555 10675 5541 10676 5544 10676 5555 10676 5555 10677 5544 10677 5556 10677 5544 10678 5546 10678 5556 10678 5556 10679 5546 10679 5557 10679 5521 10680 5523 10680 5476 10680 5523 10681 5524 10681 5476 10681 5476 10682 5524 10682 5477 10682 5524 10683 5549 10683 5477 10683 5477 10684 5549 10684 5484 10684 5549 10685 5550 10685 5484 10685 5484 10686 5550 10686 5486 10686 5550 10687 5551 10687 5486 10687 5486 10688 5551 10688 5488 10688 5551 10689 5552 10689 5488 10689 5488 10690 5552 10690 5490 10690 5552 10691 5553 10691 5490 10691 5490 10692 5553 10692 5492 10692 5553 10693 5554 10693 5492 10693 5492 10694 5554 10694 5494 10694 5554 10695 5555 10695 5494 10695 5494 10696 5555 10696 5496 10696 5555 10697 5556 10697 5496 10697 5496 10698 5556 10698 5498 10698 5556 10699 5557 10699 5498 10699 5498 10700 5557 10700 5502 10700 5545 10701 5463 10701 5546 10701 5463 10702 5465 10702 5546 10702 5546 10703 5465 10703 5557 10703 5465 10704 5558 10704 5557 10704 5557 10705 5558 10705 5502 10705 5558 10706 5559 10706 5502 10706 5502 10707 5559 10707 5500 10707 5559 10708 5512 10708 5500 10708 5500 10709 5512 10709 5505 10709 5512 10710 5511 10710 5505 10710 5464 10711 5460 10711 5465 10711 5460 10712 5462 10712 5465 10712 5465 10713 5462 10713 5558 10713 5462 10714 5560 10714 5558 10714 5558 10715 5560 10715 5559 10715 5560 10716 5561 10716 5559 10716 5559 10717 5561 10717 5512 10717 5561 10718 5562 10718 5512 10718 5512 10719 5562 10719 5510 10719 5562 10720 5563 10720 5510 10720 5510 10721 5563 10721 5508 10721 5563 10722 5474 10722 5508 10722 5508 10723 5474 10723 5564 10723 5474 10724 5473 10724 5564 10724 5461 10725 5457 10725 5462 10725 5457 10726 5459 10726 5462 10726 5462 10727 5459 10727 5560 10727 5459 10728 5565 10728 5560 10728 5560 10729 5565 10729 5561 10729 5565 10730 5566 10730 5561 10730 5561 10731 5566 10731 5562 10731 5566 10732 5567 10732 5562 10732 5562 10733 5567 10733 5563 10733 5567 10734 5568 10734 5563 10734 5563 10735 5568 10735 5474 10735 5568 10736 5569 10736 5474 10736 5474 10737 5569 10737 5472 10737 5569 10738 5471 10738 5472 10738 5472 10739 5471 10739 5570 10739 5471 10740 5470 10740 5570 10740 5458 10741 5454 10741 5459 10741 5454 10742 5456 10742 5459 10742 5459 10743 5456 10743 5565 10743 5456 10744 5571 10744 5565 10744 5565 10745 5571 10745 5566 10745 5571 10746 5572 10746 5566 10746 5566 10747 5572 10747 5567 10747 5572 10748 5573 10748 5567 10748 5567 10749 5573 10749 5568 10749 5573 10750 5574 10750 5568 10750 5568 10751 5574 10751 5569 10751 5574 10752 5575 10752 5569 10752 5569 10753 5575 10753 5471 10753 5575 10754 5515 10754 5471 10754 5471 10755 5515 10755 5469 10755 5515 10756 5516 10756 5469 10756 5455 10757 5451 10757 5456 10757 5451 10758 5453 10758 5456 10758 5456 10759 5453 10759 5571 10759 5453 10760 5576 10760 5571 10760 5571 10761 5576 10761 5572 10761 5576 10762 5577 10762 5572 10762 5572 10763 5577 10763 5573 10763 5577 10764 5578 10764 5573 10764 5573 10765 5578 10765 5574 10765 5578 10766 5579 10766 5574 10766 5574 10767 5579 10767 5575 10767 5579 10768 5580 10768 5575 10768 5575 10769 5580 10769 5515 10769 5580 10770 5581 10770 5515 10770 5515 10771 5581 10771 5513 10771 5581 10772 5582 10772 5513 10772 5452 10773 5448 10773 5453 10773 5448 10774 5450 10774 5453 10774 5453 10775 5450 10775 5576 10775 5450 10776 5583 10776 5576 10776 5576 10777 5583 10777 5577 10777 5583 10778 5584 10778 5577 10778 5577 10779 5584 10779 5578 10779 5584 10780 5585 10780 5578 10780 5578 10781 5585 10781 5579 10781 5585 10782 5586 10782 5579 10782 5579 10783 5586 10783 5580 10783 5586 10784 5587 10784 5580 10784 5580 10785 5587 10785 5581 10785 5587 10786 5588 10786 5581 10786 5581 10787 5588 10787 5582 10787 5588 10788 5589 10788 5582 10788 5590 10789 5591 10789 5592 10789 5591 10790 5593 10790 5592 10790 5592 10791 5593 10791 5594 10791 5595 10792 5193 10792 5596 10792 5193 10793 5192 10793 5596 10793 5597 10794 5598 10794 5599 10794 5600 10795 5601 10795 5599 10795 5601 10796 5602 10796 5599 10796 5599 10797 5602 10797 5597 10797 5603 10798 5604 10798 5605 10798 5604 10799 5606 10799 5605 10799 5607 10800 5608 10800 5609 10800 5608 10801 5610 10801 5609 10801 5442 10802 5426 10802 5611 10802 5426 10803 5424 10803 5611 10803 5612 10804 5603 10804 5613 10804 5603 10805 5605 10805 5613 10805 5614 10806 5615 10806 5616 10806 5617 10807 5618 10807 5619 10807 5620 10808 5621 10808 5622 10808 5623 10809 5624 10809 5625 10809 5626 10810 5627 10810 5628 10810 5629 10811 5630 10811 5631 10811 5632 10812 5633 10812 5634 10812 5635 10813 5636 10813 5637 10813 5638 10814 5639 10814 5640 10814 5641 10815 5642 10815 5643 10815 5644 10816 5645 10816 5646 10816 5647 10817 5648 10817 5649 10817 5650 10818 5651 10818 5652 10818 5653 10819 5654 10819 5655 10819 5656 10820 5657 10820 5658 10820 5659 10821 5660 10821 5661 10821 5662 10822 5663 10822 5664 10822 5665 10823 5666 10823 5667 10823 5668 10824 5667 10824 5669 10824 5670 10825 5669 10825 5671 10825 5672 10826 5671 10826 5673 10826 5674 10827 5673 10827 5675 10827 5676 10828 5677 10828 5678 10828 5679 10829 5680 10829 5657 10829 5681 10830 5682 10830 5683 10830 5681 10831 5684 10831 5685 10831 5684 10832 5686 10832 5685 10832 5680 10833 5687 10833 5657 10833 5687 10834 5686 10834 5657 10834 5657 10835 5686 10835 5658 10835 5686 10836 5684 10836 5658 10836 5658 10837 5684 10837 5688 10837 5677 10838 5689 10838 5678 10838 5689 10839 5690 10839 5678 10839 5678 10840 5690 10840 5691 10840 5692 10841 5693 10841 5694 10841 5693 10842 5695 10842 5694 10842 5694 10843 5695 10843 5696 10843 5693 10844 5676 10844 5695 10844 5676 10845 5678 10845 5695 10845 5695 10846 5678 10846 5656 10846 5678 10847 5691 10847 5656 10847 5656 10848 5691 10848 5657 10848 5691 10849 5697 10849 5657 10849 5657 10850 5697 10850 5679 10850 5698 10851 5699 10851 5700 10851 5699 10852 5701 10852 5700 10852 5701 10853 5702 10853 5700 10853 5700 10854 5702 10854 5703 10854 5704 10855 5663 10855 5705 10855 5663 10856 5662 10856 5705 10856 5705 10857 5662 10857 5706 10857 5707 10858 5708 10858 5709 10858 5708 10859 5710 10859 5709 10859 5709 10860 5710 10860 5711 10860 5710 10861 5712 10861 5711 10861 5713 10862 5714 10862 5715 10862 5714 10863 5707 10863 5715 10863 5715 10864 5707 10864 5716 10864 5707 10865 5709 10865 5716 10865 5716 10866 5709 10866 5717 10866 5709 10867 5711 10867 5717 10867 5718 10868 5719 10868 5720 10868 5719 10869 5721 10869 5720 10869 5720 10870 5721 10870 5722 10870 5681 10871 5683 10871 5684 10871 5683 10872 5723 10872 5684 10872 5684 10873 5723 10873 5688 10873 5723 10874 5724 10874 5688 10874 5688 10875 5724 10875 5725 10875 5717 10876 5704 10876 5716 10876 5704 10877 5705 10877 5716 10877 5716 10878 5705 10878 5715 10878 5705 10879 5706 10879 5715 10879 5715 10880 5706 10880 5713 10880 5706 10881 5726 10881 5713 10881 5713 10882 5726 10882 5727 10882 5726 10883 5722 10883 5727 10883 5634 10884 5728 10884 5729 10884 5728 10885 5674 10885 5729 10885 5729 10886 5674 10886 5730 10886 5674 10887 5675 10887 5730 10887 5730 10888 5675 10888 5698 10888 5722 10889 5726 10889 5720 10889 5726 10890 5706 10890 5720 10890 5720 10891 5706 10891 5731 10891 5706 10892 5662 10892 5731 10892 5731 10893 5662 10893 5732 10893 5662 10894 5664 10894 5732 10894 5732 10895 5664 10895 5666 10895 5733 10896 5734 10896 5735 10896 5736 10897 5737 10897 5733 10897 5737 10898 5738 10898 5733 10898 5733 10899 5738 10899 5734 10899 5666 10900 5665 10900 5732 10900 5665 10901 5739 10901 5732 10901 5732 10902 5739 10902 5731 10902 5739 10903 5646 10903 5731 10903 5731 10904 5646 10904 5720 10904 5646 10905 5645 10905 5720 10905 5720 10906 5645 10906 5718 10906 5667 10907 5668 10907 5665 10907 5668 10908 5740 10908 5665 10908 5665 10909 5740 10909 5739 10909 5740 10910 5643 10910 5739 10910 5739 10911 5643 10911 5646 10911 5643 10912 5642 10912 5646 10912 5646 10913 5642 10913 5644 10913 5669 10914 5670 10914 5668 10914 5670 10915 5741 10915 5668 10915 5668 10916 5741 10916 5740 10916 5741 10917 5640 10917 5740 10917 5740 10918 5640 10918 5643 10918 5640 10919 5639 10919 5643 10919 5643 10920 5639 10920 5641 10920 5671 10921 5672 10921 5670 10921 5672 10922 5742 10922 5670 10922 5670 10923 5742 10923 5741 10923 5742 10924 5637 10924 5741 10924 5741 10925 5637 10925 5640 10925 5637 10926 5636 10926 5640 10926 5640 10927 5636 10927 5638 10927 5673 10928 5674 10928 5672 10928 5674 10929 5728 10929 5672 10929 5672 10930 5728 10930 5742 10930 5728 10931 5634 10931 5742 10931 5742 10932 5634 10932 5637 10932 5634 10933 5633 10933 5637 10933 5637 10934 5633 10934 5635 10934 5698 10935 5700 10935 5730 10935 5700 10936 5743 10936 5730 10936 5730 10937 5743 10937 5729 10937 5743 10938 5631 10938 5729 10938 5729 10939 5631 10939 5634 10939 5631 10940 5630 10940 5634 10940 5634 10941 5630 10941 5632 10941 5692 10942 5694 10942 5703 10942 5694 10943 5696 10943 5703 10943 5703 10944 5696 10944 5700 10944 5696 10945 5744 10945 5700 10945 5700 10946 5744 10946 5743 10946 5744 10947 5628 10947 5743 10947 5743 10948 5628 10948 5631 10948 5628 10949 5627 10949 5631 10949 5631 10950 5627 10950 5629 10950 5725 10951 5659 10951 5688 10951 5659 10952 5661 10952 5688 10952 5688 10953 5661 10953 5658 10953 5661 10954 5745 10954 5658 10954 5658 10955 5745 10955 5656 10955 5745 10956 5746 10956 5656 10956 5656 10957 5746 10957 5695 10957 5746 10958 5747 10958 5695 10958 5695 10959 5747 10959 5696 10959 5747 10960 5748 10960 5696 10960 5696 10961 5748 10961 5744 10961 5748 10962 5625 10962 5744 10962 5744 10963 5625 10963 5628 10963 5625 10964 5624 10964 5628 10964 5628 10965 5624 10965 5626 10965 5660 10966 5653 10966 5661 10966 5653 10967 5655 10967 5661 10967 5661 10968 5655 10968 5745 10968 5655 10969 5749 10969 5745 10969 5745 10970 5749 10970 5746 10970 5749 10971 5750 10971 5746 10971 5746 10972 5750 10972 5747 10972 5750 10973 5751 10973 5747 10973 5747 10974 5751 10974 5748 10974 5751 10975 5622 10975 5748 10975 5748 10976 5622 10976 5625 10976 5622 10977 5621 10977 5625 10977 5625 10978 5621 10978 5623 10978 5654 10979 5650 10979 5655 10979 5650 10980 5652 10980 5655 10980 5655 10981 5652 10981 5749 10981 5652 10982 5752 10982 5749 10982 5749 10983 5752 10983 5750 10983 5752 10984 5753 10984 5750 10984 5750 10985 5753 10985 5751 10985 5753 10986 5619 10986 5751 10986 5751 10987 5619 10987 5622 10987 5619 10988 5618 10988 5622 10988 5622 10989 5618 10989 5620 10989 5651 10990 5647 10990 5652 10990 5647 10991 5649 10991 5652 10991 5652 10992 5649 10992 5752 10992 5649 10993 5754 10993 5752 10993 5752 10994 5754 10994 5753 10994 5754 10995 5616 10995 5753 10995 5753 10996 5616 10996 5619 10996 5616 10997 5615 10997 5619 10997 5619 10998 5615 10998 5617 10998 5648 10999 5736 10999 5649 10999 5736 11000 5733 11000 5649 11000 5649 11001 5733 11001 5754 11001 5733 11002 5735 11002 5754 11002 5754 11003 5735 11003 5616 11003 5735 11004 5755 11004 5616 11004 5616 11005 5755 11005 5614 11005 5738 11006 5756 11006 5734 11006 5756 11007 5757 11007 5734 11007 5734 11008 5757 11008 5758 11008 5758 11009 5759 11009 5734 11009 5759 11010 5760 11010 5734 11010 5734 11011 5760 11011 5735 11011 5760 11012 5761 11012 5735 11012 5735 11013 5761 11013 5755 11013 5186 11014 5187 11014 5762 11014 5187 11015 5763 11015 5762 11015 5762 11016 5763 11016 5764 11016 5189 11017 5595 11017 5191 11017 5595 11018 5596 11018 5191 11018 5215 11019 5209 11019 5213 11019 5209 11020 5211 11020 5213 11020 5765 11021 5766 11021 5767 11021 5766 11022 5768 11022 5767 11022 5767 11023 5768 11023 5769 11023 5770 11024 4979 11024 5771 11024 4979 11025 4937 11025 5771 11025 5771 11026 4937 11026 5772 11026 4937 11027 4938 11027 5772 11027 5772 11028 4938 11028 5773 11028 5774 11029 5770 11029 5769 11029 5770 11030 5773 11030 5769 11030 5769 11031 5773 11031 5767 11031 5773 11032 4938 11032 5767 11032 5767 11033 4938 11033 5775 11033 4938 11034 5776 11034 5775 11034 5775 11035 5776 11035 5777 11035 5776 11036 5778 11036 5777 11036 5777 11037 5778 11037 5779 11037 5777 11038 5780 11038 5781 11038 5779 11039 5782 11039 5777 11039 5782 11040 5783 11040 5777 11040 5777 11041 5783 11041 5784 11041 5784 11042 5785 11042 5777 11042 5785 11043 5786 11043 5777 11043 5777 11044 5786 11044 5780 11044 5781 11045 5787 11045 5777 11045 5787 11046 5788 11046 5777 11046 5777 11047 5788 11047 5789 11047 5789 11048 5790 11048 5777 11048 5790 11049 5791 11049 5777 11049 5777 11050 5791 11050 5792 11050 5792 11051 5793 11051 5777 11051 5793 11052 5794 11052 5777 11052 5777 11053 5794 11053 5795 11053 5795 11054 5796 11054 5777 11054 5796 11055 5797 11055 5777 11055 5777 11056 5797 11056 5798 11056 5799 11057 5800 11057 4980 11057 5800 11058 5801 11058 4980 11058 5801 11059 5802 11059 4980 11059 4980 11060 5802 11060 5803 11060 5803 11061 5804 11061 4980 11061 5804 11062 5805 11062 4980 11062 4980 11063 5805 11063 5806 11063 5774 11064 5766 11064 5770 11064 5766 11065 5765 11065 5770 11065 5770 11066 5765 11066 4979 11066 5765 11067 5777 11067 4979 11067 4979 11068 5777 11068 4980 11068 5777 11069 5798 11069 4980 11069 4980 11070 5798 11070 5799 11070 5806 11071 5807 11071 4980 11071 5807 11072 5808 11072 4980 11072 4980 11073 5808 11073 5809 11073 5809 11074 5810 11074 4980 11074 5810 11075 5811 11075 4980 11075 4980 11076 5811 11076 5812 11076 5813 11077 4987 11077 5814 11077 4987 11078 4980 11078 5814 11078 5814 11079 4980 11079 5815 11079 4980 11080 5812 11080 5815 11080 5816 11081 5317 11081 5339 11081 5317 11082 5319 11082 5339 11082 5165 11083 5817 11083 5163 11083 5817 11084 5818 11084 5163 11084 5819 11085 5820 11085 5821 11085 5217 11086 5218 11086 5822 11086 5217 11087 5822 11087 5823 11087 5822 11088 5824 11088 5823 11088 5824 11089 5825 11089 5823 11089 5823 11090 5825 11090 5826 11090 5827 11091 5828 11091 5829 11091 5830 11092 5831 11092 5821 11092 5831 11093 5832 11093 5821 11093 5821 11094 5832 11094 5819 11094 5833 11095 5834 11095 5830 11095 5834 11096 5835 11096 5830 11096 5830 11097 5835 11097 5831 11097 5836 11098 5837 11098 5833 11098 5837 11099 5838 11099 5833 11099 5833 11100 5838 11100 5834 11100 5825 11101 5839 11101 5826 11101 5839 11102 5840 11102 5826 11102 5826 11103 5840 11103 5829 11103 5840 11104 5841 11104 5829 11104 5829 11105 5841 11105 5827 11105 5841 11106 5842 11106 5827 11106 5827 11107 5842 11107 5836 11107 5842 11108 5843 11108 5836 11108 5836 11109 5843 11109 5837 11109 5829 11110 5210 11110 5826 11110 5210 11111 5823 11111 5826 11111 5209 11112 5215 11112 5210 11112 5215 11113 5217 11113 5210 11113 5210 11114 5217 11114 5823 11114 5210 11115 5829 11115 5212 11115 5829 11116 5828 11116 5212 11116 5844 11117 5845 11117 5846 11117 5845 11118 5847 11118 5846 11118 5610 11119 5848 11119 5849 11119 5610 11120 5849 11120 5609 11120 5849 11121 5850 11121 5609 11121 5609 11122 5850 11122 5851 11122 5447 11123 5446 11123 5758 11123 5446 11124 5449 11124 5758 11124 5852 11125 5853 11125 5854 11125 5853 11126 5855 11126 5854 11126 5856 11127 5857 11127 5858 11127 5857 11128 5859 11128 5858 11128 5860 11129 5861 11129 5862 11129 5861 11130 5863 11130 5862 11130 5582 11131 5864 11131 5513 11131 5864 11132 5514 11132 5513 11132 5582 11133 5589 11133 5864 11133 5589 11134 5429 11134 5864 11134 5864 11135 5429 11135 5598 11135 5591 11136 5865 11136 5593 11136 5865 11137 5599 11137 5593 11137 5593 11138 5599 11138 5340 11138 5599 11139 5598 11139 5340 11139 5340 11140 5598 11140 5338 11140 5598 11141 5429 11141 5338 11141 5338 11142 5429 11142 5866 11142 5429 11143 5428 11143 5866 11143 5866 11144 5428 11144 5867 11144 5428 11145 5868 11145 5867 11145 5845 11146 5844 11146 5869 11146 5844 11147 5870 11147 5869 11147 5871 11148 5202 11148 5872 11148 5202 11149 5201 11149 5872 11149 5871 11150 5873 11150 5202 11150 5873 11151 5874 11151 5202 11151 5202 11152 5874 11152 5346 11152 5874 11153 5875 11153 5346 11153 5346 11154 5875 11154 5876 11154 5866 11155 5816 11155 5338 11155 5816 11156 5339 11156 5338 11156 5877 11157 5611 11157 5878 11157 5611 11158 5424 11158 5878 11158 5878 11159 5424 11159 5879 11159 5424 11160 5423 11160 5879 11160 5880 11161 5860 11161 5881 11161 5860 11162 5862 11162 5881 11162 5882 11163 5763 11163 5602 11163 5763 11164 5187 11164 5602 11164 5602 11165 5187 11165 5597 11165 5187 11166 5185 11166 5597 11166 5597 11167 5185 11167 5883 11167 5185 11168 5320 11168 5883 11168 5884 11169 5425 11169 5318 11169 5425 11170 5427 11170 5318 11170 5318 11171 5427 11171 5320 11171 5427 11172 5436 11172 5320 11172 5320 11173 5436 11173 5883 11173 5436 11174 5724 11174 5883 11174 5724 11175 5723 11175 5883 11175 5723 11176 5683 11176 5883 11176 5883 11177 5683 11177 5682 11177 5885 11178 5886 11178 5847 11178 5886 11179 5846 11179 5847 11179 5339 11180 5319 11180 5341 11180 5319 11181 5184 11181 5341 11181 5887 11182 5888 11182 5889 11182 5888 11183 5890 11183 5889 11183 5891 11184 5892 11184 5893 11184 5853 11185 5852 11185 5894 11185 5166 11186 5888 11186 5887 11186 5604 11187 5603 11187 5895 11187 5603 11188 5612 11188 5895 11188 5200 11189 5893 11189 5199 11189 5893 11190 5896 11190 5199 11190 5199 11191 5896 11191 5897 11191 5896 11192 5898 11192 5897 11192 5161 11193 5162 11193 5893 11193 5899 11194 5900 11194 5193 11194 5900 11195 5901 11195 5193 11195 5901 11196 5902 11196 5193 11196 5193 11197 5902 11197 5195 11197 5894 11198 5891 11198 5853 11198 5891 11199 5893 11199 5853 11199 5853 11200 5893 11200 5880 11200 5893 11201 5200 11201 5880 11201 5880 11202 5200 11202 5860 11202 5200 11203 5861 11203 5860 11203 5887 11204 5161 11204 5166 11204 5161 11205 5893 11205 5166 11205 5166 11206 5893 11206 5165 11206 5893 11207 5892 11207 5165 11207 5165 11208 5892 11208 5817 11208 5892 11209 5903 11209 5817 11209 5595 11210 5189 11210 5193 11210 5189 11211 5188 11211 5193 11211 5893 11212 5904 11212 5905 11212 5899 11213 5193 11213 5906 11213 5193 11214 5188 11214 5906 11214 5906 11215 5188 11215 5905 11215 5188 11216 5895 11216 5905 11216 5905 11217 5895 11217 5893 11217 5895 11218 5612 11218 5893 11218 5893 11219 5612 11219 5896 11219 5858 11220 5859 11220 5893 11220 5907 11221 5908 11221 5162 11221 5908 11222 5909 11222 5162 11222 5162 11223 5909 11223 5893 11223 5909 11224 5910 11224 5893 11224 5345 11225 5911 11225 5912 11225 5912 11226 5858 11226 5345 11226 5858 11227 5893 11227 5345 11227 5345 11228 5893 11228 5344 11228 5893 11229 5910 11229 5344 11229 5344 11230 5910 11230 5419 11230 5910 11231 5420 11231 5419 11231 5913 11232 5914 11232 5859 11232 5914 11233 5915 11233 5859 11233 5916 11234 5917 11234 5859 11234 5917 11235 5918 11235 5859 11235 5859 11236 5918 11236 5893 11236 5915 11237 5919 11237 5859 11237 5919 11238 5920 11238 5859 11238 5859 11239 5920 11239 5916 11239 5598 11240 5597 11240 5864 11240 5597 11241 5883 11241 5864 11241 5864 11242 5883 11242 5921 11242 5883 11243 5922 11243 5921 11243 5922 11244 5923 11244 5921 11244 5923 11245 5924 11245 5921 11245 5921 11246 5924 11246 5925 11246 5926 11247 5927 11247 5925 11247 5927 11248 5928 11248 5925 11248 5925 11249 5928 11249 5921 11249 5926 11250 5929 11250 5927 11250 5929 11251 5930 11251 5927 11251 5927 11252 5930 11252 5931 11252 5930 11253 5932 11253 5931 11253 5921 11254 5933 11254 5864 11254 5933 11255 5934 11255 5864 11255 5864 11256 5934 11256 5935 11256 5936 11257 5937 11257 5864 11257 5937 11258 5938 11258 5864 11258 5939 11259 5940 11259 5930 11259 5940 11260 5941 11260 5930 11260 5930 11261 5941 11261 5932 11261 5935 11262 5942 11262 5864 11262 5942 11263 5943 11263 5864 11263 5864 11264 5943 11264 5944 11264 5944 11265 5945 11265 5864 11265 5945 11266 5946 11266 5864 11266 5864 11267 5946 11267 5936 11267 5938 11268 5947 11268 5864 11268 5947 11269 5948 11269 5864 11269 5864 11270 5948 11270 5949 11270 5948 11271 5950 11271 5949 11271 4945 11272 5951 11272 4946 11272 5951 11273 5952 11273 4946 11273 5953 11274 5954 11274 5921 11274 5954 11275 5933 11275 5921 11275 4916 11276 4914 11276 5032 11276 5955 11277 5330 11277 4908 11277 5330 11278 4910 11278 4908 11278 5032 11279 4914 11279 5330 11279 4914 11280 4912 11280 5330 11280 5330 11281 4912 11281 4910 11281 5032 11282 4936 11282 4934 11282 4922 11283 4920 11283 5032 11283 4920 11284 4918 11284 5032 11284 5032 11285 4918 11285 4916 11285 5956 11286 5957 11286 5032 11286 5957 11287 5958 11287 5032 11287 5032 11288 5958 11288 5959 11288 4934 11289 4932 11289 5032 11289 4932 11290 4930 11290 5032 11290 5032 11291 4930 11291 4928 11291 4928 11292 4926 11292 5032 11292 4926 11293 4924 11293 5032 11293 5032 11294 4924 11294 4922 11294 5959 11295 5776 11295 5032 11295 5776 11296 4938 11296 5032 11296 5032 11297 4938 11297 4936 11297 5817 11298 5903 11298 5818 11298 5903 11299 5960 11299 5818 11299 5956 11300 5032 11300 5031 11300 5956 11301 5031 11301 5961 11301 5031 11302 5009 11302 5961 11302 5961 11303 5009 11303 5962 11303 5009 11304 5008 11304 5962 11304 5008 11305 5006 11305 5962 11305 5962 11306 5006 11306 5963 11306 5006 11307 5005 11307 5963 11307 5005 11308 5003 11308 5963 11308 5963 11309 5003 11309 5964 11309 5003 11310 5002 11310 5964 11310 5002 11311 5000 11311 5964 11311 5964 11312 5000 11312 5965 11312 5000 11313 4999 11313 5965 11313 4999 11314 4997 11314 5965 11314 5965 11315 4997 11315 5966 11315 4997 11316 4996 11316 5966 11316 4996 11317 4994 11317 5966 11317 5966 11318 4994 11318 5967 11318 4994 11319 4993 11319 5967 11319 4993 11320 5064 11320 5967 11320 5967 11321 5064 11321 5968 11321 5600 11322 5599 11322 5850 11322 5599 11323 5865 11323 5850 11323 5850 11324 5865 11324 5851 11324 5344 11325 5419 11325 5342 11325 5419 11326 5421 11326 5342 11326 5957 11327 5956 11327 5969 11327 5957 11328 5969 11328 5970 11328 5969 11329 5971 11329 5970 11329 5970 11330 5971 11330 5972 11330 5972 11331 5971 11331 5973 11331 5971 11332 5974 11332 5973 11332 5973 11333 5974 11333 5975 11333 5975 11334 5974 11334 5976 11334 5974 11335 5977 11335 5976 11335 5976 11336 5977 11336 5978 11336 5978 11337 5977 11337 5979 11337 5977 11338 5980 11338 5979 11338 5979 11339 5980 11339 5981 11339 5981 11340 5980 11340 5982 11340 5980 11341 5983 11341 5982 11341 5982 11342 5983 11342 5984 11342 5984 11343 5983 11343 5985 11343 5983 11344 5986 11344 5985 11344 5985 11345 5986 11345 5987 11345 5987 11346 5986 11346 5988 11346 5986 11347 5989 11347 5988 11347 5988 11348 5989 11348 5990 11348 5990 11349 5989 11349 5991 11349 5989 11350 5992 11350 5991 11350 5991 11351 5992 11351 5993 11351 5993 11352 5992 11352 5994 11352 5992 11353 5995 11353 5994 11353 5994 11354 5995 11354 5996 11354 5996 11355 5995 11355 5997 11355 5995 11356 5998 11356 5997 11356 5997 11357 5998 11357 5999 11357 5999 11358 5998 11358 6000 11358 5998 11359 6001 11359 6000 11359 6000 11360 6001 11360 6002 11360 6002 11361 6001 11361 6003 11361 6001 11362 6004 11362 6003 11362 6003 11363 6004 11363 6005 11363 6005 11364 6004 11364 6006 11364 6004 11365 6007 11365 6006 11365 6006 11366 6007 11366 6008 11366 6008 11367 6007 11367 6009 11367 6007 11368 5218 11368 6009 11368 6009 11369 5218 11369 5216 11369 5824 11370 5822 11370 6010 11370 5822 11371 5218 11371 6007 11371 5822 11372 6007 11372 6010 11372 6007 11373 6004 11373 6010 11373 6010 11374 6004 11374 6011 11374 6004 11375 6001 11375 6011 11375 6011 11376 6001 11376 6012 11376 6001 11377 5998 11377 6012 11377 6012 11378 5998 11378 6013 11378 5998 11379 5995 11379 6013 11379 6013 11380 5995 11380 6014 11380 5995 11381 5992 11381 6014 11381 6014 11382 5992 11382 6015 11382 5992 11383 5989 11383 6015 11383 6015 11384 5989 11384 6016 11384 5989 11385 5986 11385 6016 11385 6016 11386 5986 11386 6017 11386 5986 11387 5983 11387 6017 11387 6017 11388 5983 11388 6018 11388 5983 11389 5980 11389 6018 11389 6018 11390 5980 11390 6019 11390 5980 11391 5977 11391 6019 11391 6019 11392 5977 11392 6020 11392 5977 11393 5974 11393 6020 11393 6020 11394 5974 11394 6021 11394 5974 11395 5971 11395 6021 11395 6021 11396 5971 11396 6022 11396 5971 11397 5969 11397 6022 11397 6022 11398 5969 11398 6023 11398 5969 11399 5956 11399 6023 11399 6023 11400 5956 11400 5961 11400 5839 11401 5825 11401 6024 11401 5825 11402 5824 11402 6024 11402 5824 11403 6010 11403 6024 11403 6010 11404 6011 11404 6024 11404 6024 11405 6011 11405 6025 11405 6011 11406 6012 11406 6025 11406 6025 11407 6012 11407 6026 11407 6012 11408 6013 11408 6026 11408 6026 11409 6013 11409 6027 11409 6013 11410 6014 11410 6027 11410 6027 11411 6014 11411 6028 11411 6014 11412 6015 11412 6028 11412 6028 11413 6015 11413 6029 11413 6015 11414 6016 11414 6029 11414 6029 11415 6016 11415 6030 11415 6016 11416 6017 11416 6030 11416 6030 11417 6017 11417 6031 11417 6017 11418 6018 11418 6031 11418 6031 11419 6018 11419 6032 11419 6018 11420 6019 11420 6032 11420 6032 11421 6019 11421 6033 11421 6019 11422 6020 11422 6033 11422 6033 11423 6020 11423 6034 11423 6020 11424 6021 11424 6034 11424 6034 11425 6021 11425 6035 11425 6021 11426 6022 11426 6035 11426 6035 11427 6022 11427 6036 11427 6022 11428 6023 11428 6036 11428 6036 11429 6023 11429 6037 11429 6023 11430 5961 11430 6037 11430 6037 11431 5961 11431 5962 11431 5841 11432 5840 11432 6038 11432 5840 11433 5839 11433 6038 11433 5839 11434 6024 11434 6038 11434 6024 11435 6025 11435 6038 11435 6038 11436 6025 11436 6039 11436 6025 11437 6026 11437 6039 11437 6039 11438 6026 11438 6040 11438 6026 11439 6027 11439 6040 11439 6040 11440 6027 11440 6041 11440 6027 11441 6028 11441 6041 11441 6041 11442 6028 11442 6042 11442 6028 11443 6029 11443 6042 11443 6042 11444 6029 11444 6043 11444 6029 11445 6030 11445 6043 11445 6043 11446 6030 11446 6044 11446 6030 11447 6031 11447 6044 11447 6044 11448 6031 11448 6045 11448 6031 11449 6032 11449 6045 11449 6045 11450 6032 11450 6046 11450 6032 11451 6033 11451 6046 11451 6046 11452 6033 11452 6047 11452 6033 11453 6034 11453 6047 11453 6047 11454 6034 11454 6048 11454 6034 11455 6035 11455 6048 11455 6048 11456 6035 11456 6049 11456 6035 11457 6036 11457 6049 11457 6049 11458 6036 11458 6050 11458 6036 11459 6037 11459 6050 11459 6050 11460 6037 11460 6051 11460 6037 11461 5962 11461 6051 11461 6051 11462 5962 11462 5963 11462 5843 11463 5842 11463 6052 11463 5842 11464 5841 11464 6052 11464 5841 11465 6038 11465 6052 11465 6038 11466 6039 11466 6052 11466 6052 11467 6039 11467 6053 11467 6039 11468 6040 11468 6053 11468 6053 11469 6040 11469 6054 11469 6040 11470 6041 11470 6054 11470 6054 11471 6041 11471 6055 11471 6041 11472 6042 11472 6055 11472 6055 11473 6042 11473 6056 11473 6042 11474 6043 11474 6056 11474 6056 11475 6043 11475 6057 11475 6043 11476 6044 11476 6057 11476 6057 11477 6044 11477 6058 11477 6044 11478 6045 11478 6058 11478 6058 11479 6045 11479 6059 11479 6045 11480 6046 11480 6059 11480 6059 11481 6046 11481 6060 11481 6046 11482 6047 11482 6060 11482 6060 11483 6047 11483 6061 11483 6047 11484 6048 11484 6061 11484 6061 11485 6048 11485 6062 11485 6048 11486 6049 11486 6062 11486 6062 11487 6049 11487 6063 11487 6049 11488 6050 11488 6063 11488 6063 11489 6050 11489 6064 11489 6050 11490 6051 11490 6064 11490 6064 11491 6051 11491 6065 11491 6051 11492 5963 11492 6065 11492 6065 11493 5963 11493 5964 11493 5838 11494 5837 11494 6066 11494 5837 11495 5843 11495 6066 11495 5843 11496 6052 11496 6066 11496 6052 11497 6053 11497 6066 11497 6066 11498 6053 11498 6067 11498 6053 11499 6054 11499 6067 11499 6067 11500 6054 11500 6068 11500 6054 11501 6055 11501 6068 11501 6068 11502 6055 11502 6069 11502 6055 11503 6056 11503 6069 11503 6069 11504 6056 11504 6070 11504 6056 11505 6057 11505 6070 11505 6070 11506 6057 11506 6071 11506 6057 11507 6058 11507 6071 11507 6071 11508 6058 11508 6072 11508 6058 11509 6059 11509 6072 11509 6072 11510 6059 11510 6073 11510 6059 11511 6060 11511 6073 11511 6073 11512 6060 11512 6074 11512 6060 11513 6061 11513 6074 11513 6074 11514 6061 11514 6075 11514 6061 11515 6062 11515 6075 11515 6075 11516 6062 11516 6076 11516 6062 11517 6063 11517 6076 11517 6076 11518 6063 11518 6077 11518 6063 11519 6064 11519 6077 11519 6077 11520 6064 11520 6078 11520 6064 11521 6065 11521 6078 11521 6078 11522 6065 11522 6079 11522 6065 11523 5964 11523 6079 11523 6079 11524 5964 11524 5965 11524 5835 11525 5834 11525 6080 11525 5834 11526 5838 11526 6080 11526 5838 11527 6066 11527 6080 11527 6066 11528 6067 11528 6080 11528 6080 11529 6067 11529 6081 11529 6067 11530 6068 11530 6081 11530 6081 11531 6068 11531 6082 11531 6068 11532 6069 11532 6082 11532 6082 11533 6069 11533 6083 11533 6069 11534 6070 11534 6083 11534 6083 11535 6070 11535 6084 11535 6070 11536 6071 11536 6084 11536 6084 11537 6071 11537 6085 11537 6071 11538 6072 11538 6085 11538 6085 11539 6072 11539 6086 11539 6072 11540 6073 11540 6086 11540 6086 11541 6073 11541 6087 11541 6073 11542 6074 11542 6087 11542 6087 11543 6074 11543 6088 11543 6074 11544 6075 11544 6088 11544 6088 11545 6075 11545 6089 11545 6075 11546 6076 11546 6089 11546 6089 11547 6076 11547 6090 11547 6076 11548 6077 11548 6090 11548 6090 11549 6077 11549 6091 11549 6077 11550 6078 11550 6091 11550 6091 11551 6078 11551 6092 11551 6078 11552 6079 11552 6092 11552 6092 11553 6079 11553 6093 11553 6079 11554 5965 11554 6093 11554 6093 11555 5965 11555 5966 11555 5832 11556 5831 11556 6094 11556 5831 11557 5835 11557 6094 11557 5835 11558 6080 11558 6094 11558 6080 11559 6081 11559 6094 11559 6094 11560 6081 11560 6095 11560 6081 11561 6082 11561 6095 11561 6095 11562 6082 11562 6096 11562 6082 11563 6083 11563 6096 11563 6096 11564 6083 11564 6097 11564 6083 11565 6084 11565 6097 11565 6097 11566 6084 11566 6098 11566 6084 11567 6085 11567 6098 11567 6098 11568 6085 11568 6099 11568 6085 11569 6086 11569 6099 11569 6099 11570 6086 11570 6100 11570 6086 11571 6087 11571 6100 11571 6100 11572 6087 11572 6101 11572 6087 11573 6088 11573 6101 11573 6101 11574 6088 11574 6102 11574 6088 11575 6089 11575 6102 11575 6102 11576 6089 11576 6103 11576 6089 11577 6090 11577 6103 11577 6103 11578 6090 11578 6104 11578 6090 11579 6091 11579 6104 11579 6104 11580 6091 11580 6105 11580 6091 11581 6092 11581 6105 11581 6105 11582 6092 11582 6106 11582 6092 11583 6093 11583 6106 11583 6106 11584 6093 11584 6107 11584 6093 11585 5966 11585 6107 11585 6107 11586 5966 11586 5967 11586 6108 11587 5819 11587 5832 11587 5832 11588 6094 11588 6108 11588 6094 11589 6095 11589 6108 11589 6108 11590 6095 11590 6109 11590 6095 11591 6096 11591 6109 11591 6109 11592 6096 11592 6110 11592 6096 11593 6097 11593 6110 11593 6110 11594 6097 11594 6111 11594 6097 11595 6098 11595 6111 11595 6111 11596 6098 11596 6112 11596 6098 11597 6099 11597 6112 11597 6112 11598 6099 11598 6113 11598 6099 11599 6100 11599 6113 11599 6113 11600 6100 11600 6114 11600 6100 11601 6101 11601 6114 11601 6114 11602 6101 11602 6115 11602 6101 11603 6102 11603 6115 11603 6115 11604 6102 11604 6116 11604 6102 11605 6103 11605 6116 11605 6116 11606 6103 11606 6117 11606 6103 11607 6104 11607 6117 11607 6117 11608 6104 11608 6118 11608 6104 11609 6105 11609 6118 11609 6118 11610 6105 11610 6119 11610 6105 11611 6106 11611 6119 11611 6119 11612 6106 11612 6120 11612 6106 11613 6107 11613 6120 11613 6120 11614 6107 11614 6121 11614 6107 11615 5967 11615 6121 11615 6121 11616 5967 11616 5968 11616 6122 11617 5884 11617 6123 11617 5884 11618 5318 11618 6123 11618 6123 11619 5318 11619 5317 11619 5858 11620 5912 11620 5856 11620 5912 11621 6124 11621 5856 11621 5447 11622 5758 11622 5757 11622 5447 11623 5757 11623 5443 11623 5757 11624 5756 11624 5443 11624 5443 11625 5756 11625 5444 11625 5756 11626 5738 11626 5444 11626 5738 11627 5737 11627 5444 11627 5444 11628 5737 11628 5433 11628 5737 11629 5736 11629 5433 11629 5736 11630 5648 11630 5433 11630 5433 11631 5648 11631 5431 11631 5648 11632 5647 11632 5431 11632 5647 11633 5651 11633 5431 11633 5431 11634 5651 11634 5432 11634 5651 11635 5650 11635 5432 11635 5650 11636 5654 11636 5432 11636 5432 11637 5654 11637 5434 11637 5654 11638 5653 11638 5434 11638 5653 11639 5660 11639 5434 11639 5434 11640 5660 11640 5435 11640 5724 11641 5436 11641 5725 11641 5436 11642 5435 11642 5725 11642 5725 11643 5435 11643 5659 11643 5435 11644 5660 11644 5659 11644 5602 11645 5601 11645 5882 11645 5601 11646 5849 11646 5882 11646 5882 11647 5849 11647 5848 11647 5911 11648 5345 11648 6125 11648 5345 11649 5343 11649 6125 11649 5900 11650 5899 11650 6126 11650 5900 11651 6126 11651 6127 11651 6126 11652 6128 11652 6127 11652 6127 11653 6128 11653 6129 11653 6129 11654 6128 11654 6130 11654 6128 11655 6131 11655 6130 11655 6130 11656 6131 11656 6132 11656 6132 11657 6131 11657 6133 11657 6131 11658 6134 11658 6133 11658 6133 11659 6134 11659 6135 11659 6135 11660 6134 11660 6136 11660 6134 11661 6137 11661 6136 11661 6136 11662 6137 11662 6138 11662 6138 11663 6137 11663 6139 11663 6137 11664 6140 11664 6139 11664 6139 11665 6140 11665 6141 11665 6141 11666 6140 11666 6142 11666 6140 11667 6143 11667 6142 11667 6142 11668 6143 11668 6144 11668 6144 11669 6143 11669 6145 11669 6143 11670 6146 11670 6145 11670 6145 11671 6146 11671 6147 11671 6147 11672 6146 11672 6148 11672 6146 11673 6149 11673 6148 11673 6148 11674 6149 11674 6150 11674 6150 11675 6149 11675 6151 11675 6149 11676 6152 11676 6151 11676 6151 11677 6152 11677 6153 11677 6153 11678 6152 11678 6154 11678 6152 11679 6155 11679 6154 11679 6154 11680 6155 11680 6156 11680 6156 11681 6155 11681 6157 11681 6155 11682 6158 11682 6157 11682 6157 11683 6158 11683 6159 11683 6159 11684 6158 11684 6160 11684 6158 11685 6161 11685 6160 11685 6160 11686 6161 11686 6162 11686 6162 11687 6161 11687 6163 11687 6161 11688 6164 11688 6163 11688 6163 11689 6164 11689 6165 11689 6165 11690 6164 11690 6166 11690 6164 11691 5813 11691 6166 11691 6166 11692 5813 11692 5814 11692 5449 11693 5446 11693 5445 11693 5449 11694 5445 11694 5450 11694 5445 11695 5441 11695 5450 11695 5450 11696 5441 11696 5583 11696 5441 11697 5440 11697 5583 11697 5583 11698 5440 11698 5584 11698 5440 11699 5439 11699 5584 11699 5584 11700 5439 11700 5585 11700 5439 11701 5438 11701 5585 11701 5585 11702 5438 11702 5586 11702 5438 11703 5437 11703 5586 11703 5586 11704 5437 11704 5587 11704 5437 11705 5430 11705 5587 11705 5587 11706 5430 11706 5588 11706 5430 11707 5429 11707 5588 11707 5588 11708 5429 11708 5589 11708 5816 11709 5866 11709 6167 11709 5866 11710 5867 11710 6167 11710 6167 11711 5867 11711 6168 11711 5912 11712 5911 11712 6124 11712 5911 11713 6125 11713 6124 11713 6169 11714 6170 11714 6171 11714 6172 11715 5813 11715 6164 11715 6173 11716 6172 11716 6174 11716 6175 11717 6176 11717 6169 11717 6177 11718 6178 11718 6179 11718 6180 11719 6181 11719 6182 11719 6183 11720 6184 11720 6185 11720 6186 11721 6187 11721 6188 11721 6187 11722 6189 11722 6188 11722 6188 11723 6189 11723 6183 11723 6189 11724 6190 11724 6183 11724 6183 11725 6190 11725 6184 11725 6191 11726 6192 11726 6193 11726 6192 11727 6194 11727 6195 11727 6196 11728 6197 11728 6195 11728 6197 11729 6198 11729 6195 11729 6195 11730 6198 11730 6192 11730 6181 11731 6199 11731 6182 11731 6199 11732 6196 11732 6182 11732 6182 11733 6196 11733 6200 11733 6180 11734 6201 11734 6202 11734 6201 11735 6203 11735 6202 11735 6202 11736 6203 11736 6204 11736 6203 11737 6205 11737 6204 11737 6206 11738 6207 11738 6205 11738 6206 11739 6205 11739 6208 11739 6209 11740 6210 11740 6211 11740 6210 11741 6212 11741 6211 11741 6211 11742 6212 11742 6206 11742 6212 11743 6213 11743 6206 11743 6206 11744 6213 11744 6207 11744 6214 11745 6215 11745 6209 11745 6214 11746 6209 11746 6216 11746 6178 11747 6177 11747 6217 11747 6177 11748 6218 11748 6217 11748 6218 11749 6219 11749 6217 11749 6217 11750 6219 11750 6214 11750 6219 11751 6220 11751 6214 11751 6214 11752 6220 11752 6215 11752 6221 11753 6222 11753 6179 11753 6221 11754 6179 11754 6223 11754 6222 11755 6221 11755 6224 11755 6221 11756 6225 11756 6224 11756 6224 11757 6225 11757 6226 11757 6226 11758 6225 11758 6227 11758 6225 11759 5905 11759 6227 11759 6227 11760 5905 11760 5904 11760 6228 11761 6186 11761 6229 11761 6186 11762 6188 11762 6229 11762 6229 11763 6188 11763 6230 11763 6188 11764 6183 11764 6230 11764 6230 11765 6183 11765 6231 11765 6183 11766 6185 11766 6231 11766 6231 11767 6185 11767 6232 11767 6185 11768 6233 11768 6232 11768 6232 11769 6233 11769 6234 11769 6169 11770 6176 11770 6170 11770 6176 11771 6235 11771 6170 11771 6170 11772 6235 11772 6236 11772 6237 11773 6238 11773 6239 11773 6240 11774 6241 11774 6242 11774 6243 11775 6244 11775 6245 11775 6246 11776 6247 11776 6186 11776 6247 11777 6248 11777 6186 11777 6186 11778 6248 11778 6187 11778 6249 11779 6171 11779 6250 11779 6171 11780 6170 11780 6250 11780 6250 11781 6170 11781 6251 11781 6170 11782 6236 11782 6251 11782 6251 11783 6236 11783 6252 11783 6253 11784 6254 11784 6255 11784 6254 11785 6256 11785 6255 11785 6255 11786 6256 11786 6246 11786 6256 11787 6257 11787 6246 11787 6246 11788 6257 11788 6247 11788 6257 11789 6258 11789 6247 11789 6247 11790 6258 11790 6248 11790 6228 11791 6175 11791 6186 11791 6175 11792 6169 11792 6186 11792 6186 11793 6169 11793 6246 11793 6169 11794 6171 11794 6246 11794 6246 11795 6171 11795 6255 11795 6171 11796 6249 11796 6255 11796 6255 11797 6249 11797 6253 11797 6249 11798 6191 11798 6253 11798 6253 11799 6191 11799 6259 11799 6191 11800 6193 11800 6259 11800 6192 11801 6191 11801 6194 11801 6191 11802 6249 11802 6194 11802 6194 11803 6249 11803 6260 11803 6249 11804 6250 11804 6260 11804 6260 11805 6250 11805 6261 11805 6250 11806 6251 11806 6261 11806 6261 11807 6251 11807 6237 11807 6251 11808 6252 11808 6237 11808 6237 11809 6252 11809 6238 11809 6196 11810 6195 11810 6200 11810 6195 11811 6194 11811 6200 11811 6200 11812 6194 11812 6262 11812 6194 11813 6260 11813 6262 11813 6262 11814 6260 11814 6263 11814 6260 11815 6261 11815 6263 11815 6263 11816 6261 11816 6264 11816 6261 11817 6237 11817 6264 11817 6264 11818 6237 11818 6265 11818 6237 11819 6239 11819 6265 11819 6265 11820 6239 11820 6266 11820 6180 11821 6182 11821 6201 11821 6182 11822 6200 11822 6201 11822 6201 11823 6200 11823 6267 11823 6200 11824 6262 11824 6267 11824 6267 11825 6262 11825 6268 11825 6262 11826 6263 11826 6268 11826 6268 11827 6263 11827 6269 11827 6263 11828 6264 11828 6269 11828 6269 11829 6264 11829 6270 11829 6264 11830 6265 11830 6270 11830 6270 11831 6265 11831 6240 11831 6265 11832 6266 11832 6240 11832 6240 11833 6266 11833 6241 11833 6205 11834 6203 11834 6208 11834 6203 11835 6201 11835 6208 11835 6208 11836 6201 11836 6271 11836 6201 11837 6267 11837 6271 11837 6271 11838 6267 11838 6272 11838 6267 11839 6268 11839 6272 11839 6272 11840 6268 11840 6273 11840 6268 11841 6269 11841 6273 11841 6273 11842 6269 11842 6274 11842 6269 11843 6270 11843 6274 11843 6274 11844 6270 11844 6275 11844 6270 11845 6240 11845 6275 11845 6275 11846 6240 11846 6276 11846 6240 11847 6242 11847 6276 11847 6276 11848 6242 11848 6277 11848 6209 11849 6211 11849 6216 11849 6211 11850 6206 11850 6216 11850 6216 11851 6206 11851 6278 11851 6206 11852 6208 11852 6278 11852 6278 11853 6208 11853 6279 11853 6208 11854 6271 11854 6279 11854 6279 11855 6271 11855 6280 11855 6271 11856 6272 11856 6280 11856 6280 11857 6272 11857 6281 11857 6272 11858 6273 11858 6281 11858 6281 11859 6273 11859 6282 11859 6273 11860 6274 11860 6282 11860 6282 11861 6274 11861 6283 11861 6274 11862 6275 11862 6283 11862 6283 11863 6275 11863 6284 11863 6275 11864 6276 11864 6284 11864 6284 11865 6276 11865 6243 11865 6276 11866 6277 11866 6243 11866 6243 11867 6277 11867 6244 11867 6179 11868 6178 11868 6223 11868 6178 11869 6217 11869 6223 11869 6223 11870 6217 11870 6285 11870 6217 11871 6214 11871 6285 11871 6285 11872 6214 11872 6286 11872 6214 11873 6216 11873 6286 11873 6286 11874 6216 11874 6287 11874 6216 11875 6278 11875 6287 11875 6287 11876 6278 11876 6288 11876 6278 11877 6279 11877 6288 11877 6288 11878 6279 11878 6289 11878 6279 11879 6280 11879 6289 11879 6289 11880 6280 11880 6290 11880 6280 11881 6281 11881 6290 11881 6290 11882 6281 11882 6291 11882 6281 11883 6282 11883 6291 11883 6291 11884 6282 11884 6292 11884 6282 11885 6283 11885 6292 11885 6292 11886 6283 11886 6293 11886 6283 11887 6284 11887 6293 11887 6293 11888 6284 11888 6294 11888 6284 11889 6243 11889 6294 11889 6294 11890 6243 11890 6295 11890 6243 11891 6245 11891 6295 11891 6295 11892 6245 11892 6173 11892 6173 11893 6174 11893 6295 11893 6174 11894 6296 11894 6295 11894 6295 11895 6296 11895 6294 11895 6296 11896 6297 11896 6294 11896 6294 11897 6297 11897 6293 11897 6297 11898 6298 11898 6293 11898 6293 11899 6298 11899 6292 11899 6298 11900 6299 11900 6292 11900 6292 11901 6299 11901 6291 11901 6299 11902 6300 11902 6291 11902 6291 11903 6300 11903 6290 11903 6300 11904 6301 11904 6290 11904 6290 11905 6301 11905 6289 11905 6301 11906 6302 11906 6289 11906 6289 11907 6302 11907 6288 11907 6302 11908 6303 11908 6288 11908 6288 11909 6303 11909 6287 11909 6303 11910 6304 11910 6287 11910 6287 11911 6304 11911 6286 11911 6304 11912 6305 11912 6286 11912 6286 11913 6305 11913 6285 11913 6305 11914 6306 11914 6285 11914 6285 11915 6306 11915 6223 11915 6306 11916 6307 11916 6223 11916 6223 11917 6307 11917 6221 11917 6307 11918 6308 11918 6221 11918 6221 11919 6308 11919 6225 11919 6308 11920 5906 11920 6225 11920 6225 11921 5906 11921 5905 11921 6172 11922 6164 11922 6174 11922 6164 11923 6161 11923 6174 11923 6174 11924 6161 11924 6296 11924 6161 11925 6158 11925 6296 11925 6296 11926 6158 11926 6297 11926 6158 11927 6155 11927 6297 11927 6297 11928 6155 11928 6298 11928 6155 11929 6152 11929 6298 11929 6298 11930 6152 11930 6299 11930 6152 11931 6149 11931 6299 11931 6299 11932 6149 11932 6300 11932 6149 11933 6146 11933 6300 11933 6300 11934 6146 11934 6301 11934 6146 11935 6143 11935 6301 11935 6301 11936 6143 11936 6302 11936 6143 11937 6140 11937 6302 11937 6302 11938 6140 11938 6303 11938 6140 11939 6137 11939 6303 11939 6303 11940 6137 11940 6304 11940 6137 11941 6134 11941 6304 11941 6304 11942 6134 11942 6305 11942 6134 11943 6131 11943 6305 11943 6305 11944 6131 11944 6306 11944 6131 11945 6128 11945 6306 11945 6306 11946 6128 11946 6307 11946 6128 11947 6126 11947 6307 11947 6307 11948 6126 11948 6308 11948 6126 11949 5899 11949 6308 11949 6308 11950 5899 11950 5906 11950 5915 11951 5914 11951 6309 11951 5914 11952 6310 11952 6309 11952 5897 11953 5898 11953 6311 11953 5898 11954 6312 11954 6311 11954 6167 11955 6123 11955 5816 11955 6123 11956 5317 11956 5816 11956 5918 11957 5475 11957 5483 11957 6313 11958 5479 11958 5918 11958 5479 11959 5478 11959 5918 11959 5918 11960 5478 11960 5475 11960 5495 11961 5893 11961 5493 11961 5893 11962 5491 11962 5493 11962 5483 11963 5485 11963 5918 11963 5485 11964 5487 11964 5918 11964 5918 11965 5487 11965 5893 11965 5487 11966 5489 11966 5893 11966 5893 11967 5489 11967 5491 11967 5504 11968 6314 11968 5499 11968 6314 11969 5893 11969 5499 11969 5499 11970 5893 11970 5497 11970 5893 11971 5495 11971 5497 11971 6315 11972 6316 11972 6317 11972 6316 11973 6318 11973 6317 11973 5604 11974 5895 11974 5606 11974 5895 11975 6319 11975 5606 11975 5878 11976 5879 11976 6320 11976 5879 11977 6321 11977 6320 11977 5293 11978 5241 11978 5354 11978 5241 11979 5240 11979 5354 11979 5293 11980 5354 11980 5292 11980 5354 11981 6322 11981 5292 11981 5292 11982 6322 11982 6323 11982 5893 11983 6314 11983 6324 11983 5240 11984 5243 11984 5354 11984 5243 11985 5237 11985 5354 11985 5354 11986 5237 11986 5239 11986 6324 11987 6325 11987 5893 11987 6325 11988 6326 11988 5893 11988 5893 11989 6326 11989 6327 11989 5239 11990 5245 11990 5354 11990 5245 11991 5247 11991 5354 11991 5354 11992 5247 11992 5249 11992 6327 11993 6328 11993 5893 11993 6328 11994 6329 11994 5893 11994 5893 11995 6329 11995 6330 11995 5249 11996 5251 11996 5354 11996 5251 11997 5252 11997 5354 11997 5354 11998 5252 11998 5256 11998 5256 11999 5254 11999 5354 11999 5254 12000 5253 12000 5354 12000 5354 12001 5253 12001 5270 12001 5270 12002 5260 12002 5354 12002 5260 12003 5258 12003 5354 12003 5354 12004 5258 12004 5257 12004 6331 12005 6332 12005 6234 12005 6332 12006 6333 12006 6234 12006 6234 12007 6333 12007 5263 12007 6333 12008 5354 12008 5263 12008 5263 12009 5354 12009 5261 12009 5354 12010 5257 12010 5261 12010 6219 12011 6218 12011 5953 12011 6218 12012 6177 12012 5953 12012 5953 12013 6177 12013 6179 12013 6192 12014 6198 12014 6331 12014 6198 12015 6197 12015 6331 12015 6202 12016 6331 12016 6180 12016 6331 12017 6181 12017 6180 12017 6209 12018 6215 12018 5953 12018 6215 12019 6220 12019 5953 12019 5953 12020 6220 12020 6219 12020 6179 12021 6222 12021 5953 12021 6222 12022 6224 12022 5953 12022 5953 12023 6224 12023 6226 12023 6226 12024 6227 12024 5953 12024 6227 12025 5904 12025 5953 12025 5953 12026 5904 12026 5954 12026 5904 12027 5893 12027 5954 12027 5954 12028 5893 12028 6334 12028 5893 12029 6330 12029 6334 12029 6197 12030 6196 12030 6331 12030 6196 12031 6199 12031 6331 12031 6331 12032 6199 12032 6181 12032 6202 12033 6204 12033 6331 12033 6204 12034 6205 12034 6331 12034 6331 12035 6205 12035 6207 12035 6207 12036 6213 12036 6331 12036 6213 12037 6212 12037 6331 12037 6331 12038 6212 12038 5953 12038 6212 12039 6210 12039 5953 12039 5953 12040 6210 12040 6209 12040 6253 12041 6259 12041 6331 12041 6259 12042 6193 12042 6331 12042 6331 12043 6193 12043 6192 12043 6257 12044 6256 12044 6331 12044 6256 12045 6254 12045 6331 12045 6331 12046 6254 12046 6253 12046 6187 12047 6248 12047 6331 12047 6248 12048 6258 12048 6331 12048 6331 12049 6258 12049 6257 12049 6234 12050 6233 12050 6331 12050 6233 12051 6185 12051 6331 12051 6331 12052 6185 12052 6184 12052 6184 12053 6190 12053 6331 12053 6190 12054 6189 12054 6331 12054 6331 12055 6189 12055 6187 12055 6335 12056 6336 12056 6337 12056 6336 12057 6338 12057 6337 12057 5850 12058 5849 12058 5600 12058 5849 12059 5601 12059 5600 12059 5898 12060 5896 12060 6312 12060 5896 12061 6339 12061 6312 12061 5673 12062 5671 12062 5158 12062 6340 12063 5698 12063 5158 12063 5698 12064 5675 12064 5158 12064 5158 12065 5675 12065 5673 12065 5820 12066 5819 12066 5712 12066 5819 12067 5711 12067 5712 12067 5671 12068 5669 12068 5158 12068 5669 12069 5667 12069 5158 12069 5158 12070 5667 12070 5666 12070 5666 12071 5664 12071 5158 12071 5664 12072 5663 12072 5158 12072 5158 12073 5663 12073 5704 12073 6111 12074 5158 12074 6110 12074 5158 12075 6109 12075 6110 12075 6109 12076 5158 12076 6108 12076 5158 12077 5704 12077 6108 12077 6108 12078 5704 12078 5819 12078 5704 12079 5717 12079 5819 12079 5819 12080 5717 12080 5711 12080 6111 12081 6112 12081 5158 12081 6112 12082 6113 12082 5158 12082 5158 12083 6113 12083 6114 12083 6114 12084 6115 12084 5158 12084 6115 12085 6116 12085 5158 12085 5158 12086 6116 12086 6117 12086 6117 12087 6118 12087 5158 12087 6118 12088 6119 12088 5158 12088 5158 12089 6119 12089 6120 12089 5064 12090 5086 12090 5968 12090 5086 12091 5158 12091 5968 12091 5968 12092 5158 12092 6121 12092 5158 12093 6120 12093 6121 12093 6341 12094 6342 12094 6343 12094 6342 12095 6344 12095 6343 12095 5913 12096 5859 12096 6345 12096 5859 12097 5857 12097 6345 12097 6346 12098 6347 12098 6348 12098 6349 12099 6350 12099 6348 12099 6350 12100 6351 12100 6348 12100 6348 12101 6351 12101 6346 12101 6352 12102 6353 12102 6354 12102 6347 12103 6346 12103 6354 12103 6346 12104 6355 12104 6354 12104 6354 12105 6355 12105 6352 12105 6356 12106 6357 12106 6358 12106 6353 12107 6352 12107 6359 12107 6352 12108 6360 12108 6359 12108 6359 12109 6360 12109 6361 12109 6360 12110 6362 12110 6361 12110 6361 12111 6362 12111 6363 12111 6362 12112 6364 12112 6363 12112 6363 12113 6364 12113 6365 12113 6364 12114 6366 12114 6365 12114 6365 12115 6366 12115 6358 12115 6366 12116 6367 12116 6358 12116 6358 12117 6367 12117 6356 12117 6357 12118 6356 12118 6368 12118 6356 12119 6369 12119 6368 12119 6368 12120 6369 12120 6370 12120 6369 12121 6371 12121 6370 12121 6370 12122 6371 12122 6372 12122 6371 12123 6373 12123 6372 12123 6373 12124 6374 12124 6372 12124 6372 12125 6374 12125 6375 12125 6374 12126 5767 12126 6375 12126 6375 12127 5767 12127 5775 12127 6376 12128 6377 12128 5220 12128 5346 12129 5876 12129 5347 12129 5876 12130 6378 12130 5347 12130 5347 12131 6378 12131 5220 12131 6378 12132 6379 12132 5220 12132 5220 12133 6379 12133 6380 12133 6380 12134 6381 12134 5220 12134 6381 12135 6382 12135 5220 12135 5220 12136 6382 12136 6383 12136 6383 12137 6384 12137 5220 12137 6384 12138 6385 12138 5220 12138 5220 12139 6385 12139 6386 12139 6387 12140 6388 12140 5220 12140 6377 12141 6389 12141 5220 12141 6389 12142 6390 12142 5220 12142 5220 12143 6390 12143 5219 12143 6386 12144 6391 12144 5220 12144 6391 12145 6392 12145 5220 12145 5220 12146 6392 12146 6393 12146 6388 12147 6394 12147 5220 12147 6394 12148 6395 12148 5220 12148 5220 12149 6395 12149 6396 12149 6393 12150 6397 12150 5220 12150 6397 12151 6398 12151 5220 12151 5220 12152 6398 12152 6399 12152 6396 12153 6400 12153 5220 12153 6400 12154 6401 12154 5220 12154 5220 12155 6401 12155 6376 12155 6399 12156 6402 12156 5220 12156 6402 12157 6403 12157 5220 12157 5220 12158 6403 12158 6387 12158 5914 12159 5913 12159 6310 12159 5913 12160 6345 12160 6310 12160 6404 12161 6405 12161 6406 12161 6407 12162 6408 12162 6409 12162 6408 12163 6410 12163 6409 12163 6409 12164 6410 12164 6411 12164 6410 12165 6412 12165 6411 12165 6411 12166 6412 12166 6413 12166 6412 12167 6414 12167 6413 12167 6413 12168 6414 12168 6415 12168 6414 12169 6416 12169 6415 12169 6415 12170 6416 12170 6406 12170 6416 12171 6417 12171 6406 12171 6406 12172 6417 12172 6404 12172 6418 12173 6419 12173 6420 12173 6405 12174 6404 12174 6420 12174 6404 12175 6421 12175 6420 12175 6420 12176 6421 12176 6418 12176 6419 12177 6418 12177 6422 12177 6418 12178 6423 12178 6422 12178 6422 12179 6423 12179 6424 12179 6423 12180 6425 12180 6424 12180 6424 12181 6425 12181 6426 12181 6425 12182 6427 12182 6426 12182 6426 12183 6427 12183 6428 12183 6427 12184 6429 12184 6428 12184 6428 12185 6429 12185 6430 12185 6429 12186 6431 12186 6430 12186 6431 12187 6432 12187 6430 12187 6430 12188 6432 12188 6433 12188 6432 12189 5777 12189 6433 12189 6433 12190 5777 12190 5765 12190 5199 12191 5897 12191 5197 12191 5897 12192 6311 12192 5197 12192 5594 12193 5186 12193 5592 12193 5186 12194 5762 12194 5592 12194 5159 12195 5889 12195 5890 12195 5467 12196 5220 12196 5721 12196 5220 12197 5214 12197 5721 12197 5721 12198 5214 12198 5213 12198 5211 12199 5212 12199 5213 12199 5212 12200 5828 12200 5213 12200 5862 12201 5863 12201 5881 12201 5863 12202 5198 12202 5881 12202 5713 12203 5727 12203 5213 12203 5727 12204 5722 12204 5213 12204 5213 12205 5722 12205 5721 12205 5467 12206 5164 12206 5163 12206 5818 12207 5960 12207 5163 12207 5960 12208 6434 12208 5163 12208 5163 12209 6434 12209 5467 12209 6434 12210 6435 12210 5467 12210 6310 12211 6345 12211 6309 12211 6345 12212 5857 12212 6309 12212 5708 12213 5707 12213 5213 12213 5707 12214 5714 12214 5213 12214 5213 12215 5714 12215 5713 12215 5856 12216 5467 12216 5857 12216 5467 12217 5466 12217 5857 12217 5857 12218 5466 12218 5518 12218 6124 12219 6125 12219 5856 12219 6125 12220 5343 12220 5856 12220 5856 12221 5343 12221 5467 12221 5343 12222 5342 12222 5467 12222 5421 12223 5422 12223 5342 12223 5422 12224 6436 12224 5342 12224 5342 12225 6436 12225 5467 12225 6436 12226 6437 12226 5467 12226 5708 12227 5213 12227 5710 12227 5213 12228 5820 12228 5710 12228 5710 12229 5820 12229 5712 12229 5518 12230 5520 12230 5857 12230 5520 12231 5522 12231 5857 12231 5857 12232 5522 12232 5521 12232 6438 12233 6439 12233 6437 12233 6439 12234 5160 12234 6437 12234 6437 12235 5160 12235 5467 12235 5160 12236 5159 12236 5467 12236 5467 12237 5159 12237 5164 12237 5159 12238 5890 12238 5164 12238 6440 12239 5854 12239 6435 12239 5854 12240 5855 12240 6435 12240 6435 12241 5855 12241 5467 12241 5855 12242 5881 12242 5467 12242 5467 12243 5881 12243 5220 12243 5881 12244 5198 12244 5220 12244 5220 12245 5198 12245 5197 12245 5828 12246 5827 12246 5213 12246 5827 12247 5836 12247 5213 12247 5213 12248 5836 12248 5833 12248 5521 12249 5482 12249 5857 12249 5482 12250 5481 12250 5857 12250 5857 12251 5481 12251 5479 12251 6311 12252 6312 12252 5197 12252 6312 12253 6339 12253 5197 12253 5197 12254 6339 12254 5220 12254 6339 12255 5613 12255 5220 12255 5833 12256 5830 12256 5213 12256 5830 12257 5821 12257 5213 12257 5213 12258 5821 12258 5820 12258 5605 12259 5606 12259 5613 12259 5606 12260 6319 12260 5613 12260 5613 12261 6319 12261 5220 12261 6319 12262 5190 12262 5220 12262 5479 12263 6313 12263 5857 12263 6313 12264 6441 12264 5857 12264 5857 12265 6441 12265 6442 12265 6442 12266 6443 12266 5857 12266 6443 12267 6444 12267 5857 12267 5857 12268 6444 12268 6309 12268 5203 12269 5347 12269 5194 12269 5347 12270 5220 12270 5194 12270 5194 12271 5220 12271 5192 12271 5220 12272 5190 12272 5192 12272 5192 12273 5190 12273 5596 12273 5190 12274 5191 12274 5596 12274 6342 12275 6341 12275 6318 12275 6341 12276 6317 12276 6318 12276 5888 12277 5166 12277 5890 12277 5166 12278 5164 12278 5890 12278 5341 12279 5184 12279 5594 12279 5184 12280 5186 12280 5594 12280 5337 12281 5171 12281 5011 12281 5171 12282 5072 12282 5011 12282 5952 12283 6445 12283 4946 12283 6445 12284 4948 12284 4946 12284 5175 12285 6446 12285 4907 12285 4907 12286 4909 12286 5175 12286 4909 12287 4911 12287 5175 12287 5175 12288 4911 12288 5106 12288 4911 12289 4913 12289 5106 12289 5106 12290 4913 12290 4915 12290 4915 12291 4917 12291 5106 12291 4917 12292 4919 12292 5106 12292 5106 12293 4919 12293 4921 12293 4978 12294 4941 12294 5144 12294 5144 12295 4970 12295 4964 12295 4964 12296 4962 12296 5144 12296 4962 12297 4944 12297 5144 12297 5144 12298 4944 12298 4957 12298 5144 12299 4952 12299 6445 12299 4952 12300 4950 12300 6445 12300 6445 12301 4950 12301 4948 12301 4921 12302 4923 12302 5106 12302 4923 12303 4925 12303 5106 12303 5106 12304 4925 12304 4927 12304 4927 12305 4929 12305 5106 12305 4929 12306 4931 12306 5106 12306 5106 12307 4931 12307 4933 12307 4941 12308 4974 12308 5144 12308 4974 12309 4972 12309 5144 12309 5144 12310 4972 12310 4970 12310 4957 12311 4956 12311 5144 12311 4956 12312 4954 12312 5144 12312 5144 12313 4954 12313 4952 12313 4933 12314 4935 12314 5106 12314 4935 12315 4937 12315 5106 12315 5106 12316 4937 12316 5144 12316 4937 12317 4979 12317 5144 12317 5144 12318 4979 12318 4978 12318 6167 12319 6168 12319 6320 12319 6167 12320 6320 12320 6123 12320 6320 12321 6321 12321 6123 12321 6123 12322 6321 12322 6122 12322 5894 12323 5852 12323 6440 12323 5852 12324 5854 12324 6440 12324 5679 12325 5697 12325 5923 12325 5690 12326 5689 12326 5924 12326 5953 12327 5921 12327 5928 12327 5953 12328 5928 12328 6331 12328 5928 12329 5927 12329 6331 12329 6331 12330 5927 12330 6332 12330 5927 12331 5931 12331 6332 12331 6332 12332 5931 12332 6333 12332 6333 12333 5931 12333 6447 12333 5931 12334 5932 12334 6447 12334 6447 12335 5932 12335 6448 12335 5941 12336 6449 12336 6450 12336 5941 12337 6450 12337 5932 12337 6450 12338 6451 12338 5932 12338 5932 12339 6451 12339 6448 12339 5940 12340 6452 12340 6453 12340 5940 12341 6453 12341 5941 12341 6453 12342 6454 12342 5941 12342 5941 12343 6454 12343 6449 12343 6452 12344 5940 12344 6455 12344 5940 12345 5939 12345 6455 12345 6455 12346 5939 12346 6456 12346 6457 12347 6458 12347 5930 12347 6458 12348 6459 12348 5930 12348 5930 12349 6459 12349 5939 12349 6459 12350 6460 12350 5939 12350 5939 12351 6460 12351 6456 12351 5699 12352 5698 12352 6340 12352 5929 12353 6461 12353 6462 12353 6462 12354 6463 12354 5929 12354 6463 12355 6464 12355 5929 12355 5929 12356 6464 12356 5930 12356 6464 12357 6465 12357 5930 12357 5930 12358 6465 12358 6457 12358 5702 12359 5701 12359 5926 12359 5701 12360 5699 12360 5926 12360 5926 12361 5699 12361 5929 12361 5699 12362 6340 12362 5929 12362 5929 12363 6340 12363 6461 12363 5676 12364 5693 12364 5925 12364 5693 12365 5692 12365 5925 12365 5925 12366 5692 12366 5926 12366 5692 12367 5703 12367 5926 12367 5926 12368 5703 12368 5702 12368 5924 12369 5689 12369 5925 12369 5689 12370 5677 12370 5925 12370 5925 12371 5677 12371 5676 12371 5923 12372 5697 12372 5924 12372 5697 12373 5691 12373 5924 12373 5924 12374 5691 12374 5690 12374 5883 12375 5682 12375 5922 12375 5682 12376 5681 12376 5922 12376 5922 12377 5681 12377 5685 12377 5685 12378 5686 12378 5922 12378 5686 12379 5687 12379 5922 12379 5922 12380 5687 12380 5923 12380 5687 12381 5680 12381 5923 12381 5923 12382 5680 12382 5679 12382 5869 12383 5870 12383 5885 12383 5870 12384 5886 12384 5885 12384 5764 12385 5608 12385 5762 12385 5608 12386 5607 12386 5762 12386 5762 12387 5607 12387 5592 12387 5607 12388 5590 12388 5592 12388 5891 12389 5894 12389 6435 12389 5894 12390 6440 12390 6435 12390 5504 12391 5503 12391 6314 12391 5503 12392 5937 12392 6314 12392 6314 12393 5937 12393 6324 12393 5937 12394 5936 12394 6324 12394 5936 12395 5946 12395 6324 12395 6324 12396 5946 12396 6325 12396 5946 12397 5945 12397 6325 12397 6325 12398 5945 12398 6326 12398 5945 12399 5944 12399 6326 12399 6326 12400 5944 12400 6327 12400 5944 12401 5943 12401 6327 12401 6327 12402 5943 12402 6328 12402 5943 12403 5942 12403 6328 12403 6328 12404 5942 12404 6329 12404 5942 12405 5935 12405 6329 12405 6329 12406 5935 12406 6330 12406 5935 12407 5934 12407 6330 12407 6330 12408 5934 12408 6334 12408 5934 12409 5933 12409 6334 12409 6334 12410 5933 12410 5954 12410 5514 12411 5864 12411 5516 12411 5864 12412 5949 12412 5516 12412 5516 12413 5949 12413 5469 12413 5949 12414 5470 12414 5469 12414 5470 12415 5949 12415 5570 12415 5949 12416 5950 12416 5570 12416 5570 12417 5950 12417 5472 12417 5472 12418 5950 12418 5473 12418 5950 12419 5948 12419 5473 12419 5473 12420 5948 12420 5564 12420 5564 12421 5948 12421 5508 12421 5948 12422 5947 12422 5508 12422 5508 12423 5947 12423 5509 12423 5509 12424 5947 12424 5511 12424 5947 12425 5938 12425 5511 12425 5511 12426 5938 12426 5505 12426 5503 12427 5501 12427 5937 12427 5501 12428 5507 12428 5937 12428 5937 12429 5507 12429 5938 12429 5507 12430 5506 12430 5938 12430 5938 12431 5506 12431 5505 12431 6466 12432 6467 12432 6468 12432 6467 12433 6469 12433 6468 12433 4907 12434 6446 12434 4908 12434 6446 12435 5955 12435 4908 12435 6470 12436 6471 12436 6472 12436 6471 12437 6473 12437 6472 12437 5292 12438 6323 12438 5235 12438 6323 12439 5233 12439 5235 12439 4953 12440 4955 12440 4991 12440 6323 12441 5951 12441 4945 12441 4945 12442 5230 12442 6323 12442 5230 12443 5231 12443 6323 12443 6323 12444 5231 12444 5233 12444 4945 12445 4947 12445 5230 12445 4947 12446 4949 12446 5230 12446 5230 12447 4949 12447 4991 12447 4949 12448 4951 12448 4991 12448 4991 12449 4951 12449 4953 12449 6407 12450 6474 12450 6408 12450 6474 12451 6475 12451 6408 12451 6350 12452 6468 12452 6407 12452 6468 12453 6474 12453 6407 12453 6349 12454 6466 12454 6350 12454 6466 12455 6468 12455 6350 12455 6408 12456 6475 12456 6349 12456 6475 12457 6466 12457 6349 12457 6467 12458 6476 12458 6469 12458 6476 12459 6477 12459 6469 12459 6478 12460 5885 12460 6479 12460 5885 12461 5847 12461 6479 12461 6480 12462 5869 12462 6478 12462 5869 12463 5885 12463 6478 12463 6481 12464 5845 12464 6480 12464 5845 12465 5869 12465 6480 12465 6479 12466 5847 12466 6481 12466 5847 12467 5845 12467 6481 12467 5844 12468 5846 12468 5870 12468 5846 12469 5886 12469 5870 12469 6482 12470 6315 12470 6483 12470 6315 12471 6317 12471 6483 12471 6484 12472 6343 12472 6482 12472 6343 12473 6315 12473 6482 12473 6485 12474 6341 12474 6484 12474 6341 12475 6343 12475 6484 12475 6483 12476 6317 12476 6485 12476 6317 12477 6341 12477 6485 12477 6342 12478 6318 12478 6344 12478 6318 12479 6316 12479 6344 12479 6343 12480 6344 12480 6315 12480 6344 12481 6316 12481 6315 12481 5861 12482 5200 12482 5863 12482 5200 12483 5198 12483 5863 12483 5221 12484 4987 12484 6172 12484 4987 12485 5813 12485 6172 12485 5221 12486 6172 12486 5222 12486 6172 12487 6173 12487 5222 12487 5222 12488 6173 12488 5311 12488 6242 12489 5290 12489 6277 12489 5290 12490 5225 12490 6277 12490 5311 12491 6173 12491 5224 12491 6173 12492 6245 12492 5224 12492 5224 12493 6245 12493 5225 12493 6245 12494 6244 12494 5225 12494 5225 12495 6244 12495 6277 12495 5279 12496 6242 12496 5280 12496 6242 12497 6241 12497 5280 12497 5279 12498 5288 12498 6242 12498 5288 12499 5291 12499 6242 12499 6242 12500 5291 12500 5290 12500 6241 12501 6266 12501 5280 12501 6266 12502 6239 12502 5280 12502 5280 12503 6239 12503 5277 12503 5271 12504 6229 12504 5268 12504 6229 12505 6230 12505 5268 12505 5268 12506 6230 12506 5269 12506 6239 12507 6238 12507 5277 12507 6238 12508 6252 12508 5277 12508 5277 12509 6252 12509 5227 12509 6252 12510 6236 12510 5227 12510 5227 12511 6236 12511 5228 12511 6236 12512 6235 12512 5228 12512 5228 12513 6235 12513 5273 12513 6235 12514 6176 12514 5273 12514 5273 12515 6176 12515 5272 12515 6176 12516 6175 12516 5272 12516 5272 12517 6175 12517 5271 12517 6175 12518 6228 12518 5271 12518 5271 12519 6228 12519 6229 12519 6234 12520 5263 12520 6232 12520 5263 12521 5262 12521 6232 12521 5269 12522 6230 12522 5262 12522 6230 12523 6231 12523 5262 12523 5262 12524 6231 12524 6232 12524 6474 12525 6477 12525 6475 12525 6477 12526 6476 12526 6475 12526 5903 12527 5892 12527 5960 12527 5892 12528 6434 12528 5960 12528 5467 12529 5721 12529 5468 12529 5721 12530 5719 12530 5468 12530 5468 12531 5719 12531 5525 12531 5719 12532 5718 12532 5525 12532 5525 12533 5718 12533 5527 12533 5718 12534 5645 12534 5527 12534 5527 12535 5645 12535 5528 12535 5645 12536 5644 12536 5528 12536 5528 12537 5644 12537 5530 12537 5644 12538 5642 12538 5530 12538 5530 12539 5642 12539 5531 12539 5642 12540 5641 12540 5531 12540 5531 12541 5641 12541 5533 12541 5641 12542 5639 12542 5533 12542 5533 12543 5639 12543 5534 12543 5639 12544 5638 12544 5534 12544 5534 12545 5638 12545 5536 12545 5638 12546 5636 12546 5536 12546 5536 12547 5636 12547 5537 12547 5636 12548 5635 12548 5537 12548 5537 12549 5635 12549 5539 12549 5635 12550 5633 12550 5539 12550 5539 12551 5633 12551 5540 12551 5633 12552 5632 12552 5540 12552 5540 12553 5632 12553 5542 12553 5632 12554 5630 12554 5542 12554 5542 12555 5630 12555 5543 12555 5630 12556 5629 12556 5543 12556 5543 12557 5629 12557 5548 12557 5629 12558 5627 12558 5548 12558 5548 12559 5627 12559 5547 12559 5627 12560 5626 12560 5547 12560 5547 12561 5626 12561 5545 12561 5626 12562 5624 12562 5545 12562 5545 12563 5624 12563 5463 12563 5624 12564 5623 12564 5463 12564 5463 12565 5623 12565 5464 12565 5623 12566 5621 12566 5464 12566 5464 12567 5621 12567 5460 12567 5621 12568 5620 12568 5460 12568 5460 12569 5620 12569 5461 12569 5620 12570 5618 12570 5461 12570 5461 12571 5618 12571 5457 12571 5618 12572 5617 12572 5457 12572 5457 12573 5617 12573 5458 12573 5617 12574 5615 12574 5458 12574 5458 12575 5615 12575 5454 12575 5615 12576 5614 12576 5454 12576 5454 12577 5614 12577 5455 12577 5614 12578 5755 12578 5455 12578 5455 12579 5755 12579 5451 12579 5755 12580 5761 12580 5451 12580 5451 12581 5761 12581 5452 12581 5761 12582 5760 12582 5452 12582 5452 12583 5760 12583 5448 12583 5760 12584 5759 12584 5448 12584 5448 12585 5759 12585 5449 12585 5759 12586 5758 12586 5449 12586 5613 12587 6339 12587 5612 12587 6339 12588 5896 12588 5612 12588 6468 12589 6469 12589 6474 12589 6469 12590 6477 12590 6474 12590 5190 12591 6319 12591 5188 12591 6319 12592 5895 12592 5188 12592 6467 12593 6466 12593 6476 12593 6466 12594 6475 12594 6476 12594 6435 12595 6434 12595 5891 12595 6434 12596 5892 12596 5891 12596 6336 12597 5952 12597 6338 12597 5952 12598 5951 12598 6338 12598 5877 12599 5878 12599 5868 12599 5878 12600 6320 12600 5868 12600 5868 12601 6320 12601 5867 12601 6320 12602 6168 12602 5867 12602 5161 12603 5887 12603 5159 12603 5887 12604 5889 12604 5159 12604 6486 12605 6487 12605 6335 12605 6337 12606 6323 12606 6335 12606 6323 12607 6322 12607 6335 12607 6486 12608 6335 12608 6488 12608 6489 12609 6490 12609 6335 12609 6490 12610 6491 12610 6335 12610 6335 12611 6491 12611 6488 12611 6322 12612 6492 12612 6335 12612 6492 12613 6493 12613 6335 12613 6335 12614 6493 12614 6489 12614 5884 12615 6122 12615 6321 12615 5884 12616 6321 12616 5425 12616 6321 12617 5879 12617 5425 12617 5425 12618 5879 12618 5423 12618 5907 12619 5162 12619 6439 12619 5162 12620 5160 12620 6439 12620 6336 12621 6335 12621 6487 12621 6487 12622 6494 12622 6336 12622 6494 12623 6495 12623 6336 12623 6336 12624 6495 12624 6496 12624 6496 12625 6497 12625 6336 12625 6497 12626 6498 12626 6336 12626 6336 12627 6498 12627 6499 12627 6499 12628 6500 12628 6336 12628 6500 12629 6445 12629 6336 12629 6336 12630 6445 12630 5952 12630 5881 12631 5855 12631 5880 12631 5855 12632 5853 12632 5880 12632 6323 12633 6337 12633 5951 12633 6337 12634 6338 12634 5951 12634 5608 12635 5764 12635 5763 12635 5608 12636 5763 12636 5610 12636 5763 12637 5882 12637 5610 12637 5610 12638 5882 12638 5848 12638 5909 12639 5908 12639 6437 12639 5908 12640 6438 12640 6437 12640 6471 12641 6446 12641 5175 12641 5183 12642 6473 12642 5182 12642 6473 12643 6471 12643 5182 12643 5182 12644 6471 12644 5181 12644 5178 12645 5179 12645 6471 12645 5179 12646 5180 12646 6471 12646 6471 12647 5180 12647 5181 12647 5175 12648 5176 12648 6471 12648 5176 12649 5177 12649 6471 12649 6471 12650 5177 12650 5178 12650 6437 12651 6436 12651 5909 12651 6436 12652 5910 12652 5909 12652 6470 12653 5955 12653 6471 12653 5955 12654 6446 12654 6471 12654 5420 12655 5910 12655 5422 12655 5910 12656 6436 12656 5422 12656 5611 12657 5877 12657 5442 12657 5877 12658 5868 12658 5442 12658 5442 12659 5868 12659 5428 12659 5323 12660 5322 12660 6472 12660 5183 12661 5168 12661 6473 12661 5168 12662 5169 12662 6473 12662 6473 12663 5169 12663 5170 12663 5333 12664 5332 12664 6472 12664 5332 12665 5331 12665 6472 12665 6472 12666 5331 12666 5323 12666 5170 12667 5167 12667 6473 12667 5167 12668 5174 12668 6473 12668 6473 12669 5174 12669 5173 12669 5336 12670 5335 12670 6472 12670 5335 12671 5334 12671 6472 12671 6472 12672 5334 12672 5333 12672 5173 12673 5172 12673 6473 12673 5172 12674 5171 12674 6473 12674 6473 12675 5171 12675 6472 12675 5171 12676 5337 12676 6472 12676 6472 12677 5337 12677 5336 12677 5590 12678 5607 12678 5591 12678 5607 12679 5609 12679 5591 12679 5591 12680 5609 12680 5865 12680 5609 12681 5851 12681 5865 12681 5908 12682 5907 12682 6438 12682 5907 12683 6439 12683 6438 12683 6470 12684 6472 12684 5322 12684 5322 12685 5321 12685 6470 12685 5321 12686 5324 12686 6470 12686 6470 12687 5324 12687 5325 12687 5325 12688 5326 12688 6470 12688 5326 12689 5327 12689 6470 12689 6470 12690 5327 12690 5328 12690 5328 12691 5329 12691 6470 12691 5329 12692 5330 12692 6470 12692 6470 12693 5330 12693 5955 12693 6369 12694 6356 12694 6424 12694 6367 12695 6366 12695 6419 12695 6364 12696 6362 12696 6405 12696 6405 12697 6362 12697 6406 12697 6355 12698 6346 12698 6411 12698 6411 12699 6346 12699 6409 12699 6409 12700 6346 12700 6407 12700 6346 12701 6351 12701 6407 12701 6407 12702 6351 12702 6350 12702 6355 12703 6411 12703 6352 12703 6411 12704 6413 12704 6352 12704 6352 12705 6413 12705 6415 12705 6406 12706 6362 12706 6415 12706 6362 12707 6360 12707 6415 12707 6415 12708 6360 12708 6352 12708 6364 12709 6405 12709 6366 12709 6405 12710 6420 12710 6366 12710 6366 12711 6420 12711 6419 12711 6367 12712 6419 12712 6356 12712 6419 12713 6422 12713 6356 12713 6356 12714 6422 12714 6424 12714 6369 12715 6424 12715 6371 12715 6424 12716 6426 12716 6371 12716 6371 12717 6426 12717 6428 12717 6430 12718 6374 12718 6428 12718 6374 12719 6373 12719 6428 12719 6428 12720 6373 12720 6371 12720 6430 12721 6433 12721 6374 12721 6433 12722 5765 12722 6374 12722 6374 12723 5765 12723 5767 12723 6348 12724 6347 12724 6412 12724 6354 12725 6353 12725 6416 12725 6416 12726 6353 12726 6417 12726 6421 12727 6404 12727 6361 12727 6423 12728 6418 12728 6365 12728 6368 12729 6370 12729 6429 12729 6372 12730 6375 12730 6432 12730 6375 12731 5775 12731 6432 12731 6432 12732 5775 12732 5777 12732 6372 12733 6432 12733 6370 12733 6432 12734 6431 12734 6370 12734 6370 12735 6431 12735 6429 12735 6368 12736 6429 12736 6357 12736 6429 12737 6427 12737 6357 12737 6357 12738 6427 12738 6425 12738 6423 12739 6365 12739 6425 12739 6365 12740 6358 12740 6425 12740 6425 12741 6358 12741 6357 12741 6421 12742 6361 12742 6418 12742 6361 12743 6363 12743 6418 12743 6418 12744 6363 12744 6365 12744 6417 12745 6353 12745 6404 12745 6353 12746 6359 12746 6404 12746 6404 12747 6359 12747 6361 12747 6354 12748 6416 12748 6347 12748 6416 12749 6414 12749 6347 12749 6347 12750 6414 12750 6412 12750 6348 12751 6412 12751 6349 12751 6412 12752 6410 12752 6349 12752 6349 12753 6410 12753 6408 12753 6501 12754 6502 12754 6503 12754 6478 12755 6479 12755 6503 12755 6479 12756 6504 12756 6503 12756 6503 12757 6504 12757 6501 12757 6505 12758 6506 12758 6507 12758 6502 12759 6501 12759 6508 12759 6501 12760 6509 12760 6508 12760 6508 12761 6509 12761 6510 12761 6509 12762 6511 12762 6510 12762 6510 12763 6511 12763 6507 12763 6511 12764 6512 12764 6507 12764 6507 12765 6512 12765 6505 12765 6513 12766 6514 12766 6515 12766 6506 12767 6505 12767 6516 12767 6505 12768 6517 12768 6516 12768 6516 12769 6517 12769 6518 12769 6517 12770 6519 12770 6518 12770 6518 12771 6519 12771 6515 12771 6519 12772 6520 12772 6515 12772 6515 12773 6520 12773 6513 12773 6514 12774 6513 12774 6521 12774 6513 12775 6522 12775 6521 12775 6521 12776 6522 12776 6523 12776 6522 12777 6524 12777 6523 12777 6523 12778 6524 12778 6525 12778 6524 12779 6526 12779 6525 12779 6526 12780 6527 12780 6525 12780 6525 12781 6527 12781 6528 12781 6527 12782 5766 12782 6528 12782 6528 12783 5766 12783 5774 12783 6521 12784 6523 12784 6529 12784 6530 12785 6531 12785 6518 12785 6518 12786 6531 12786 6516 12786 6507 12787 6506 12787 6532 12787 6508 12788 6510 12788 6533 12788 6503 12789 6502 12789 6534 12789 6503 12790 6534 12790 6478 12790 6534 12791 6535 12791 6478 12791 6478 12792 6535 12792 6480 12792 6508 12793 6533 12793 6502 12793 6533 12794 6536 12794 6502 12794 6502 12795 6536 12795 6534 12795 6507 12796 6532 12796 6510 12796 6532 12797 6537 12797 6510 12797 6510 12798 6537 12798 6533 12798 6516 12799 6531 12799 6506 12799 6531 12800 6538 12800 6506 12800 6506 12801 6538 12801 6532 12801 6530 12802 6518 12802 6539 12802 6518 12803 6515 12803 6539 12803 6539 12804 6515 12804 6514 12804 6521 12805 6529 12805 6514 12805 6529 12806 6540 12806 6514 12806 6514 12807 6540 12807 6539 12807 6525 12808 6541 12808 6523 12808 6541 12809 6542 12809 6523 12809 6523 12810 6542 12810 6529 12810 6525 12811 6528 12811 6541 12811 6528 12812 5774 12812 6541 12812 6541 12813 5774 12813 5769 12813 6543 12814 6544 12814 6501 12814 6501 12815 6544 12815 6509 12815 6512 12816 6511 12816 6545 12816 6517 12817 6505 12817 6546 12817 6520 12818 6519 12818 6547 12818 6522 12819 6513 12819 6548 12819 6549 12820 6550 12820 6527 12820 6550 12821 5768 12821 6527 12821 6527 12822 5768 12822 5766 12822 6549 12823 6527 12823 6551 12823 6527 12824 6526 12824 6551 12824 6551 12825 6526 12825 6524 12825 6522 12826 6548 12826 6524 12826 6548 12827 6552 12827 6524 12827 6524 12828 6552 12828 6551 12828 6520 12829 6547 12829 6513 12829 6547 12830 6553 12830 6513 12830 6513 12831 6553 12831 6548 12831 6517 12832 6546 12832 6519 12832 6546 12833 6554 12833 6519 12833 6519 12834 6554 12834 6547 12834 6512 12835 6545 12835 6505 12835 6545 12836 6555 12836 6505 12836 6505 12837 6555 12837 6546 12837 6509 12838 6544 12838 6511 12838 6544 12839 6556 12839 6511 12839 6511 12840 6556 12840 6545 12840 6543 12841 6501 12841 6481 12841 6501 12842 6504 12842 6481 12842 6481 12843 6504 12843 6479 12843 6533 12844 6545 12844 6556 12844 6481 12845 6480 12845 6543 12845 6480 12846 6535 12846 6543 12846 6543 12847 6535 12847 6544 12847 6535 12848 6534 12848 6544 12848 6544 12849 6534 12849 6556 12849 6534 12850 6536 12850 6556 12850 6556 12851 6536 12851 6533 12851 6532 12852 6546 12852 6555 12852 6545 12853 6533 12853 6555 12853 6533 12854 6537 12854 6555 12854 6555 12855 6537 12855 6532 12855 6539 12856 6548 12856 6553 12856 6546 12857 6532 12857 6554 12857 6532 12858 6538 12858 6554 12858 6554 12859 6538 12859 6547 12859 6538 12860 6531 12860 6547 12860 6547 12861 6531 12861 6553 12861 6531 12862 6530 12862 6553 12862 6553 12863 6530 12863 6539 12863 6548 12864 6539 12864 6552 12864 6539 12865 6540 12865 6552 12865 6552 12866 6540 12866 6551 12866 6540 12867 6529 12867 6551 12867 6551 12868 6529 12868 6549 12868 6529 12869 6542 12869 6549 12869 6542 12870 6541 12870 6549 12870 6549 12871 6541 12871 6550 12871 6541 12872 5769 12872 6550 12872 6550 12873 5769 12873 5768 12873 6557 12874 6482 12874 6483 12874 6483 12875 6558 12875 6557 12875 6558 12876 6559 12876 6557 12876 6557 12877 6559 12877 6560 12877 6559 12878 6561 12878 6560 12878 6559 12879 6562 12879 6561 12879 6562 12880 6563 12880 6561 12880 6561 12881 6563 12881 6564 12881 6563 12882 6565 12882 6564 12882 6563 12883 6566 12883 6565 12883 6566 12884 6567 12884 6565 12884 6565 12885 6567 12885 6568 12885 6567 12886 6569 12886 6568 12886 6567 12887 6570 12887 6569 12887 6570 12888 6571 12888 6569 12888 6569 12889 6571 12889 6572 12889 6571 12890 6573 12890 6572 12890 6571 12891 6574 12891 6573 12891 6574 12892 6575 12892 6573 12892 6573 12893 6575 12893 6576 12893 6575 12894 6577 12894 6576 12894 6575 12895 6578 12895 6577 12895 6578 12896 6579 12896 6577 12896 6577 12897 6579 12897 6580 12897 6579 12898 6581 12898 6580 12898 6579 12899 6582 12899 6581 12899 6582 12900 6583 12900 6581 12900 6581 12901 6583 12901 6584 12901 6583 12902 5770 12902 6584 12902 6584 12903 5770 12903 5771 12903 6577 12904 6580 12904 6585 12904 6586 12905 6587 12905 6572 12905 6572 12906 6587 12906 6569 12906 6588 12907 6589 12907 6564 12907 6590 12908 6591 12908 6560 12908 6560 12909 6591 12909 6557 12909 6557 12910 6591 12910 6482 12910 6591 12911 6592 12911 6482 12911 6482 12912 6592 12912 6484 12912 6590 12913 6560 12913 6589 12913 6560 12914 6561 12914 6589 12914 6589 12915 6561 12915 6564 12915 6588 12916 6564 12916 6593 12916 6564 12917 6565 12917 6593 12917 6593 12918 6565 12918 6568 12918 6569 12919 6587 12919 6568 12919 6587 12920 6594 12920 6568 12920 6568 12921 6594 12921 6593 12921 6586 12922 6572 12922 6595 12922 6572 12923 6573 12923 6595 12923 6595 12924 6573 12924 6576 12924 6577 12925 6585 12925 6576 12925 6585 12926 6596 12926 6576 12926 6576 12927 6596 12927 6595 12927 6581 12928 6597 12928 6580 12928 6597 12929 6598 12929 6580 12929 6580 12930 6598 12930 6585 12930 6581 12931 6584 12931 6597 12931 6584 12932 5771 12932 6597 12932 6597 12933 5771 12933 5772 12933 6558 12934 6483 12934 6485 12934 6562 12935 6559 12935 6599 12935 6600 12936 6601 12936 6567 12936 6602 12937 6603 12937 6571 12937 6604 12938 6605 12938 6575 12938 6606 12939 6607 12939 6579 12939 6579 12940 6607 12940 6582 12940 5770 12941 6583 12941 5773 12941 6583 12942 6608 12942 5773 12942 6582 12943 6607 12943 6583 12943 6607 12944 6609 12944 6583 12944 6583 12945 6609 12945 6608 12945 6606 12946 6579 12946 6605 12946 6579 12947 6578 12947 6605 12947 6605 12948 6578 12948 6575 12948 6604 12949 6575 12949 6603 12949 6575 12950 6574 12950 6603 12950 6603 12951 6574 12951 6571 12951 6602 12952 6571 12952 6601 12952 6571 12953 6570 12953 6601 12953 6601 12954 6570 12954 6567 12954 6600 12955 6567 12955 6610 12955 6567 12956 6566 12956 6610 12956 6610 12957 6566 12957 6563 12957 6562 12958 6599 12958 6563 12958 6599 12959 6611 12959 6563 12959 6563 12960 6611 12960 6610 12960 6558 12961 6485 12961 6559 12961 6485 12962 6612 12962 6559 12962 6559 12963 6612 12963 6599 12963 6589 12964 6610 12964 6611 12964 6485 12965 6484 12965 6612 12965 6484 12966 6592 12966 6612 12966 6612 12967 6592 12967 6599 12967 6592 12968 6591 12968 6599 12968 6599 12969 6591 12969 6611 12969 6591 12970 6590 12970 6611 12970 6611 12971 6590 12971 6589 12971 6593 12972 6601 12972 6600 12972 6610 12973 6589 12973 6600 12973 6589 12974 6588 12974 6600 12974 6600 12975 6588 12975 6593 12975 6587 12976 6603 12976 6602 12976 6601 12977 6593 12977 6602 12977 6593 12978 6594 12978 6602 12978 6602 12979 6594 12979 6587 12979 6585 12980 6607 12980 6606 12980 6603 12981 6587 12981 6604 12981 6587 12982 6586 12982 6604 12982 6604 12983 6586 12983 6605 12983 6586 12984 6595 12984 6605 12984 6605 12985 6595 12985 6606 12985 6595 12986 6596 12986 6606 12986 6606 12987 6596 12987 6585 12987 6607 12988 6585 12988 6609 12988 6585 12989 6598 12989 6609 12989 6609 12990 6598 12990 6608 12990 6598 12991 6597 12991 6608 12991 6597 12992 5772 12992 6608 12992 6608 12993 5772 12993 5773 12993 6313 12994 5918 12994 5917 12994 6313 12995 5917 12995 6441 12995 5917 12996 5916 12996 6441 12996 6441 12997 5916 12997 6442 12997 5916 12998 5920 12998 6442 12998 6442 12999 5920 12999 6443 12999 5920 13000 5919 13000 6443 13000 6443 13001 5919 13001 6444 13001 5919 13002 5915 13002 6444 13002 6444 13003 5915 13003 6309 13003 5811 13004 5810 13004 6613 13004 5807 13005 5806 13005 6614 13005 5800 13006 5799 13006 6615 13006 5781 13007 6616 13007 5787 13007 5784 13008 6617 13008 5785 13008 6395 13009 6394 13009 6618 13009 6619 13010 5206 13010 5196 13010 6620 13011 5207 13011 5206 13011 6621 13012 5208 13012 5207 13012 6622 13013 5204 13013 5208 13013 5201 13014 5205 13014 6623 13014 5205 13015 5204 13015 6623 13015 6624 13016 5872 13016 5201 13016 5876 13017 5875 13017 6378 13017 5875 13018 6625 13018 6378 13018 6378 13019 6625 13019 6379 13019 6625 13020 6626 13020 6379 13020 6379 13021 6626 13021 6380 13021 6380 13022 6626 13022 6381 13022 6626 13023 6627 13023 6381 13023 6381 13024 6627 13024 6382 13024 6382 13025 6627 13025 6383 13025 6627 13026 6628 13026 6383 13026 6383 13027 6628 13027 6384 13027 6384 13028 6628 13028 6385 13028 6628 13029 6629 13029 6385 13029 6385 13030 6629 13030 6386 13030 6629 13031 6630 13031 6386 13031 6386 13032 6630 13032 6391 13032 6391 13033 6630 13033 6392 13033 6630 13034 6631 13034 6392 13034 6392 13035 6631 13035 6393 13035 6402 13036 6399 13036 6632 13036 6399 13037 6398 13037 6632 13037 6632 13038 6398 13038 6633 13038 6398 13039 6397 13039 6633 13039 6618 13040 6394 13040 6634 13040 6394 13041 6388 13041 6634 13041 6388 13042 6387 13042 6634 13042 6634 13043 6387 13043 6632 13043 6387 13044 6403 13044 6632 13044 6632 13045 6403 13045 6402 13045 6400 13046 6635 13046 6401 13046 6635 13047 6376 13047 6401 13047 6376 13048 6635 13048 6377 13048 6635 13049 6636 13049 6377 13049 6377 13050 6636 13050 6389 13050 6009 13051 5216 13051 6637 13051 5216 13052 5219 13052 6637 13052 6637 13053 5219 13053 6636 13053 5219 13054 6390 13054 6636 13054 6636 13055 6390 13055 6389 13055 5776 13056 5959 13056 5778 13056 5959 13057 6638 13057 5778 13057 6639 13058 5782 13058 6638 13058 5782 13059 5779 13059 6638 13059 6638 13060 5779 13060 5778 13060 5785 13061 6617 13061 5786 13061 6617 13062 6640 13062 5786 13062 5786 13063 6640 13063 5780 13063 5787 13064 6616 13064 5788 13064 6616 13065 6641 13065 5788 13065 5788 13066 6641 13066 5789 13066 5789 13067 6641 13067 5790 13067 6641 13068 6642 13068 5790 13068 5790 13069 6642 13069 5791 13069 5791 13070 6642 13070 5792 13070 6642 13071 6643 13071 5792 13071 5792 13072 6643 13072 5793 13072 5794 13073 6644 13073 5795 13073 6644 13074 5796 13074 5795 13074 5800 13075 6615 13075 5801 13075 6166 13076 5814 13076 6645 13076 5814 13077 5815 13077 6645 13077 6645 13078 5815 13078 6646 13078 5815 13079 5812 13079 6646 13079 6646 13080 5812 13080 5811 13080 6647 13081 6648 13081 5970 13081 6648 13082 5958 13082 5970 13082 5970 13083 5958 13083 5957 13083 5970 13084 5972 13084 6647 13084 5972 13085 5973 13085 6647 13085 6647 13086 5973 13086 6649 13086 5973 13087 5975 13087 6649 13087 5975 13088 5976 13088 6649 13088 6649 13089 5976 13089 6650 13089 5976 13090 5978 13090 6650 13090 5978 13091 5979 13091 6650 13091 6650 13092 5979 13092 6651 13092 5979 13093 5981 13093 6651 13093 5981 13094 5982 13094 6651 13094 6651 13095 5982 13095 6652 13095 5982 13096 5984 13096 6652 13096 5984 13097 5985 13097 6652 13097 6652 13098 5985 13098 6653 13098 5985 13099 5987 13099 6653 13099 5987 13100 5988 13100 6653 13100 6653 13101 5988 13101 6654 13101 5988 13102 5990 13102 6654 13102 5990 13103 5991 13103 6654 13103 6654 13104 5991 13104 6655 13104 5991 13105 5993 13105 6655 13105 5993 13106 5994 13106 6655 13106 6655 13107 5994 13107 6656 13107 5994 13108 5996 13108 6656 13108 5996 13109 5997 13109 6656 13109 6656 13110 5997 13110 6657 13110 5997 13111 5999 13111 6657 13111 5999 13112 6000 13112 6657 13112 6657 13113 6000 13113 6658 13113 6000 13114 6002 13114 6658 13114 6002 13115 6003 13115 6658 13115 6658 13116 6003 13116 6659 13116 6003 13117 6005 13117 6659 13117 6005 13118 6006 13118 6659 13118 6659 13119 6006 13119 6637 13119 6006 13120 6008 13120 6637 13120 6637 13121 6008 13121 6009 13121 6660 13122 6163 13122 6645 13122 6163 13123 6165 13123 6645 13123 6645 13124 6165 13124 6166 13124 6395 13125 6618 13125 6396 13125 6618 13126 6661 13126 6396 13126 6396 13127 6661 13127 6400 13127 6661 13128 6662 13128 6400 13128 6400 13129 6662 13129 6635 13129 6662 13130 6663 13130 6635 13130 6635 13131 6663 13131 6636 13131 6663 13132 6664 13132 6636 13132 6636 13133 6664 13133 6637 13133 6664 13134 6665 13134 6637 13134 6637 13135 6665 13135 6659 13135 6665 13136 6666 13136 6659 13136 6659 13137 6666 13137 6658 13137 6666 13138 6667 13138 6658 13138 6658 13139 6667 13139 6657 13139 6667 13140 6668 13140 6657 13140 6657 13141 6668 13141 6656 13141 6668 13142 6669 13142 6656 13142 6656 13143 6669 13143 6655 13143 6669 13144 6670 13144 6655 13144 6655 13145 6670 13145 6654 13145 6670 13146 6671 13146 6654 13146 6654 13147 6671 13147 6653 13147 6671 13148 6672 13148 6653 13148 6653 13149 6672 13149 6652 13149 6672 13150 6673 13150 6652 13150 6652 13151 6673 13151 6651 13151 6673 13152 6674 13152 6651 13152 6651 13153 6674 13153 6650 13153 6674 13154 6675 13154 6650 13154 6650 13155 6675 13155 6649 13155 6675 13156 6639 13156 6649 13156 6649 13157 6639 13157 6647 13157 6639 13158 6638 13158 6647 13158 6647 13159 6638 13159 6648 13159 6638 13160 5959 13160 6648 13160 6648 13161 5959 13161 5958 13161 6676 13162 6677 13162 6157 13162 6157 13163 6159 13163 6676 13163 6159 13164 6160 13164 6676 13164 6676 13165 6160 13165 6660 13165 6160 13166 6162 13166 6660 13166 6660 13167 6162 13167 6163 13167 6678 13168 6679 13168 6151 13168 6151 13169 6153 13169 6678 13169 6153 13170 6154 13170 6678 13170 6678 13171 6154 13171 6677 13171 6154 13172 6156 13172 6677 13172 6677 13173 6156 13173 6157 13173 6393 13174 6631 13174 6397 13174 6631 13175 6680 13175 6397 13175 6397 13176 6680 13176 6633 13176 6680 13177 6681 13177 6633 13177 6633 13178 6681 13178 6632 13178 6681 13179 6682 13179 6632 13179 6632 13180 6682 13180 6634 13180 6682 13181 6683 13181 6634 13181 6634 13182 6683 13182 6618 13182 6683 13183 6684 13183 6618 13183 6618 13184 6684 13184 6661 13184 6684 13185 6685 13185 6661 13185 6661 13186 6685 13186 6662 13186 6685 13187 6686 13187 6662 13187 6662 13188 6686 13188 6663 13188 6686 13189 6687 13189 6663 13189 6663 13190 6687 13190 6664 13190 6687 13191 6688 13191 6664 13191 6664 13192 6688 13192 6665 13192 6688 13193 6689 13193 6665 13193 6665 13194 6689 13194 6666 13194 6689 13195 6690 13195 6666 13195 6666 13196 6690 13196 6667 13196 6690 13197 6691 13197 6667 13197 6667 13198 6691 13198 6668 13198 6691 13199 6692 13199 6668 13199 6668 13200 6692 13200 6669 13200 6692 13201 6693 13201 6669 13201 6669 13202 6693 13202 6670 13202 6693 13203 6694 13203 6670 13203 6670 13204 6694 13204 6671 13204 6694 13205 6695 13205 6671 13205 6671 13206 6695 13206 6672 13206 6695 13207 6696 13207 6672 13207 6672 13208 6696 13208 6673 13208 6696 13209 6640 13209 6673 13209 6673 13210 6640 13210 6674 13210 6640 13211 6617 13211 6674 13211 6674 13212 6617 13212 6675 13212 6617 13213 5784 13213 6675 13213 6675 13214 5784 13214 6639 13214 5784 13215 5783 13215 6639 13215 6639 13216 5783 13216 5782 13216 6697 13217 6698 13217 6145 13217 6145 13218 6147 13218 6697 13218 6147 13219 6148 13219 6697 13219 6697 13220 6148 13220 6679 13220 6148 13221 6150 13221 6679 13221 6679 13222 6150 13222 6151 13222 6699 13223 6700 13223 6139 13223 6139 13224 6141 13224 6699 13224 6141 13225 6142 13225 6699 13225 6699 13226 6142 13226 6698 13226 6142 13227 6144 13227 6698 13227 6698 13228 6144 13228 6145 13228 6701 13229 6702 13229 6133 13229 6133 13230 6135 13230 6701 13230 6135 13231 6136 13231 6701 13231 6701 13232 6136 13232 6700 13232 6136 13233 6138 13233 6700 13233 6700 13234 6138 13234 6139 13234 6127 13235 6129 13235 6703 13235 6129 13236 6130 13236 6703 13236 6703 13237 6130 13237 6702 13237 6130 13238 6132 13238 6702 13238 6702 13239 6132 13239 6133 13239 5195 13240 5902 13240 5196 13240 5902 13241 6704 13241 5196 13241 5196 13242 6704 13242 6619 13242 6704 13243 6705 13243 6619 13243 6619 13244 6705 13244 6706 13244 6705 13245 6707 13245 6706 13245 6706 13246 6707 13246 6708 13246 6707 13247 6709 13247 6708 13247 6708 13248 6709 13248 6710 13248 6709 13249 6711 13249 6710 13249 6710 13250 6711 13250 6712 13250 6711 13251 6713 13251 6712 13251 6712 13252 6713 13252 6714 13252 6713 13253 6715 13253 6714 13253 6714 13254 6715 13254 6716 13254 6715 13255 6717 13255 6716 13255 6716 13256 6717 13256 6718 13256 6717 13257 6719 13257 6718 13257 6718 13258 6719 13258 6720 13258 6719 13259 6721 13259 6720 13259 6720 13260 6721 13260 6722 13260 6721 13261 6723 13261 6722 13261 6722 13262 6723 13262 6724 13262 6723 13263 6725 13263 6724 13263 6724 13264 6725 13264 6726 13264 6725 13265 6727 13265 6726 13265 6726 13266 6727 13266 6728 13266 6727 13267 6729 13267 6728 13267 6728 13268 6729 13268 6730 13268 6729 13269 6613 13269 6730 13269 6730 13270 6613 13270 6731 13270 6613 13271 5810 13271 6731 13271 6731 13272 5810 13272 6732 13272 5810 13273 5809 13273 6732 13273 6732 13274 5809 13274 5808 13274 5206 13275 6619 13275 6620 13275 6619 13276 6706 13276 6620 13276 6620 13277 6706 13277 6733 13277 6706 13278 6708 13278 6733 13278 6733 13279 6708 13279 6734 13279 6708 13280 6710 13280 6734 13280 6734 13281 6710 13281 6735 13281 6710 13282 6712 13282 6735 13282 6735 13283 6712 13283 6736 13283 6712 13284 6714 13284 6736 13284 6736 13285 6714 13285 6737 13285 6714 13286 6716 13286 6737 13286 6737 13287 6716 13287 6738 13287 6716 13288 6718 13288 6738 13288 6738 13289 6718 13289 6739 13289 6718 13290 6720 13290 6739 13290 6739 13291 6720 13291 6740 13291 6720 13292 6722 13292 6740 13292 6740 13293 6722 13293 6741 13293 6722 13294 6724 13294 6741 13294 6741 13295 6724 13295 6742 13295 6724 13296 6726 13296 6742 13296 6742 13297 6726 13297 6743 13297 6726 13298 6728 13298 6743 13298 6743 13299 6728 13299 6744 13299 6728 13300 6730 13300 6744 13300 6744 13301 6730 13301 6745 13301 6730 13302 6731 13302 6745 13302 6745 13303 6731 13303 6746 13303 6731 13304 6732 13304 6746 13304 6746 13305 6732 13305 6614 13305 6732 13306 5808 13306 6614 13306 6614 13307 5808 13307 5807 13307 5207 13308 6620 13308 6621 13308 6620 13309 6733 13309 6621 13309 6621 13310 6733 13310 6747 13310 6733 13311 6734 13311 6747 13311 6747 13312 6734 13312 6748 13312 6734 13313 6735 13313 6748 13313 6748 13314 6735 13314 6749 13314 6735 13315 6736 13315 6749 13315 6749 13316 6736 13316 6750 13316 6736 13317 6737 13317 6750 13317 6750 13318 6737 13318 6751 13318 6737 13319 6738 13319 6751 13319 6751 13320 6738 13320 6752 13320 6738 13321 6739 13321 6752 13321 6752 13322 6739 13322 6753 13322 6739 13323 6740 13323 6753 13323 6753 13324 6740 13324 6754 13324 6740 13325 6741 13325 6754 13325 6754 13326 6741 13326 6755 13326 6741 13327 6742 13327 6755 13327 6755 13328 6742 13328 6756 13328 6742 13329 6743 13329 6756 13329 6756 13330 6743 13330 6757 13330 6743 13331 6744 13331 6757 13331 6757 13332 6744 13332 6758 13332 6744 13333 6745 13333 6758 13333 6758 13334 6745 13334 6759 13334 6745 13335 6746 13335 6759 13335 6759 13336 6746 13336 6760 13336 6746 13337 6614 13337 6760 13337 6760 13338 6614 13338 6761 13338 6614 13339 5806 13339 6761 13339 6761 13340 5806 13340 6762 13340 5806 13341 5805 13341 6762 13341 6762 13342 5805 13342 5804 13342 5208 13343 6621 13343 6622 13343 6621 13344 6747 13344 6622 13344 6622 13345 6747 13345 6763 13345 6747 13346 6748 13346 6763 13346 6763 13347 6748 13347 6764 13347 6748 13348 6749 13348 6764 13348 6764 13349 6749 13349 6765 13349 6749 13350 6750 13350 6765 13350 6765 13351 6750 13351 6766 13351 6750 13352 6751 13352 6766 13352 6766 13353 6751 13353 6767 13353 6751 13354 6752 13354 6767 13354 6767 13355 6752 13355 6768 13355 6752 13356 6753 13356 6768 13356 6768 13357 6753 13357 6769 13357 6753 13358 6754 13358 6769 13358 6769 13359 6754 13359 6770 13359 6754 13360 6755 13360 6770 13360 6770 13361 6755 13361 6771 13361 6755 13362 6756 13362 6771 13362 6771 13363 6756 13363 6772 13363 6756 13364 6757 13364 6772 13364 6772 13365 6757 13365 6773 13365 6757 13366 6758 13366 6773 13366 6773 13367 6758 13367 6774 13367 6758 13368 6759 13368 6774 13368 6774 13369 6759 13369 6775 13369 6759 13370 6760 13370 6775 13370 6775 13371 6760 13371 6776 13371 6760 13372 6761 13372 6776 13372 6776 13373 6761 13373 6777 13373 6761 13374 6762 13374 6777 13374 6777 13375 6762 13375 6778 13375 6762 13376 5804 13376 6778 13376 6778 13377 5804 13377 6779 13377 5804 13378 5803 13378 6779 13378 6779 13379 5803 13379 5802 13379 5204 13380 6622 13380 6623 13380 6622 13381 6763 13381 6623 13381 6623 13382 6763 13382 6780 13382 6763 13383 6764 13383 6780 13383 6780 13384 6764 13384 6781 13384 6764 13385 6765 13385 6781 13385 6781 13386 6765 13386 6782 13386 6765 13387 6766 13387 6782 13387 6782 13388 6766 13388 6783 13388 6766 13389 6767 13389 6783 13389 6783 13390 6767 13390 6784 13390 6767 13391 6768 13391 6784 13391 6784 13392 6768 13392 6785 13392 6768 13393 6769 13393 6785 13393 6785 13394 6769 13394 6786 13394 6769 13395 6770 13395 6786 13395 6786 13396 6770 13396 6787 13396 6770 13397 6771 13397 6787 13397 6787 13398 6771 13398 6788 13398 6771 13399 6772 13399 6788 13399 6788 13400 6772 13400 6789 13400 6772 13401 6773 13401 6789 13401 6789 13402 6773 13402 6790 13402 6773 13403 6774 13403 6790 13403 6790 13404 6774 13404 6791 13404 6774 13405 6775 13405 6791 13405 6791 13406 6775 13406 6792 13406 6775 13407 6776 13407 6792 13407 6792 13408 6776 13408 6793 13408 6776 13409 6777 13409 6793 13409 6793 13410 6777 13410 6794 13410 6777 13411 6778 13411 6794 13411 6794 13412 6778 13412 6795 13412 6778 13413 6779 13413 6795 13413 6795 13414 6779 13414 6615 13414 6779 13415 5802 13415 6615 13415 6615 13416 5802 13416 5801 13416 5201 13417 6623 13417 6624 13417 6623 13418 6780 13418 6624 13418 6624 13419 6780 13419 6796 13419 6780 13420 6781 13420 6796 13420 6796 13421 6781 13421 6797 13421 6781 13422 6782 13422 6797 13422 6797 13423 6782 13423 6798 13423 6782 13424 6783 13424 6798 13424 6798 13425 6783 13425 6799 13425 6783 13426 6784 13426 6799 13426 6799 13427 6784 13427 6800 13427 6784 13428 6785 13428 6800 13428 6800 13429 6785 13429 6801 13429 6785 13430 6786 13430 6801 13430 6801 13431 6786 13431 6802 13431 6786 13432 6787 13432 6802 13432 6802 13433 6787 13433 6803 13433 6787 13434 6788 13434 6803 13434 6803 13435 6788 13435 6804 13435 6788 13436 6789 13436 6804 13436 6804 13437 6789 13437 6805 13437 6789 13438 6790 13438 6805 13438 6805 13439 6790 13439 6806 13439 6790 13440 6791 13440 6806 13440 6806 13441 6791 13441 6807 13441 6791 13442 6792 13442 6807 13442 6807 13443 6792 13443 6808 13443 6792 13444 6793 13444 6808 13444 6808 13445 6793 13445 6809 13445 6793 13446 6794 13446 6809 13446 6809 13447 6794 13447 6810 13447 6794 13448 6795 13448 6810 13448 6810 13449 6795 13449 6811 13449 6795 13450 6615 13450 6811 13450 6811 13451 6615 13451 6812 13451 6615 13452 5799 13452 6812 13452 6812 13453 5799 13453 6813 13453 5799 13454 5798 13454 6813 13454 6813 13455 5798 13455 5797 13455 6703 13456 6814 13456 6127 13456 6814 13457 5901 13457 6127 13457 6127 13458 5901 13458 5900 13458 5811 13459 6613 13459 6646 13459 6613 13460 6729 13460 6646 13460 6646 13461 6729 13461 6645 13461 6729 13462 6727 13462 6645 13462 6645 13463 6727 13463 6660 13463 6727 13464 6725 13464 6660 13464 6660 13465 6725 13465 6676 13465 6725 13466 6723 13466 6676 13466 6676 13467 6723 13467 6677 13467 6723 13468 6721 13468 6677 13468 6677 13469 6721 13469 6678 13469 6721 13470 6719 13470 6678 13470 6678 13471 6719 13471 6679 13471 6719 13472 6717 13472 6679 13472 6679 13473 6717 13473 6697 13473 6717 13474 6715 13474 6697 13474 6697 13475 6715 13475 6698 13475 6715 13476 6713 13476 6698 13476 6698 13477 6713 13477 6699 13477 6713 13478 6711 13478 6699 13478 6699 13479 6711 13479 6700 13479 6711 13480 6709 13480 6700 13480 6700 13481 6709 13481 6701 13481 6709 13482 6707 13482 6701 13482 6701 13483 6707 13483 6702 13483 6707 13484 6705 13484 6702 13484 6702 13485 6705 13485 6703 13485 6705 13486 6704 13486 6703 13486 6703 13487 6704 13487 6814 13487 6704 13488 5902 13488 6814 13488 6814 13489 5902 13489 5901 13489 5796 13490 6644 13490 5797 13490 6644 13491 6815 13491 5797 13491 5797 13492 6815 13492 6813 13492 6815 13493 6816 13493 6813 13493 6813 13494 6816 13494 6812 13494 6816 13495 6817 13495 6812 13495 6812 13496 6817 13496 6811 13496 6817 13497 6818 13497 6811 13497 6811 13498 6818 13498 6810 13498 6818 13499 6819 13499 6810 13499 6810 13500 6819 13500 6809 13500 6819 13501 6820 13501 6809 13501 6809 13502 6820 13502 6808 13502 6820 13503 6821 13503 6808 13503 6808 13504 6821 13504 6807 13504 6821 13505 6822 13505 6807 13505 6807 13506 6822 13506 6806 13506 6822 13507 6823 13507 6806 13507 6806 13508 6823 13508 6805 13508 6823 13509 6824 13509 6805 13509 6805 13510 6824 13510 6804 13510 6824 13511 6825 13511 6804 13511 6804 13512 6825 13512 6803 13512 6825 13513 6826 13513 6803 13513 6803 13514 6826 13514 6802 13514 6826 13515 6827 13515 6802 13515 6802 13516 6827 13516 6801 13516 6827 13517 6828 13517 6801 13517 6801 13518 6828 13518 6800 13518 6828 13519 6829 13519 6800 13519 6800 13520 6829 13520 6799 13520 6829 13521 6830 13521 6799 13521 6799 13522 6830 13522 6798 13522 6830 13523 6831 13523 6798 13523 6798 13524 6831 13524 6797 13524 6831 13525 6832 13525 6797 13525 6797 13526 6832 13526 6796 13526 6832 13527 6833 13527 6796 13527 6796 13528 6833 13528 6624 13528 6833 13529 5871 13529 6624 13529 6624 13530 5871 13530 5872 13530 5793 13531 6643 13531 5794 13531 6643 13532 6834 13532 5794 13532 5794 13533 6834 13533 6644 13533 6834 13534 6835 13534 6644 13534 6644 13535 6835 13535 6815 13535 6835 13536 6836 13536 6815 13536 6815 13537 6836 13537 6816 13537 6836 13538 6837 13538 6816 13538 6816 13539 6837 13539 6817 13539 6837 13540 6838 13540 6817 13540 6817 13541 6838 13541 6818 13541 6838 13542 6839 13542 6818 13542 6818 13543 6839 13543 6819 13543 6839 13544 6840 13544 6819 13544 6819 13545 6840 13545 6820 13545 6840 13546 6841 13546 6820 13546 6820 13547 6841 13547 6821 13547 6841 13548 6842 13548 6821 13548 6821 13549 6842 13549 6822 13549 6842 13550 6843 13550 6822 13550 6822 13551 6843 13551 6823 13551 6843 13552 6844 13552 6823 13552 6823 13553 6844 13553 6824 13553 6844 13554 6845 13554 6824 13554 6824 13555 6845 13555 6825 13555 6845 13556 6846 13556 6825 13556 6825 13557 6846 13557 6826 13557 6846 13558 6847 13558 6826 13558 6826 13559 6847 13559 6827 13559 6847 13560 6848 13560 6827 13560 6827 13561 6848 13561 6828 13561 6848 13562 6849 13562 6828 13562 6828 13563 6849 13563 6829 13563 6849 13564 6850 13564 6829 13564 6829 13565 6850 13565 6830 13565 6850 13566 6851 13566 6830 13566 6830 13567 6851 13567 6831 13567 6851 13568 6852 13568 6831 13568 6831 13569 6852 13569 6832 13569 6852 13570 6853 13570 6832 13570 6832 13571 6853 13571 6833 13571 6853 13572 5873 13572 6833 13572 6833 13573 5873 13573 5871 13573 6641 13574 6854 13574 6642 13574 6854 13575 6855 13575 6642 13575 6642 13576 6855 13576 6643 13576 6855 13577 6856 13577 6643 13577 6643 13578 6856 13578 6834 13578 6856 13579 6857 13579 6834 13579 6834 13580 6857 13580 6835 13580 6857 13581 6858 13581 6835 13581 6835 13582 6858 13582 6836 13582 6858 13583 6859 13583 6836 13583 6836 13584 6859 13584 6837 13584 6859 13585 6860 13585 6837 13585 6837 13586 6860 13586 6838 13586 6860 13587 6861 13587 6838 13587 6838 13588 6861 13588 6839 13588 6861 13589 6862 13589 6839 13589 6839 13590 6862 13590 6840 13590 6862 13591 6863 13591 6840 13591 6840 13592 6863 13592 6841 13592 6863 13593 6864 13593 6841 13593 6841 13594 6864 13594 6842 13594 6864 13595 6865 13595 6842 13595 6842 13596 6865 13596 6843 13596 6865 13597 6866 13597 6843 13597 6843 13598 6866 13598 6844 13598 6866 13599 6867 13599 6844 13599 6844 13600 6867 13600 6845 13600 6867 13601 6868 13601 6845 13601 6845 13602 6868 13602 6846 13602 6868 13603 6869 13603 6846 13603 6846 13604 6869 13604 6847 13604 6869 13605 6870 13605 6847 13605 6847 13606 6870 13606 6848 13606 6870 13607 6871 13607 6848 13607 6848 13608 6871 13608 6849 13608 6871 13609 6872 13609 6849 13609 6849 13610 6872 13610 6850 13610 6872 13611 6873 13611 6850 13611 6850 13612 6873 13612 6851 13612 6873 13613 6874 13613 6851 13613 6851 13614 6874 13614 6852 13614 6874 13615 6875 13615 6852 13615 6852 13616 6875 13616 6853 13616 6875 13617 5874 13617 6853 13617 6853 13618 5874 13618 5873 13618 5780 13619 6640 13619 5781 13619 6640 13620 6696 13620 5781 13620 5781 13621 6696 13621 6616 13621 6696 13622 6695 13622 6616 13622 6616 13623 6695 13623 6641 13623 6695 13624 6694 13624 6641 13624 6641 13625 6694 13625 6854 13625 6694 13626 6693 13626 6854 13626 6854 13627 6693 13627 6855 13627 6693 13628 6692 13628 6855 13628 6855 13629 6692 13629 6856 13629 6692 13630 6691 13630 6856 13630 6856 13631 6691 13631 6857 13631 6691 13632 6690 13632 6857 13632 6857 13633 6690 13633 6858 13633 6690 13634 6689 13634 6858 13634 6858 13635 6689 13635 6859 13635 6689 13636 6688 13636 6859 13636 6859 13637 6688 13637 6860 13637 6688 13638 6687 13638 6860 13638 6860 13639 6687 13639 6861 13639 6687 13640 6686 13640 6861 13640 6861 13641 6686 13641 6862 13641 6686 13642 6685 13642 6862 13642 6862 13643 6685 13643 6863 13643 6685 13644 6684 13644 6863 13644 6863 13645 6684 13645 6864 13645 6684 13646 6683 13646 6864 13646 6864 13647 6683 13647 6865 13647 6683 13648 6682 13648 6865 13648 6865 13649 6682 13649 6866 13649 6682 13650 6681 13650 6866 13650 6866 13651 6681 13651 6867 13651 6681 13652 6680 13652 6867 13652 6867 13653 6680 13653 6868 13653 6680 13654 6631 13654 6868 13654 6868 13655 6631 13655 6869 13655 6631 13656 6630 13656 6869 13656 6869 13657 6630 13657 6870 13657 6630 13658 6629 13658 6870 13658 6870 13659 6629 13659 6871 13659 6629 13660 6628 13660 6871 13660 6871 13661 6628 13661 6872 13661 6628 13662 6627 13662 6872 13662 6872 13663 6627 13663 6873 13663 6627 13664 6626 13664 6873 13664 6873 13665 6626 13665 6874 13665 6626 13666 6625 13666 6874 13666 6874 13667 6625 13667 6875 13667 6625 13668 5875 13668 6875 13668 6875 13669 5875 13669 5874 13669 5319 13670 5320 13670 5184 13670 5320 13671 5185 13671 5184 13671 6340 13672 5158 13672 5417 13672 5386 13673 6465 13673 5390 13673 6465 13674 6464 13674 5390 13674 5390 13675 6464 13675 5391 13675 6464 13676 6463 13676 5391 13676 5391 13677 6463 13677 5418 13677 6463 13678 6462 13678 5418 13678 5418 13679 6462 13679 5417 13679 6462 13680 6461 13680 5417 13680 5417 13681 6461 13681 6340 13681 6455 13682 6456 13682 5380 13682 6456 13683 6460 13683 5380 13683 6460 13684 6459 13684 5380 13684 5380 13685 6459 13685 5385 13685 6459 13686 6458 13686 5385 13686 5385 13687 6458 13687 5386 13687 6458 13688 6457 13688 5386 13688 5386 13689 6457 13689 6465 13689 6454 13690 6453 13690 5375 13690 5380 13691 5379 13691 6455 13691 5379 13692 5375 13692 6455 13692 6455 13693 5375 13693 6452 13693 5375 13694 6453 13694 6452 13694 6451 13695 6450 13695 5372 13695 5375 13696 5373 13696 6454 13696 5373 13697 5372 13697 6454 13697 6454 13698 5372 13698 6449 13698 5372 13699 6450 13699 6449 13699 6447 13700 5366 13700 6333 13700 5366 13701 5355 13701 6333 13701 6333 13702 5355 13702 5354 13702 5372 13703 5367 13703 6451 13703 5367 13704 5366 13704 6451 13704 6451 13705 5366 13705 6448 13705 5366 13706 6447 13706 6448 13706 5340 13707 5341 13707 5593 13707 5341 13708 5594 13708 5593 13708 6494 13709 6487 13709 5376 13709 6487 13710 6486 13710 5376 13710 5376 13711 6486 13711 5371 13711 6486 13712 5369 13712 5371 13712 6494 13713 5376 13713 6495 13713 5376 13714 5378 13714 6495 13714 6495 13715 5378 13715 6496 13715 5378 13716 5382 13716 6496 13716 6496 13717 5382 13717 6497 13717 5382 13718 5384 13718 6497 13718 6497 13719 5384 13719 6498 13719 5384 13720 5388 13720 6498 13720 6498 13721 5388 13721 6499 13721 5388 13722 5389 13722 6499 13722 6499 13723 5389 13723 6500 13723 5389 13724 5392 13724 6500 13724 5392 13725 5144 13725 6500 13725 6500 13726 5144 13726 6445 13726 6486 13727 6488 13727 5369 13727 6488 13728 6491 13728 5369 13728 5369 13729 6491 13729 5365 13729 6491 13730 6490 13730 5365 13730 5365 13731 6490 13731 5363 13731 6490 13732 6489 13732 5363 13732 5363 13733 6489 13733 5361 13733 6489 13734 6493 13734 5361 13734 5361 13735 6493 13735 5359 13735 6493 13736 6492 13736 5359 13736 5359 13737 6492 13737 5358 13737 6492 13738 6322 13738 5358 13738 5358 13739 6322 13739 5354 13739</p>
        </triangles>
      </mesh>
    </geometry>
  </library_geometries>
  <library_visual_scenes>
    <visual_scene id="Scene" name="Scene">
      <node id="gripper" name="gripper" type="NODE">
        <matrix sid="transform">-4.37114e-8 -1 0 -4.52746e-8 1 -4.37114e-8 0 0.01 0 0 1 1.52787e-8 0 0 0 1</matrix>
        <instance_geometry url="#gripper-mesh" name="gripper"/>
      </node>
    </visual_scene>
  </library_visual_scenes>
  <scene>
    <instance_visual_scene url="#Scene"/>
  </scene>
</COLLADA>